{"r2": 0.9985655655781209, "mae": 2.6472300208597503}