{"r2": 0.9208033712918328, "mae": 20.92432055434775}