{"r2": 0.9983888830073971, "mae": 2.72665289704769}