archetype,climate,eui,u_wall,u_roof,u_glass,shgc,cdd,hdd,solrad,hvac_cop,floor_area,wwr,source
Office,Temperate,101.5,0.955,0.345,5.184,0.571,1160,370,5.15,4.27,7384.6,0.209,Physics-Calibrated Surrogate (ISO 13790 / ECBC 2017 / ASHRAE 90.1)
Office,Temperate,119.9,1.523,2.2,1.842,0.355,576,260,4.6,3.42,6534.7,0.402,Physics-Calibrated Surrogate (ISO 13790 / ECBC 2017 / ASHRAE 90.1)
Office,Composite,159.8,1.016,0.368,5.565,0.826,2790,343,5.63,4.52,1034.2,0.525,Physics-Calibrated Surrogate (ISO 13790 / ECBC 2017 / ASHRAE 90.1)
Office,Temperate,146.8,1.028,1.46,2.038,0.679,391,466,5.09,3.56,7515.0,0.683,Physics-Calibrated Surrogate (ISO 13790 / ECBC 2017 / ASHRAE 90.1)
Office,Warm & Humid,173.5,2.811,3.238,1.607,0.287,2902,145,5.51,2.61,11304.2,0.726,Physics-Calibrated Surrogate (ISO 13790 / ECBC 2017 / ASHRAE 90.1)
Office,Warm & Humid,103.0,1.459,1.143,1.96,0.161,3078,52,5.26,3.56,11600.4,0.525,Physics-Calibrated Surrogate (ISO 13790 / ECBC 2017 / ASHRAE 90.1)
Office,Hot & Dry,104.2,3.539,0.398,2.849,0.231,3147,112,6.72,4.66,8628.9,0.61,Physics-Calibrated Surrogate (ISO 13790 / ECBC 2017 / ASHRAE 90.1)
Office,Cold,176.3,4.381,2.994,4.52,0.315,198,3095,3.97,3.14,6954.3,0.368,Physics-Calibrated Surrogate (ISO 13790 / ECBC 2017 / ASHRAE 90.1)
Office,Composite,109.3,0.432,2.282,2.646,0.506,1592,306,5.4,4.77,792.3,0.176,Physics-Calibrated Surrogate (ISO 13790 / ECBC 2017 / ASHRAE 90.1)
Office,Composite,115.5,3.998,2.242,2.56,0.224,1740,135,6.12,3.64,7387.0,0.586,Physics-Calibrated Surrogate (ISO 13790 / ECBC 2017 / ASHRAE 90.1)
Office,Temperate,128.0,4.064,1.215,1.706,0.31,855,439,5.36,3.57,6702.4,0.665,Physics-Calibrated Surrogate (ISO 13790 / ECBC 2017 / ASHRAE 90.1)
Office,Composite,153.9,4.26,1.233,3.586,0.642,1848,417,5.11,3.41,1878.5,0.336,Physics-Calibrated Surrogate (ISO 13790 / ECBC 2017 / ASHRAE 90.1)
Office,Hot & Dry,202.4,0.922,3.492,2.427,0.834,2941,101,5.87,3.53,8507.5,0.599,Physics-Calibrated Surrogate (ISO 13790 / ECBC 2017 / ASHRAE 90.1)
Office,Hot & Dry,163.4,1.317,2.402,4.703,0.316,3926,175,5.72,4.32,6128.7,0.79,Physics-Calibrated Surrogate (ISO 13790 / ECBC 2017 / ASHRAE 90.1)
Office,Cold,159.2,2.434,2.481,5.148,0.378,297,3130,4.89,3.05,9681.0,0.206,Physics-Calibrated Surrogate (ISO 13790 / ECBC 2017 / ASHRAE 90.1)
Office,Temperate,158.2,0.878,1.293,1.722,0.797,1163,588,5.1,4.69,4947.5,0.756,Physics-Calibrated Surrogate (ISO 13790 / ECBC 2017 / ASHRAE 90.1)
Office,Composite,134.3,1.395,3.487,5.641,0.541,1462,863,5.04,4.71,11794.9,0.462,Physics-Calibrated Surrogate (ISO 13790 / ECBC 2017 / ASHRAE 90.1)
Office,Composite,150.9,2.997,0.432,1.943,0.779,2015,307,6.06,4.02,10701.5,0.646,Physics-Calibrated Surrogate (ISO 13790 / ECBC 2017 / ASHRAE 90.1)
Office,Composite,163.3,1.583,1.777,3.263,0.846,2335,609,6.12,2.94,11697.1,0.299,Physics-Calibrated Surrogate (ISO 13790 / ECBC 2017 / ASHRAE 90.1)
Office,Temperate,106.5,0.693,1.382,2.42,0.321,803,491,5.3,4.93,8062.5,0.498,Physics-Calibrated Surrogate (ISO 13790 / ECBC 2017 / ASHRAE 90.1)
Office,Cold,162.8,2.723,1.8,2.098,0.656,662,2999,4.57,3.2,9640.3,0.452,Physics-Calibrated Surrogate (ISO 13790 / ECBC 2017 / ASHRAE 90.1)
Office,Hot & Dry,201.2,3.44,3.343,2.721,0.537,3695,269,6.2,3.93,3714.9,0.718,Physics-Calibrated Surrogate (ISO 13790 / ECBC 2017 / ASHRAE 90.1)
Office,Temperate,100.4,2.338,1.399,3.016,0.741,415,290,4.6,4.83,2695.5,0.288,Physics-Calibrated Surrogate (ISO 13790 / ECBC 2017 / ASHRAE 90.1)
Office,Composite,142.3,3.277,2.002,2.564,0.444,1689,485,5.25,3.14,10259.7,0.196,Physics-Calibrated Surrogate (ISO 13790 / ECBC 2017 / ASHRAE 90.1)
Office,Cold,157.1,3.642,3.132,2.755,0.413,605,1235,4.86,2.73,7974.6,0.591,Physics-Calibrated Surrogate (ISO 13790 / ECBC 2017 / ASHRAE 90.1)
Office,Hot & Dry,169.4,1.351,0.28,2.595,0.526,4221,112,6.97,3.32,10147.7,0.702,Physics-Calibrated Surrogate (ISO 13790 / ECBC 2017 / ASHRAE 90.1)
Office,Cold,96.4,2.028,2.493,1.836,0.243,671,1204,4.28,4.92,10183.3,0.236,Physics-Calibrated Surrogate (ISO 13790 / ECBC 2017 / ASHRAE 90.1)
Office,Warm & Humid,155.2,0.544,3.216,3.235,0.318,2940,116,4.61,2.73,5425.6,0.582,Physics-Calibrated Surrogate (ISO 13790 / ECBC 2017 / ASHRAE 90.1)
Office,Hot & Dry,154.1,2.628,2.199,3.13,0.323,2987,286,5.92,3.39,11481.0,0.617,Physics-Calibrated Surrogate (ISO 13790 / ECBC 2017 / ASHRAE 90.1)
Office,Warm & Humid,159.0,1.974,2.213,4.121,0.182,2673,84,5.12,3.44,2491.8,0.404,Physics-Calibrated Surrogate (ISO 13790 / ECBC 2017 / ASHRAE 90.1)
Office,Warm & Humid,101.2,0.596,2.302,1.322,0.56,2641,95,5.61,4.85,8075.0,0.214,Physics-Calibrated Surrogate (ISO 13790 / ECBC 2017 / ASHRAE 90.1)
Office,Temperate,138.6,3.036,0.842,2.46,0.3,844,790,5.27,3.44,7698.3,0.674,Physics-Calibrated Surrogate (ISO 13790 / ECBC 2017 / ASHRAE 90.1)
Office,Cold,159.1,3.848,0.228,4.947,0.347,598,1953,4.66,2.8,1318.7,0.323,Physics-Calibrated Surrogate (ISO 13790 / ECBC 2017 / ASHRAE 90.1)
Office,Cold,160.1,3.453,2.853,5.756,0.439,475,1928,4.87,3.43,3743.4,0.224,Physics-Calibrated Surrogate (ISO 13790 / ECBC 2017 / ASHRAE 90.1)
Office,Cold,154.1,2.544,1.813,2.992,0.358,468,2748,4.76,2.75,3239.7,0.364,Physics-Calibrated Surrogate (ISO 13790 / ECBC 2017 / ASHRAE 90.1)
Office,Temperate,114.3,0.685,2.168,3.747,0.299,1017,483,4.83,4.87,6169.8,0.158,Physics-Calibrated Surrogate (ISO 13790 / ECBC 2017 / ASHRAE 90.1)
Office,Hot & Dry,191.3,0.535,2.619,3.711,0.644,3562,158,6.9,4.92,11703.9,0.797,Physics-Calibrated Surrogate (ISO 13790 / ECBC 2017 / ASHRAE 90.1)
Office,Hot & Dry,136.9,3.752,2.516,1.574,0.209,3776,279,5.63,4.97,8561.1,0.151,Physics-Calibrated Surrogate (ISO 13790 / ECBC 2017 / ASHRAE 90.1)
Office,Cold,119.4,1.771,2.522,3.416,0.415,441,1699,3.9,4.26,10938.5,0.514,Physics-Calibrated Surrogate (ISO 13790 / ECBC 2017 / ASHRAE 90.1)
Office,Composite,172.2,3.522,2.906,4.623,0.627,1372,752,5.37,3.09,7071.9,0.619,Physics-Calibrated Surrogate (ISO 13790 / ECBC 2017 / ASHRAE 90.1)
Office,Hot & Dry,225.1,3.669,3.426,3.758,0.376,3714,418,5.62,2.61,6576.3,0.405,Physics-Calibrated Surrogate (ISO 13790 / ECBC 2017 / ASHRAE 90.1)
Office,Hot & Dry,147.8,2.936,2.107,5.345,0.182,3925,96,6.44,3.2,8501.1,0.418,Physics-Calibrated Surrogate (ISO 13790 / ECBC 2017 / ASHRAE 90.1)
Office,Temperate,125.3,1.931,0.918,2.423,0.402,707,767,4.64,3.15,2451.3,0.553,Physics-Calibrated Surrogate (ISO 13790 / ECBC 2017 / ASHRAE 90.1)
Office,Hot & Dry,140.1,0.62,3.301,3.117,0.557,3428,261,6.4,4.8,3616.0,0.193,Physics-Calibrated Surrogate (ISO 13790 / ECBC 2017 / ASHRAE 90.1)
Office,Warm & Humid,148.0,1.881,2.865,5.741,0.255,3023,29,5.63,3.99,1020.0,0.118,Physics-Calibrated Surrogate (ISO 13790 / ECBC 2017 / ASHRAE 90.1)
Office,Composite,109.5,0.357,0.402,4.382,0.524,1888,560,4.89,4.37,923.5,0.194,Physics-Calibrated Surrogate (ISO 13790 / ECBC 2017 / ASHRAE 90.1)
Office,Composite,183.3,1.339,1.659,1.794,0.818,2660,122,5.88,4.02,11364.8,0.695,Physics-Calibrated Surrogate (ISO 13790 / ECBC 2017 / ASHRAE 90.1)
Office,Warm & Humid,159.0,3.792,1.181,4.955,0.828,2294,71,4.53,2.72,6228.9,0.433,Physics-Calibrated Surrogate (ISO 13790 / ECBC 2017 / ASHRAE 90.1)
Office,Composite,168.8,2.985,2.847,5.354,0.582,1600,723,5.47,4.95,5336.2,0.649,Physics-Calibrated Surrogate (ISO 13790 / ECBC 2017 / ASHRAE 90.1)
Office,Composite,146.8,4.124,1.148,3.609,0.638,1634,546,5.82,4.49,6795.6,0.416,Physics-Calibrated Surrogate (ISO 13790 / ECBC 2017 / ASHRAE 90.1)
Office,Warm & Humid,166.6,4.416,1.8,2.712,0.593,2383,144,5.14,3.1,3469.8,0.421,Physics-Calibrated Surrogate (ISO 13790 / ECBC 2017 / ASHRAE 90.1)
Office,Temperate,108.3,1.024,0.794,1.388,0.268,995,380,5.37,3.2,5950.6,0.567,Physics-Calibrated Surrogate (ISO 13790 / ECBC 2017 / ASHRAE 90.1)
Office,Cold,156.7,4.056,0.581,2.718,0.375,633,2628,4.43,2.73,6645.9,0.349,Physics-Calibrated Surrogate (ISO 13790 / ECBC 2017 / ASHRAE 90.1)
Office,Composite,132.6,3.443,0.768,2.163,0.409,2030,147,4.89,3.71,3684.1,0.664,Physics-Calibrated Surrogate (ISO 13790 / ECBC 2017 / ASHRAE 90.1)
Office,Warm & Humid,120.4,1.36,2.54,5.318,0.508,2227,77,5.1,3.83,9095.9,0.126,Physics-Calibrated Surrogate (ISO 13790 / ECBC 2017 / ASHRAE 90.1)
Office,Composite,94.3,1.653,0.858,2.706,0.234,2238,291,5.18,4.73,4838.8,0.114,Physics-Calibrated Surrogate (ISO 13790 / ECBC 2017 / ASHRAE 90.1)
Office,Temperate,110.6,2.754,2.618,3.766,0.561,324,679,4.66,3.91,7961.5,0.436,Physics-Calibrated Surrogate (ISO 13790 / ECBC 2017 / ASHRAE 90.1)
Office,Temperate,112.1,2.844,0.945,1.668,0.257,581,419,4.94,3.11,4595.1,0.791,Physics-Calibrated Surrogate (ISO 13790 / ECBC 2017 / ASHRAE 90.1)
Office,Temperate,193.4,0.637,1.907,3.088,0.838,649,545,4.57,2.78,2493.8,0.728,Physics-Calibrated Surrogate (ISO 13790 / ECBC 2017 / ASHRAE 90.1)
Office,Temperate,138.7,3.748,2.557,3.661,0.484,1146,745,5.47,4.6,6143.6,0.606,Physics-Calibrated Surrogate (ISO 13790 / ECBC 2017 / ASHRAE 90.1)
Office,Cold,118.6,1.318,0.535,4.009,0.352,425,2633,4.05,3.95,5392.5,0.455,Physics-Calibrated Surrogate (ISO 13790 / ECBC 2017 / ASHRAE 90.1)
Office,Composite,115.9,2.605,0.826,4.349,0.212,1458,772,5.32,2.85,5724.1,0.484,Physics-Calibrated Surrogate (ISO 13790 / ECBC 2017 / ASHRAE 90.1)
Office,Hot & Dry,225.3,1.765,3.264,5.021,0.826,3284,314,6.39,2.81,5923.1,0.388,Physics-Calibrated Surrogate (ISO 13790 / ECBC 2017 / ASHRAE 90.1)
Office,Temperate,139.6,0.887,2.814,2.127,0.265,846,612,5.16,2.91,7106.4,0.689,Physics-Calibrated Surrogate (ISO 13790 / ECBC 2017 / ASHRAE 90.1)
Office,Cold,155.3,1.948,2.886,3.22,0.414,478,1277,4.39,3.66,4626.6,0.714,Physics-Calibrated Surrogate (ISO 13790 / ECBC 2017 / ASHRAE 90.1)
Office,Hot & Dry,172.3,4.107,2.241,1.738,0.808,3164,194,6.85,4.07,4914.7,0.48,Physics-Calibrated Surrogate (ISO 13790 / ECBC 2017 / ASHRAE 90.1)
Office,Warm & Humid,131.2,3.612,0.658,2.634,0.324,3238,110,5.31,4.36,6634.8,0.726,Physics-Calibrated Surrogate (ISO 13790 / ECBC 2017 / ASHRAE 90.1)
Office,Warm & Humid,149.4,1.891,1.681,3.978,0.502,2716,122,5.48,3.85,1683.5,0.476,Physics-Calibrated Surrogate (ISO 13790 / ECBC 2017 / ASHRAE 90.1)
Office,Cold,141.2,3.308,2.157,5.003,0.821,146,1329,3.52,3.36,7382.1,0.496,Physics-Calibrated Surrogate (ISO 13790 / ECBC 2017 / ASHRAE 90.1)
Office,Warm & Humid,124.7,2.868,0.211,5.212,0.802,2501,106,4.7,3.91,7241.6,0.454,Physics-Calibrated Surrogate (ISO 13790 / ECBC 2017 / ASHRAE 90.1)
Office,Temperate,165.7,2.081,2.617,5.498,0.798,432,226,4.4,3.63,7127.3,0.525,Physics-Calibrated Surrogate (ISO 13790 / ECBC 2017 / ASHRAE 90.1)
Office,Cold,128.0,1.701,1.484,3.672,0.794,530,2532,4.07,3.37,9732.8,0.103,Physics-Calibrated Surrogate (ISO 13790 / ECBC 2017 / ASHRAE 90.1)
Office,Warm & Humid,130.3,0.892,0.741,3.492,0.443,2674,90,5.09,4.79,3083.0,0.417,Physics-Calibrated Surrogate (ISO 13790 / ECBC 2017 / ASHRAE 90.1)
Office,Warm & Humid,167.5,0.924,1.539,1.593,0.848,2355,113,5.36,3.76,2547.4,0.773,Physics-Calibrated Surrogate (ISO 13790 / ECBC 2017 / ASHRAE 90.1)
Office,Hot & Dry,141.8,1.767,1.719,4.075,0.414,4259,190,6.1,4.59,5408.1,0.66,Physics-Calibrated Surrogate (ISO 13790 / ECBC 2017 / ASHRAE 90.1)
Office,Composite,120.2,3.514,0.495,2.738,0.203,2398,293,5.55,4.38,6032.5,0.448,Physics-Calibrated Surrogate (ISO 13790 / ECBC 2017 / ASHRAE 90.1)
Office,Warm & Humid,177.4,3.941,1.517,3.738,0.328,2361,123,5.54,2.99,11757.7,0.688,Physics-Calibrated Surrogate (ISO 13790 / ECBC 2017 / ASHRAE 90.1)
Office,Hot & Dry,129.7,0.718,0.965,4.522,0.749,3762,278,5.77,4.58,8006.6,0.267,Physics-Calibrated Surrogate (ISO 13790 / ECBC 2017 / ASHRAE 90.1)
Office,Temperate,139.2,0.665,2.271,4.585,0.744,799,264,4.38,2.81,5173.5,0.327,Physics-Calibrated Surrogate (ISO 13790 / ECBC 2017 / ASHRAE 90.1)
Office,Warm & Humid,152.1,1.895,2.127,2.433,0.587,2713,128,5.56,3.52,4430.9,0.282,Physics-Calibrated Surrogate (ISO 13790 / ECBC 2017 / ASHRAE 90.1)
Office,Hot & Dry,181.1,0.888,3.059,3.442,0.776,3749,102,5.94,4.5,11407.2,0.635,Physics-Calibrated Surrogate (ISO 13790 / ECBC 2017 / ASHRAE 90.1)
Office,Hot & Dry,177.2,3.807,3.448,3.618,0.27,3051,499,6.45,3.18,3465.7,0.198,Physics-Calibrated Surrogate (ISO 13790 / ECBC 2017 / ASHRAE 90.1)
Office,Composite,155.6,0.582,1.508,3.488,0.654,2037,245,5.54,2.77,9873.1,0.449,Physics-Calibrated Surrogate (ISO 13790 / ECBC 2017 / ASHRAE 90.1)
Office,Composite,133.1,4.141,1.553,2.962,0.513,1367,709,5.64,2.62,8147.9,0.223,Physics-Calibrated Surrogate (ISO 13790 / ECBC 2017 / ASHRAE 90.1)
Office,Temperate,160.1,0.587,2.954,3.211,0.791,1121,462,4.44,4.3,1538.9,0.64,Physics-Calibrated Surrogate (ISO 13790 / ECBC 2017 / ASHRAE 90.1)
Office,Cold,138.7,3.834,2.985,5.594,0.258,411,2512,3.96,4.06,6708.2,0.213,Physics-Calibrated Surrogate (ISO 13790 / ECBC 2017 / ASHRAE 90.1)
Office,Warm & Humid,156.2,2.126,0.975,4.968,0.71,2272,39,5.45,4.24,6198.2,0.582,Physics-Calibrated Surrogate (ISO 13790 / ECBC 2017 / ASHRAE 90.1)
Office,Composite,126.3,2.576,3.074,4.568,0.715,2267,116,6.13,4.15,5629.1,0.23,Physics-Calibrated Surrogate (ISO 13790 / ECBC 2017 / ASHRAE 90.1)
Office,Hot & Dry,100.1,3.114,0.298,3.906,0.85,2965,138,6.47,3.89,8471.5,0.136,Physics-Calibrated Surrogate (ISO 13790 / ECBC 2017 / ASHRAE 90.1)
Office,Cold,133.3,3.64,2.646,1.452,0.469,618,1336,3.83,3.81,1825.7,0.395,Physics-Calibrated Surrogate (ISO 13790 / ECBC 2017 / ASHRAE 90.1)
Office,Hot & Dry,161.6,4.017,1.926,3.229,0.433,4049,208,6.05,3.93,6947.8,0.437,Physics-Calibrated Surrogate (ISO 13790 / ECBC 2017 / ASHRAE 90.1)
Office,Hot & Dry,189.4,2.054,1.698,5.756,0.15,3920,259,6.28,2.96,5408.4,0.714,Physics-Calibrated Surrogate (ISO 13790 / ECBC 2017 / ASHRAE 90.1)
Office,Warm & Humid,134.7,2.315,2.252,5.219,0.839,3262,45,4.96,4.42,9322.7,0.381,Physics-Calibrated Surrogate (ISO 13790 / ECBC 2017 / ASHRAE 90.1)
Office,Cold,212.9,3.305,2.124,2.475,0.787,676,3250,4.29,2.61,3915.5,0.697,Physics-Calibrated Surrogate (ISO 13790 / ECBC 2017 / ASHRAE 90.1)
Office,Hot & Dry,199.2,1.388,2.122,5.719,0.769,4412,393,5.69,4.0,11498.8,0.659,Physics-Calibrated Surrogate (ISO 13790 / ECBC 2017 / ASHRAE 90.1)
Office,Temperate,111.2,0.497,1.437,1.369,0.82,1160,674,4.5,4.57,10052.4,0.184,Physics-Calibrated Surrogate (ISO 13790 / ECBC 2017 / ASHRAE 90.1)
Office,Cold,179.8,1.03,1.477,4.688,0.637,153,1926,5.0,2.88,11169.2,0.796,Physics-Calibrated Surrogate (ISO 13790 / ECBC 2017 / ASHRAE 90.1)
Office,Cold,162.6,1.416,0.584,5.288,0.819,188,1779,4.49,4.66,1552.1,0.714,Physics-Calibrated Surrogate (ISO 13790 / ECBC 2017 / ASHRAE 90.1)
Office,Hot & Dry,119.4,1.361,0.167,4.4,0.184,3986,89,6.9,3.83,8954.9,0.297,Physics-Calibrated Surrogate (ISO 13790 / ECBC 2017 / ASHRAE 90.1)
Office,Composite,146.9,3.99,2.821,4.229,0.745,2791,139,5.75,4.67,7005.9,0.287,Physics-Calibrated Surrogate (ISO 13790 / ECBC 2017 / ASHRAE 90.1)
Office,Hot & Dry,126.9,3.236,0.784,5.256,0.823,3280,412,5.86,3.66,11196.0,0.174,Physics-Calibrated Surrogate (ISO 13790 / ECBC 2017 / ASHRAE 90.1)
Office,Warm & Humid,136.8,1.506,2.217,5.713,0.592,2555,1,5.58,3.15,6335.9,0.104,Physics-Calibrated Surrogate (ISO 13790 / ECBC 2017 / ASHRAE 90.1)
Office,Temperate,135.7,2.573,3.376,2.773,0.593,747,464,5.21,4.83,1730.3,0.633,Physics-Calibrated Surrogate (ISO 13790 / ECBC 2017 / ASHRAE 90.1)
Office,Composite,138.7,0.543,0.4,5.121,0.843,1391,116,5.88,4.19,8648.6,0.432,Physics-Calibrated Surrogate (ISO 13790 / ECBC 2017 / ASHRAE 90.1)
Office,Temperate,117.6,3.75,1.396,4.966,0.327,975,326,4.97,2.5,4911.5,0.146,Physics-Calibrated Surrogate (ISO 13790 / ECBC 2017 / ASHRAE 90.1)
Office,Temperate,127.7,1.553,2.964,4.755,0.311,398,496,5.31,2.83,6560.8,0.678,Physics-Calibrated Surrogate (ISO 13790 / ECBC 2017 / ASHRAE 90.1)
Office,Composite,143.1,2.063,2.289,3.029,0.342,2048,481,5.01,4.96,5471.9,0.761,Physics-Calibrated Surrogate (ISO 13790 / ECBC 2017 / ASHRAE 90.1)
Office,Warm & Humid,156.1,2.28,1.97,1.933,0.293,3386,63,5.63,2.73,8721.6,0.494,Physics-Calibrated Surrogate (ISO 13790 / ECBC 2017 / ASHRAE 90.1)
Office,Composite,177.3,4.168,2.216,4.864,0.487,2785,298,5.68,2.79,2009.3,0.123,Physics-Calibrated Surrogate (ISO 13790 / ECBC 2017 / ASHRAE 90.1)
Office,Temperate,168.0,1.669,2.127,3.193,0.839,820,777,4.49,2.87,2349.5,0.556,Physics-Calibrated Surrogate (ISO 13790 / ECBC 2017 / ASHRAE 90.1)
Office,Cold,196.1,1.525,2.478,5.157,0.696,373,3213,4.17,2.6,6019.3,0.52,Physics-Calibrated Surrogate (ISO 13790 / ECBC 2017 / ASHRAE 90.1)
Office,Hot & Dry,233.1,1.183,1.309,4.769,0.809,3087,426,6.36,2.68,711.2,0.438,Physics-Calibrated Surrogate (ISO 13790 / ECBC 2017 / ASHRAE 90.1)
Office,Hot & Dry,125.8,1.967,0.595,3.811,0.633,3300,282,6.03,4.5,881.8,0.155,Physics-Calibrated Surrogate (ISO 13790 / ECBC 2017 / ASHRAE 90.1)
Office,Hot & Dry,237.2,0.518,1.963,4.462,0.76,4395,366,6.56,4.29,863.2,0.755,Physics-Calibrated Surrogate (ISO 13790 / ECBC 2017 / ASHRAE 90.1)
Office,Temperate,149.9,2.6,2.888,3.281,0.601,617,210,5.26,3.82,1421.3,0.726,Physics-Calibrated Surrogate (ISO 13790 / ECBC 2017 / ASHRAE 90.1)
Office,Temperate,114.9,4.399,1.279,2.038,0.703,386,623,4.41,4.15,10525.5,0.253,Physics-Calibrated Surrogate (ISO 13790 / ECBC 2017 / ASHRAE 90.1)
Office,Composite,141.5,3.031,0.818,4.329,0.201,2113,822,5.12,2.58,11957.8,0.782,Physics-Calibrated Surrogate (ISO 13790 / ECBC 2017 / ASHRAE 90.1)
Office,Cold,146.1,1.858,3.459,1.385,0.757,258,3177,4.76,3.95,5393.2,0.342,Physics-Calibrated Surrogate (ISO 13790 / ECBC 2017 / ASHRAE 90.1)
Office,Temperate,115.3,3.63,2.344,5.764,0.349,549,216,4.71,3.4,7471.2,0.518,Physics-Calibrated Surrogate (ISO 13790 / ECBC 2017 / ASHRAE 90.1)
Office,Cold,142.5,4.38,0.756,5.13,0.495,619,3347,5.05,3.12,2566.4,0.266,Physics-Calibrated Surrogate (ISO 13790 / ECBC 2017 / ASHRAE 90.1)
Office,Temperate,122.8,0.7,2.335,2.636,0.429,680,722,4.97,4.64,7163.3,0.564,Physics-Calibrated Surrogate (ISO 13790 / ECBC 2017 / ASHRAE 90.1)
Office,Temperate,163.1,2.157,1.258,3.264,0.619,975,400,4.51,2.86,3198.8,0.719,Physics-Calibrated Surrogate (ISO 13790 / ECBC 2017 / ASHRAE 90.1)
Office,Cold,117.3,1.004,0.273,4.587,0.615,375,2999,4.55,3.69,8627.9,0.217,Physics-Calibrated Surrogate (ISO 13790 / ECBC 2017 / ASHRAE 90.1)
Office,Temperate,168.4,0.816,0.924,1.438,0.598,666,719,4.9,3.06,893.2,0.791,Physics-Calibrated Surrogate (ISO 13790 / ECBC 2017 / ASHRAE 90.1)
Office,Cold,160.3,4.444,3.383,1.223,0.816,158,2384,4.36,4.1,978.1,0.204,Physics-Calibrated Surrogate (ISO 13790 / ECBC 2017 / ASHRAE 90.1)
Office,Composite,165.6,0.903,3.298,4.571,0.264,2401,527,5.55,2.97,1946.0,0.193,Physics-Calibrated Surrogate (ISO 13790 / ECBC 2017 / ASHRAE 90.1)
Office,Cold,177.9,3.82,3.314,4.343,0.498,451,2581,4.98,4.04,2537.2,0.585,Physics-Calibrated Surrogate (ISO 13790 / ECBC 2017 / ASHRAE 90.1)
Office,Temperate,119.1,3.067,1.469,4.196,0.225,1139,444,5.1,4.14,8279.9,0.251,Physics-Calibrated Surrogate (ISO 13790 / ECBC 2017 / ASHRAE 90.1)
Office,Warm & Humid,216.4,3.586,2.05,4.597,0.765,2903,62,5.77,3.51,5179.4,0.71,Physics-Calibrated Surrogate (ISO 13790 / ECBC 2017 / ASHRAE 90.1)
Office,Warm & Humid,95.9,2.587,0.169,2.693,0.407,2596,22,5.07,3.49,9905.1,0.184,Physics-Calibrated Surrogate (ISO 13790 / ECBC 2017 / ASHRAE 90.1)
Office,Cold,145.8,0.607,2.172,4.274,0.584,572,2640,3.9,3.66,4792.4,0.259,Physics-Calibrated Surrogate (ISO 13790 / ECBC 2017 / ASHRAE 90.1)
Office,Warm & Humid,124.2,2.512,0.974,3.393,0.426,2653,116,5.56,3.87,1752.6,0.204,Physics-Calibrated Surrogate (ISO 13790 / ECBC 2017 / ASHRAE 90.1)
Office,Warm & Humid,136.9,4.066,0.389,5.591,0.608,2563,122,5.18,3.45,9957.5,0.402,Physics-Calibrated Surrogate (ISO 13790 / ECBC 2017 / ASHRAE 90.1)
Office,Composite,168.4,2.564,1.193,4.008,0.651,2557,472,5.2,3.18,4033.8,0.662,Physics-Calibrated Surrogate (ISO 13790 / ECBC 2017 / ASHRAE 90.1)
Office,Temperate,164.2,3.659,0.768,2.558,0.705,389,444,4.88,2.96,1917.1,0.702,Physics-Calibrated Surrogate (ISO 13790 / ECBC 2017 / ASHRAE 90.1)
Office,Hot & Dry,160.4,2.98,1.876,3.93,0.706,3695,425,6.29,4.12,1791.5,0.102,Physics-Calibrated Surrogate (ISO 13790 / ECBC 2017 / ASHRAE 90.1)
Office,Warm & Humid,131.6,1.569,2.602,5.115,0.62,2881,71,5.5,4.52,6901.3,0.279,Physics-Calibrated Surrogate (ISO 13790 / ECBC 2017 / ASHRAE 90.1)
Office,Warm & Humid,117.4,0.702,0.229,4.153,0.575,2780,48,5.46,3.87,10422.2,0.252,Physics-Calibrated Surrogate (ISO 13790 / ECBC 2017 / ASHRAE 90.1)
Office,Warm & Humid,157.7,1.453,2.15,4.309,0.46,3168,77,5.32,3.61,1172.2,0.199,Physics-Calibrated Surrogate (ISO 13790 / ECBC 2017 / ASHRAE 90.1)
Office,Temperate,103.5,0.66,3.146,2.083,0.376,517,201,4.95,3.07,3652.8,0.156,Physics-Calibrated Surrogate (ISO 13790 / ECBC 2017 / ASHRAE 90.1)
Office,Hot & Dry,158.2,0.594,2.295,2.447,0.565,3498,245,6.16,4.2,10066.4,0.569,Physics-Calibrated Surrogate (ISO 13790 / ECBC 2017 / ASHRAE 90.1)
Office,Warm & Humid,131.9,1.701,2.095,1.608,0.823,2926,1,4.97,4.09,11948.0,0.412,Physics-Calibrated Surrogate (ISO 13790 / ECBC 2017 / ASHRAE 90.1)
Office,Hot & Dry,161.3,0.305,1.158,5.714,0.482,2810,257,6.11,3.46,5360.9,0.675,Physics-Calibrated Surrogate (ISO 13790 / ECBC 2017 / ASHRAE 90.1)
Office,Cold,158.0,3.585,2.524,1.366,0.362,183,1655,4.78,3.16,1968.7,0.678,Physics-Calibrated Surrogate (ISO 13790 / ECBC 2017 / ASHRAE 90.1)
Office,Warm & Humid,183.2,3.766,1.087,5.535,0.761,2560,84,4.95,2.9,3249.1,0.457,Physics-Calibrated Surrogate (ISO 13790 / ECBC 2017 / ASHRAE 90.1)
Office,Temperate,120.5,3.733,1.425,5.239,0.758,400,343,4.47,4.51,11201.8,0.181,Physics-Calibrated Surrogate (ISO 13790 / ECBC 2017 / ASHRAE 90.1)
Office,Temperate,103.7,1.239,3.357,3.836,0.803,825,172,4.62,3.94,763.3,0.208,Physics-Calibrated Surrogate (ISO 13790 / ECBC 2017 / ASHRAE 90.1)
Office,Hot & Dry,149.2,1.974,0.64,2.891,0.198,3633,385,6.65,2.56,2510.6,0.452,Physics-Calibrated Surrogate (ISO 13790 / ECBC 2017 / ASHRAE 90.1)
Office,Hot & Dry,125.2,2.796,3.287,5.23,0.344,3602,117,5.62,4.63,9432.3,0.185,Physics-Calibrated Surrogate (ISO 13790 / ECBC 2017 / ASHRAE 90.1)
Office,Composite,188.7,3.468,2.225,2.568,0.451,2740,566,5.07,2.93,2935.2,0.439,Physics-Calibrated Surrogate (ISO 13790 / ECBC 2017 / ASHRAE 90.1)
Office,Cold,174.5,0.562,1.857,5.785,0.72,428,2379,4.02,4.04,1662.0,0.585,Physics-Calibrated Surrogate (ISO 13790 / ECBC 2017 / ASHRAE 90.1)
Office,Temperate,112.4,3.047,1.337,3.617,0.487,721,330,5.14,2.94,9609.1,0.383,Physics-Calibrated Surrogate (ISO 13790 / ECBC 2017 / ASHRAE 90.1)
Office,Cold,144.8,3.619,2.1,4.332,0.283,697,1709,3.92,4.05,2038.7,0.393,Physics-Calibrated Surrogate (ISO 13790 / ECBC 2017 / ASHRAE 90.1)
Office,Cold,124.9,2.601,1.672,5.084,0.219,312,3220,5.13,3.72,6110.3,0.177,Physics-Calibrated Surrogate (ISO 13790 / ECBC 2017 / ASHRAE 90.1)
Office,Temperate,191.2,2.879,3.03,3.005,0.819,845,663,4.52,2.83,7994.7,0.667,Physics-Calibrated Surrogate (ISO 13790 / ECBC 2017 / ASHRAE 90.1)
Office,Hot & Dry,171.1,0.461,3.171,3.323,0.596,2628,179,6.16,4.15,3428.7,0.689,Physics-Calibrated Surrogate (ISO 13790 / ECBC 2017 / ASHRAE 90.1)
Office,Composite,151.9,4.006,0.504,5.746,0.46,1925,299,5.12,2.62,10728.0,0.415,Physics-Calibrated Surrogate (ISO 13790 / ECBC 2017 / ASHRAE 90.1)
Office,Composite,150.3,1.545,1.322,4.763,0.613,1863,116,6.14,2.96,8981.3,0.347,Physics-Calibrated Surrogate (ISO 13790 / ECBC 2017 / ASHRAE 90.1)
Office,Composite,99.6,2.082,0.427,3.567,0.779,1641,360,5.57,4.46,10051.1,0.148,Physics-Calibrated Surrogate (ISO 13790 / ECBC 2017 / ASHRAE 90.1)
Office,Hot & Dry,198.3,3.655,1.131,5.708,0.571,2668,266,6.3,3.96,982.4,0.778,Physics-Calibrated Surrogate (ISO 13790 / ECBC 2017 / ASHRAE 90.1)
Office,Temperate,134.6,0.699,1.41,3.73,0.422,525,622,4.26,2.91,1774.3,0.519,Physics-Calibrated Surrogate (ISO 13790 / ECBC 2017 / ASHRAE 90.1)
Office,Temperate,142.0,3.727,3.036,5.094,0.793,587,534,5.35,3.13,7926.8,0.3,Physics-Calibrated Surrogate (ISO 13790 / ECBC 2017 / ASHRAE 90.1)
Office,Cold,179.2,2.589,3.449,5.512,0.18,401,3485,4.82,2.91,8045.9,0.224,Physics-Calibrated Surrogate (ISO 13790 / ECBC 2017 / ASHRAE 90.1)
Office,Composite,190.4,2.036,2.69,4.62,0.578,2785,706,5.48,2.76,2232.8,0.34,Physics-Calibrated Surrogate (ISO 13790 / ECBC 2017 / ASHRAE 90.1)
Office,Cold,126.7,0.976,2.019,4.934,0.669,129,3030,4.48,4.7,10587.1,0.404,Physics-Calibrated Surrogate (ISO 13790 / ECBC 2017 / ASHRAE 90.1)
Office,Warm & Humid,128.6,3.189,1.407,3.678,0.517,2672,9,5.47,4.62,9873.9,0.53,Physics-Calibrated Surrogate (ISO 13790 / ECBC 2017 / ASHRAE 90.1)
Office,Warm & Humid,151.5,1.845,1.245,1.885,0.364,2765,11,5.47,4.69,2828.5,0.771,Physics-Calibrated Surrogate (ISO 13790 / ECBC 2017 / ASHRAE 90.1)
Office,Composite,113.5,2.902,1.341,4.853,0.215,2377,841,5.38,3.97,8499.6,0.102,Physics-Calibrated Surrogate (ISO 13790 / ECBC 2017 / ASHRAE 90.1)
Office,Temperate,105.5,3.252,0.327,3.438,0.57,520,625,5.14,4.01,1697.6,0.258,Physics-Calibrated Surrogate (ISO 13790 / ECBC 2017 / ASHRAE 90.1)
Office,Cold,174.9,2.485,1.401,1.763,0.665,175,1741,5.17,3.09,2913.2,0.678,Physics-Calibrated Surrogate (ISO 13790 / ECBC 2017 / ASHRAE 90.1)
Office,Temperate,191.7,2.999,1.561,4.126,0.7,412,575,5.16,2.8,11981.0,0.753,Physics-Calibrated Surrogate (ISO 13790 / ECBC 2017 / ASHRAE 90.1)
Office,Composite,133.4,1.705,0.238,1.311,0.732,1336,701,5.62,3.18,2621.5,0.354,Physics-Calibrated Surrogate (ISO 13790 / ECBC 2017 / ASHRAE 90.1)
Office,Hot & Dry,197.2,3.965,2.97,2.056,0.712,4400,100,6.91,3.65,3481.9,0.401,Physics-Calibrated Surrogate (ISO 13790 / ECBC 2017 / ASHRAE 90.1)
Office,Temperate,111.7,3.515,0.682,4.007,0.245,937,394,4.85,4.38,5523.8,0.611,Physics-Calibrated Surrogate (ISO 13790 / ECBC 2017 / ASHRAE 90.1)
Office,Hot & Dry,145.3,1.399,0.977,5.369,0.325,3047,262,5.6,3.18,1156.1,0.298,Physics-Calibrated Surrogate (ISO 13790 / ECBC 2017 / ASHRAE 90.1)
Office,Cold,138.8,2.903,2.033,2.791,0.371,681,2779,3.77,4.43,10310.5,0.133,Physics-Calibrated Surrogate (ISO 13790 / ECBC 2017 / ASHRAE 90.1)
Office,Warm & Humid,140.1,3.777,2.789,4.072,0.496,2871,147,4.67,4.95,10644.6,0.375,Physics-Calibrated Surrogate (ISO 13790 / ECBC 2017 / ASHRAE 90.1)
Office,Cold,145.7,1.069,0.224,4.512,0.443,404,3138,4.02,2.72,11390.9,0.777,Physics-Calibrated Surrogate (ISO 13790 / ECBC 2017 / ASHRAE 90.1)
Office,Hot & Dry,131.8,0.584,2.521,3.7,0.207,3092,201,5.67,3.65,10391.6,0.606,Physics-Calibrated Surrogate (ISO 13790 / ECBC 2017 / ASHRAE 90.1)
Office,Warm & Humid,207.1,2.233,2.66,2.537,0.701,2221,111,4.78,2.78,1622.0,0.703,Physics-Calibrated Surrogate (ISO 13790 / ECBC 2017 / ASHRAE 90.1)
Office,Composite,184.8,3.963,1.975,4.689,0.678,1810,803,5.91,2.54,6218.4,0.338,Physics-Calibrated Surrogate (ISO 13790 / ECBC 2017 / ASHRAE 90.1)
Office,Temperate,136.7,0.414,0.368,3.334,0.786,903,480,4.79,3.85,11827.4,0.64,Physics-Calibrated Surrogate (ISO 13790 / ECBC 2017 / ASHRAE 90.1)
Office,Temperate,140.4,3.558,3.381,2.137,0.516,526,778,5.05,3.22,9954.2,0.366,Physics-Calibrated Surrogate (ISO 13790 / ECBC 2017 / ASHRAE 90.1)
Office,Cold,137.6,0.963,2.481,4.849,0.372,171,2104,4.17,4.64,11023.5,0.473,Physics-Calibrated Surrogate (ISO 13790 / ECBC 2017 / ASHRAE 90.1)
Office,Composite,148.5,0.44,1.368,4.57,0.724,1482,725,5.04,3.28,6331.1,0.519,Physics-Calibrated Surrogate (ISO 13790 / ECBC 2017 / ASHRAE 90.1)
Office,Hot & Dry,197.7,0.997,3.104,3.166,0.264,3074,158,6.98,2.53,8181.1,0.544,Physics-Calibrated Surrogate (ISO 13790 / ECBC 2017 / ASHRAE 90.1)
Office,Hot & Dry,134.8,1.892,3.411,2.749,0.358,2630,402,5.54,4.8,9964.0,0.247,Physics-Calibrated Surrogate (ISO 13790 / ECBC 2017 / ASHRAE 90.1)
Office,Hot & Dry,151.0,2.376,2.925,2.742,0.272,3918,499,6.73,4.28,5781.5,0.35,Physics-Calibrated Surrogate (ISO 13790 / ECBC 2017 / ASHRAE 90.1)
Office,Warm & Humid,169.7,3.035,2.23,2.821,0.739,2389,33,4.95,3.68,5679.0,0.624,Physics-Calibrated Surrogate (ISO 13790 / ECBC 2017 / ASHRAE 90.1)
Office,Temperate,119.8,3.163,0.71,4.214,0.844,1192,371,4.34,2.68,4121.6,0.103,Physics-Calibrated Surrogate (ISO 13790 / ECBC 2017 / ASHRAE 90.1)
Office,Composite,127.8,0.439,1.168,4.205,0.807,1715,541,5.52,4.68,4011.1,0.249,Physics-Calibrated Surrogate (ISO 13790 / ECBC 2017 / ASHRAE 90.1)
Office,Cold,126.0,1.01,1.456,2.946,0.309,306,3457,4.61,3.45,10553.6,0.1,Physics-Calibrated Surrogate (ISO 13790 / ECBC 2017 / ASHRAE 90.1)
Office,Composite,169.9,4.156,1.088,5.148,0.355,2765,606,5.39,4.78,983.3,0.618,Physics-Calibrated Surrogate (ISO 13790 / ECBC 2017 / ASHRAE 90.1)
Office,Temperate,133.7,2.537,2.278,3.269,0.303,472,426,5.01,2.8,6930.6,0.54,Physics-Calibrated Surrogate (ISO 13790 / ECBC 2017 / ASHRAE 90.1)
Office,Temperate,109.3,3.763,0.399,2.241,0.661,764,385,4.26,4.0,7022.5,0.299,Physics-Calibrated Surrogate (ISO 13790 / ECBC 2017 / ASHRAE 90.1)
Office,Hot & Dry,195.9,1.498,1.588,2.432,0.702,4155,176,6.44,3.93,6610.1,0.687,Physics-Calibrated Surrogate (ISO 13790 / ECBC 2017 / ASHRAE 90.1)
Office,Cold,138.0,0.694,3.197,4.278,0.731,424,2527,4.91,4.7,7388.3,0.18,Physics-Calibrated Surrogate (ISO 13790 / ECBC 2017 / ASHRAE 90.1)
Office,Temperate,140.4,0.992,0.721,5.561,0.462,737,687,4.8,4.47,2081.5,0.339,Physics-Calibrated Surrogate (ISO 13790 / ECBC 2017 / ASHRAE 90.1)
Office,Composite,122.5,4.377,1.03,2.449,0.481,1331,554,4.98,4.96,3193.1,0.651,Physics-Calibrated Surrogate (ISO 13790 / ECBC 2017 / ASHRAE 90.1)
Office,Hot & Dry,154.4,1.303,1.723,3.272,0.481,4245,450,5.56,4.06,7446.8,0.735,Physics-Calibrated Surrogate (ISO 13790 / ECBC 2017 / ASHRAE 90.1)
Office,Composite,141.3,3.887,0.316,5.033,0.741,2655,848,5.46,3.21,7295.0,0.476,Physics-Calibrated Surrogate (ISO 13790 / ECBC 2017 / ASHRAE 90.1)
Office,Warm & Humid,126.7,2.533,3.098,3.844,0.171,2581,8,5.56,4.19,3772.5,0.673,Physics-Calibrated Surrogate (ISO 13790 / ECBC 2017 / ASHRAE 90.1)
Office,Composite,158.0,3.365,3.106,4.286,0.331,2106,432,6.1,4.19,2399.8,0.373,Physics-Calibrated Surrogate (ISO 13790 / ECBC 2017 / ASHRAE 90.1)
Office,Temperate,95.5,1.382,0.349,3.977,0.631,549,552,4.2,2.79,7818.6,0.136,Physics-Calibrated Surrogate (ISO 13790 / ECBC 2017 / ASHRAE 90.1)
Office,Hot & Dry,140.1,3.455,0.388,1.569,0.398,3138,469,6.05,4.85,1891.8,0.393,Physics-Calibrated Surrogate (ISO 13790 / ECBC 2017 / ASHRAE 90.1)
Office,Warm & Humid,228.6,3.97,2.575,1.755,0.782,3489,141,5.33,2.67,11002.8,0.529,Physics-Calibrated Surrogate (ISO 13790 / ECBC 2017 / ASHRAE 90.1)
Office,Warm & Humid,131.6,0.484,0.562,3.77,0.39,3304,11,4.88,4.32,6089.0,0.504,Physics-Calibrated Surrogate (ISO 13790 / ECBC 2017 / ASHRAE 90.1)
Office,Composite,142.3,2.779,0.908,2.968,0.465,1619,710,4.91,3.95,6739.1,0.703,Physics-Calibrated Surrogate (ISO 13790 / ECBC 2017 / ASHRAE 90.1)
Office,Hot & Dry,164.7,2.825,2.514,4.367,0.412,3586,72,5.98,2.92,7195.3,0.36,Physics-Calibrated Surrogate (ISO 13790 / ECBC 2017 / ASHRAE 90.1)
Office,Hot & Dry,177.1,2.975,1.291,1.53,0.437,3716,96,5.73,3.28,792.6,0.552,Physics-Calibrated Surrogate (ISO 13790 / ECBC 2017 / ASHRAE 90.1)
Office,Cold,103.9,0.742,0.711,5.671,0.31,491,2129,4.93,4.94,7172.5,0.492,Physics-Calibrated Surrogate (ISO 13790 / ECBC 2017 / ASHRAE 90.1)
Office,Warm & Humid,166.2,3.476,1.686,2.531,0.78,3378,106,5.0,2.79,2340.3,0.116,Physics-Calibrated Surrogate (ISO 13790 / ECBC 2017 / ASHRAE 90.1)
Office,Warm & Humid,146.3,2.591,0.445,3.992,0.256,2323,100,5.12,2.58,5607.5,0.796,Physics-Calibrated Surrogate (ISO 13790 / ECBC 2017 / ASHRAE 90.1)
Office,Cold,123.2,1.389,0.802,1.465,0.39,464,2020,4.92,3.18,5565.1,0.312,Physics-Calibrated Surrogate (ISO 13790 / ECBC 2017 / ASHRAE 90.1)
Office,Temperate,103.7,4.499,0.654,4.957,0.295,438,458,4.91,4.46,2400.3,0.508,Physics-Calibrated Surrogate (ISO 13790 / ECBC 2017 / ASHRAE 90.1)
Office,Hot & Dry,164.2,3.881,2.531,5.372,0.243,4187,299,6.19,3.98,8904.4,0.204,Physics-Calibrated Surrogate (ISO 13790 / ECBC 2017 / ASHRAE 90.1)
Office,Warm & Humid,111.6,3.62,0.568,4.853,0.343,2466,53,5.19,4.69,10504.6,0.191,Physics-Calibrated Surrogate (ISO 13790 / ECBC 2017 / ASHRAE 90.1)
Office,Temperate,127.9,1.154,2.702,2.978,0.508,1119,681,4.97,3.73,4816.3,0.3,Physics-Calibrated Surrogate (ISO 13790 / ECBC 2017 / ASHRAE 90.1)
Office,Warm & Humid,150.5,3.688,1.746,5.782,0.192,3173,81,5.08,2.51,7424.3,0.514,Physics-Calibrated Surrogate (ISO 13790 / ECBC 2017 / ASHRAE 90.1)
Office,Composite,150.1,4.191,0.214,3.393,0.631,2798,422,5.43,4.31,6370.0,0.539,Physics-Calibrated Surrogate (ISO 13790 / ECBC 2017 / ASHRAE 90.1)
Office,Warm & Humid,178.1,3.379,1.921,4.85,0.843,2519,125,5.34,3.0,9927.7,0.333,Physics-Calibrated Surrogate (ISO 13790 / ECBC 2017 / ASHRAE 90.1)
Office,Cold,134.6,4.015,2.495,1.68,0.429,240,2967,5.09,4.31,9952.2,0.666,Physics-Calibrated Surrogate (ISO 13790 / ECBC 2017 / ASHRAE 90.1)
Office,Temperate,102.8,2.724,2.487,1.228,0.221,713,457,4.6,4.67,6815.0,0.542,Physics-Calibrated Surrogate (ISO 13790 / ECBC 2017 / ASHRAE 90.1)
Office,Warm & Humid,146.5,1.276,1.091,4.896,0.8,3411,65,4.59,3.51,5133.0,0.307,Physics-Calibrated Surrogate (ISO 13790 / ECBC 2017 / ASHRAE 90.1)
Office,Composite,185.3,4.412,2.172,2.846,0.603,1932,330,5.47,2.81,3099.3,0.548,Physics-Calibrated Surrogate (ISO 13790 / ECBC 2017 / ASHRAE 90.1)
Office,Warm & Humid,161.2,3.299,2.905,4.898,0.537,3233,53,4.59,3.8,8350.1,0.269,Physics-Calibrated Surrogate (ISO 13790 / ECBC 2017 / ASHRAE 90.1)
Office,Cold,154.6,4.004,2.91,4.52,0.34,158,2694,4.73,3.51,5116.6,0.211,Physics-Calibrated Surrogate (ISO 13790 / ECBC 2017 / ASHRAE 90.1)
Office,Hot & Dry,201.0,3.412,1.21,1.669,0.402,3866,137,6.76,3.18,543.9,0.273,Physics-Calibrated Surrogate (ISO 13790 / ECBC 2017 / ASHRAE 90.1)
Office,Composite,94.2,4.122,1.414,5.635,0.213,1627,551,5.9,4.22,10756.5,0.404,Physics-Calibrated Surrogate (ISO 13790 / ECBC 2017 / ASHRAE 90.1)
Office,Composite,171.0,4.357,2.699,5.574,0.642,1831,274,5.03,3.25,8700.0,0.566,Physics-Calibrated Surrogate (ISO 13790 / ECBC 2017 / ASHRAE 90.1)
Office,Cold,142.1,2.117,1.683,2.161,0.408,392,2112,4.11,3.42,11503.2,0.45,Physics-Calibrated Surrogate (ISO 13790 / ECBC 2017 / ASHRAE 90.1)
Office,Warm & Humid,136.3,3.644,2.676,1.365,0.426,2848,72,5.63,4.83,8900.7,0.553,Physics-Calibrated Surrogate (ISO 13790 / ECBC 2017 / ASHRAE 90.1)
Office,Temperate,92.6,3.295,0.817,5.295,0.351,573,102,4.61,3.42,7915.6,0.377,Physics-Calibrated Surrogate (ISO 13790 / ECBC 2017 / ASHRAE 90.1)
Office,Cold,172.0,3.279,3.329,1.345,0.665,685,1757,3.91,3.33,10977.3,0.687,Physics-Calibrated Surrogate (ISO 13790 / ECBC 2017 / ASHRAE 90.1)
Office,Temperate,104.3,1.97,2.704,3.293,0.337,481,635,5.14,3.05,10592.9,0.129,Physics-Calibrated Surrogate (ISO 13790 / ECBC 2017 / ASHRAE 90.1)
Office,Hot & Dry,253.9,3.547,1.885,2.801,0.41,4197,470,5.9,2.5,701.9,0.305,Physics-Calibrated Surrogate (ISO 13790 / ECBC 2017 / ASHRAE 90.1)
Office,Composite,160.1,2.597,2.93,3.988,0.354,1572,583,5.57,3.02,10611.4,0.573,Physics-Calibrated Surrogate (ISO 13790 / ECBC 2017 / ASHRAE 90.1)
Office,Warm & Humid,138.7,4.459,0.951,3.641,0.606,2611,78,4.58,4.11,8223.9,0.508,Physics-Calibrated Surrogate (ISO 13790 / ECBC 2017 / ASHRAE 90.1)
Office,Temperate,122.1,4.064,2.988,2.65,0.343,577,332,4.47,4.95,8844.7,0.534,Physics-Calibrated Surrogate (ISO 13790 / ECBC 2017 / ASHRAE 90.1)
Office,Temperate,130.5,2.563,0.353,4.374,0.633,790,148,5.43,4.83,4379.4,0.607,Physics-Calibrated Surrogate (ISO 13790 / ECBC 2017 / ASHRAE 90.1)
Office,Temperate,191.5,2.525,0.96,3.503,0.626,1119,460,4.78,2.69,2044.2,0.771,Physics-Calibrated Surrogate (ISO 13790 / ECBC 2017 / ASHRAE 90.1)
Office,Warm & Humid,118.7,2.171,0.851,1.43,0.741,2913,45,5.06,4.95,1004.8,0.216,Physics-Calibrated Surrogate (ISO 13790 / ECBC 2017 / ASHRAE 90.1)
Office,Cold,128.8,2.973,1.819,3.071,0.817,149,2746,4.17,3.81,8079.8,0.176,Physics-Calibrated Surrogate (ISO 13790 / ECBC 2017 / ASHRAE 90.1)
Office,Warm & Humid,169.3,3.783,2.603,2.833,0.639,3242,54,4.78,3.49,649.8,0.11,Physics-Calibrated Surrogate (ISO 13790 / ECBC 2017 / ASHRAE 90.1)
Office,Warm & Humid,142.3,1.339,2.296,4.266,0.264,3129,7,4.71,3.91,5984.4,0.603,Physics-Calibrated Surrogate (ISO 13790 / ECBC 2017 / ASHRAE 90.1)
Office,Hot & Dry,147.4,3.68,0.304,4.917,0.275,2920,123,6.68,3.79,4835.3,0.486,Physics-Calibrated Surrogate (ISO 13790 / ECBC 2017 / ASHRAE 90.1)
Office,Composite,204.3,0.302,3.17,1.908,0.843,1989,712,5.14,4.89,5131.8,0.726,Physics-Calibrated Surrogate (ISO 13790 / ECBC 2017 / ASHRAE 90.1)
Office,Hot & Dry,151.3,2.724,1.346,4.823,0.326,4358,453,6.63,3.91,11061.9,0.766,Physics-Calibrated Surrogate (ISO 13790 / ECBC 2017 / ASHRAE 90.1)
Office,Composite,174.0,4.392,0.242,5.063,0.676,2305,423,5.99,3.07,10875.7,0.714,Physics-Calibrated Surrogate (ISO 13790 / ECBC 2017 / ASHRAE 90.1)
Office,Temperate,133.5,3.487,1.096,2.824,0.776,1008,355,4.77,4.87,7171.0,0.462,Physics-Calibrated Surrogate (ISO 13790 / ECBC 2017 / ASHRAE 90.1)
Office,Cold,95.1,1.16,2.13,2.056,0.382,504,1661,4.83,4.64,5977.9,0.448,Physics-Calibrated Surrogate (ISO 13790 / ECBC 2017 / ASHRAE 90.1)
Office,Composite,119.8,3.764,1.877,3.331,0.182,1239,288,5.82,3.23,9399.9,0.347,Physics-Calibrated Surrogate (ISO 13790 / ECBC 2017 / ASHRAE 90.1)
Office,Cold,117.0,2.05,1.9,1.451,0.831,680,2062,3.72,3.07,9303.8,0.1,Physics-Calibrated Surrogate (ISO 13790 / ECBC 2017 / ASHRAE 90.1)
Office,Composite,132.8,3.373,2.296,3.113,0.681,1583,790,4.87,4.02,2697.9,0.317,Physics-Calibrated Surrogate (ISO 13790 / ECBC 2017 / ASHRAE 90.1)
Office,Cold,198.1,4.088,2.852,5.73,0.678,636,2335,4.89,3.48,2588.6,0.36,Physics-Calibrated Surrogate (ISO 13790 / ECBC 2017 / ASHRAE 90.1)
Office,Composite,137.3,1.429,2.255,3.417,0.403,2137,301,4.83,4.87,3593.7,0.462,Physics-Calibrated Surrogate (ISO 13790 / ECBC 2017 / ASHRAE 90.1)
Office,Hot & Dry,198.0,1.023,3.408,3.265,0.261,4158,454,6.34,2.95,9478.4,0.596,Physics-Calibrated Surrogate (ISO 13790 / ECBC 2017 / ASHRAE 90.1)
Office,Warm & Humid,171.3,3.897,2.499,4.544,0.543,2962,72,4.95,4.87,4359.5,0.785,Physics-Calibrated Surrogate (ISO 13790 / ECBC 2017 / ASHRAE 90.1)
Office,Hot & Dry,206.9,0.367,2.77,1.772,0.708,4372,320,6.26,4.04,4953.2,0.735,Physics-Calibrated Surrogate (ISO 13790 / ECBC 2017 / ASHRAE 90.1)
Office,Hot & Dry,161.2,2.326,0.547,5.623,0.65,3492,482,6.31,4.88,5440.4,0.316,Physics-Calibrated Surrogate (ISO 13790 / ECBC 2017 / ASHRAE 90.1)
Office,Composite,156.2,1.63,2.885,3.507,0.2,2778,557,5.93,3.28,8287.3,0.538,Physics-Calibrated Surrogate (ISO 13790 / ECBC 2017 / ASHRAE 90.1)
Office,Temperate,116.5,1.104,1.529,5.501,0.451,763,223,4.44,4.69,727.7,0.373,Physics-Calibrated Surrogate (ISO 13790 / ECBC 2017 / ASHRAE 90.1)
Office,Cold,132.6,3.179,1.264,1.46,0.412,217,2087,4.83,4.86,3786.2,0.403,Physics-Calibrated Surrogate (ISO 13790 / ECBC 2017 / ASHRAE 90.1)
Office,Composite,159.1,2.114,3.434,1.511,0.513,1327,576,4.94,2.95,3695.3,0.293,Physics-Calibrated Surrogate (ISO 13790 / ECBC 2017 / ASHRAE 90.1)
Office,Warm & Humid,145.4,1.97,1.035,2.145,0.488,2880,81,5.42,3.17,5361.4,0.343,Physics-Calibrated Surrogate (ISO 13790 / ECBC 2017 / ASHRAE 90.1)
Office,Warm & Humid,112.3,2.919,2.322,2.43,0.161,2418,19,4.89,4.91,1558.8,0.519,Physics-Calibrated Surrogate (ISO 13790 / ECBC 2017 / ASHRAE 90.1)
Office,Composite,95.9,1.348,0.157,2.001,0.232,1272,580,5.74,3.62,7210.9,0.468,Physics-Calibrated Surrogate (ISO 13790 / ECBC 2017 / ASHRAE 90.1)
Office,Composite,127.8,2.014,0.202,3.881,0.327,1759,347,5.62,3.63,8563.1,0.576,Physics-Calibrated Surrogate (ISO 13790 / ECBC 2017 / ASHRAE 90.1)
Office,Hot & Dry,220.0,1.202,2.378,3.491,0.67,4173,469,6.59,3.32,7598.4,0.618,Physics-Calibrated Surrogate (ISO 13790 / ECBC 2017 / ASHRAE 90.1)
Office,Temperate,179.8,2.876,2.286,2.313,0.65,904,478,5.14,2.73,604.1,0.513,Physics-Calibrated Surrogate (ISO 13790 / ECBC 2017 / ASHRAE 90.1)
Office,Hot & Dry,98.0,1.795,0.203,1.555,0.788,3256,200,5.58,3.39,10982.5,0.121,Physics-Calibrated Surrogate (ISO 13790 / ECBC 2017 / ASHRAE 90.1)
Office,Hot & Dry,195.8,3.681,2.907,5.49,0.531,2830,65,5.62,3.0,11442.1,0.687,Physics-Calibrated Surrogate (ISO 13790 / ECBC 2017 / ASHRAE 90.1)
Office,Warm & Humid,141.2,3.537,1.582,2.149,0.71,3069,64,4.83,3.33,11858.1,0.304,Physics-Calibrated Surrogate (ISO 13790 / ECBC 2017 / ASHRAE 90.1)
Office,Warm & Humid,190.5,3.027,3.287,1.494,0.727,2562,122,5.42,3.23,5417.4,0.41,Physics-Calibrated Surrogate (ISO 13790 / ECBC 2017 / ASHRAE 90.1)
Office,Composite,130.6,2.363,3.256,1.685,0.685,2408,304,5.22,3.52,6280.3,0.139,Physics-Calibrated Surrogate (ISO 13790 / ECBC 2017 / ASHRAE 90.1)
Office,Cold,127.2,0.764,1.119,2.625,0.325,120,1441,5.0,3.79,9862.4,0.58,Physics-Calibrated Surrogate (ISO 13790 / ECBC 2017 / ASHRAE 90.1)
Office,Hot & Dry,182.7,1.593,3.211,5.583,0.379,2776,110,6.03,3.39,10028.4,0.653,Physics-Calibrated Surrogate (ISO 13790 / ECBC 2017 / ASHRAE 90.1)
Office,Hot & Dry,247.3,1.765,1.897,4.855,0.769,3380,262,6.86,3.36,1392.9,0.68,Physics-Calibrated Surrogate (ISO 13790 / ECBC 2017 / ASHRAE 90.1)
Office,Composite,128.3,3.332,1.439,3.451,0.451,1613,825,5.21,4.35,5780.7,0.388,Physics-Calibrated Surrogate (ISO 13790 / ECBC 2017 / ASHRAE 90.1)
Office,Temperate,126.7,0.996,3.134,2.311,0.398,317,705,4.41,2.76,1460.9,0.113,Physics-Calibrated Surrogate (ISO 13790 / ECBC 2017 / ASHRAE 90.1)
Office,Temperate,88.9,1.942,0.935,2.21,0.822,973,333,4.99,4.04,3321.6,0.14,Physics-Calibrated Surrogate (ISO 13790 / ECBC 2017 / ASHRAE 90.1)
Office,Hot & Dry,145.9,2.4,1.53,5.204,0.592,2518,244,6.54,3.83,8574.7,0.22,Physics-Calibrated Surrogate (ISO 13790 / ECBC 2017 / ASHRAE 90.1)
Office,Cold,147.8,4.418,1.866,1.726,0.685,659,2656,4.34,4.2,11231.0,0.407,Physics-Calibrated Surrogate (ISO 13790 / ECBC 2017 / ASHRAE 90.1)
Office,Composite,162.8,3.192,0.998,1.246,0.656,2760,350,5.46,3.84,6947.8,0.54,Physics-Calibrated Surrogate (ISO 13790 / ECBC 2017 / ASHRAE 90.1)
Office,Hot & Dry,140.8,3.625,1.662,2.044,0.748,3616,135,6.76,4.71,6078.6,0.334,Physics-Calibrated Surrogate (ISO 13790 / ECBC 2017 / ASHRAE 90.1)
Office,Hot & Dry,186.3,3.985,1.455,3.692,0.828,3755,195,6.85,2.67,2839.9,0.147,Physics-Calibrated Surrogate (ISO 13790 / ECBC 2017 / ASHRAE 90.1)
Office,Hot & Dry,236.5,1.273,3.308,1.397,0.462,3572,222,6.18,2.68,6403.7,0.792,Physics-Calibrated Surrogate (ISO 13790 / ECBC 2017 / ASHRAE 90.1)
Office,Temperate,166.5,0.335,0.879,4.244,0.489,806,671,5.14,2.51,8052.4,0.596,Physics-Calibrated Surrogate (ISO 13790 / ECBC 2017 / ASHRAE 90.1)
Office,Temperate,130.7,2.089,1.986,3.597,0.395,781,416,4.33,4.19,1059.6,0.507,Physics-Calibrated Surrogate (ISO 13790 / ECBC 2017 / ASHRAE 90.1)
Office,Composite,134.8,4.115,2.692,3.947,0.608,1782,191,5.07,4.72,10739.7,0.625,Physics-Calibrated Surrogate (ISO 13790 / ECBC 2017 / ASHRAE 90.1)
Office,Cold,137.3,2.772,0.771,3.959,0.753,569,2905,4.21,4.67,8696.9,0.37,Physics-Calibrated Surrogate (ISO 13790 / ECBC 2017 / ASHRAE 90.1)
Office,Hot & Dry,167.7,4.326,1.594,3.727,0.523,4253,51,5.7,4.09,5604.4,0.416,Physics-Calibrated Surrogate (ISO 13790 / ECBC 2017 / ASHRAE 90.1)
Office,Composite,124.8,3.217,0.883,3.938,0.335,2445,160,5.25,4.15,3599.4,0.234,Physics-Calibrated Surrogate (ISO 13790 / ECBC 2017 / ASHRAE 90.1)
Office,Temperate,105.6,1.39,0.263,5.244,0.32,1168,439,4.68,3.89,5472.0,0.122,Physics-Calibrated Surrogate (ISO 13790 / ECBC 2017 / ASHRAE 90.1)
Office,Warm & Humid,177.7,2.133,2.384,1.634,0.674,3101,55,4.76,4.53,6413.3,0.615,Physics-Calibrated Surrogate (ISO 13790 / ECBC 2017 / ASHRAE 90.1)
Office,Cold,102.1,1.611,0.203,1.279,0.792,558,1698,4.19,4.27,657.5,0.156,Physics-Calibrated Surrogate (ISO 13790 / ECBC 2017 / ASHRAE 90.1)
Office,Temperate,134.1,2.042,1.498,2.997,0.199,994,306,4.87,4.1,561.5,0.757,Physics-Calibrated Surrogate (ISO 13790 / ECBC 2017 / ASHRAE 90.1)
Office,Cold,168.0,2.898,2.271,3.359,0.46,375,3458,4.98,3.74,4860.0,0.36,Physics-Calibrated Surrogate (ISO 13790 / ECBC 2017 / ASHRAE 90.1)
Office,Hot & Dry,236.4,3.134,2.42,2.916,0.809,2669,215,6.39,2.92,1113.5,0.418,Physics-Calibrated Surrogate (ISO 13790 / ECBC 2017 / ASHRAE 90.1)
Office,Hot & Dry,155.4,2.817,0.751,4.444,0.469,3500,231,5.91,4.17,2296.4,0.545,Physics-Calibrated Surrogate (ISO 13790 / ECBC 2017 / ASHRAE 90.1)
Office,Cold,112.6,1.02,1.669,3.292,0.63,529,1853,3.6,4.78,8382.0,0.117,Physics-Calibrated Surrogate (ISO 13790 / ECBC 2017 / ASHRAE 90.1)
Office,Cold,114.6,0.433,1.568,1.589,0.575,537,2810,4.51,4.7,4581.6,0.136,Physics-Calibrated Surrogate (ISO 13790 / ECBC 2017 / ASHRAE 90.1)
Office,Composite,148.9,3.66,3.113,1.776,0.29,1718,144,6.17,3.04,8359.7,0.363,Physics-Calibrated Surrogate (ISO 13790 / ECBC 2017 / ASHRAE 90.1)
Office,Hot & Dry,191.1,0.581,3.417,4.958,0.747,3787,256,6.77,4.84,1217.5,0.335,Physics-Calibrated Surrogate (ISO 13790 / ECBC 2017 / ASHRAE 90.1)
Office,Composite,112.5,2.295,0.335,5.535,0.202,1693,622,5.91,3.6,5286.5,0.218,Physics-Calibrated Surrogate (ISO 13790 / ECBC 2017 / ASHRAE 90.1)
Office,Hot & Dry,155.8,1.67,1.153,2.27,0.241,4331,121,6.16,3.14,3701.2,0.659,Physics-Calibrated Surrogate (ISO 13790 / ECBC 2017 / ASHRAE 90.1)
Office,Hot & Dry,190.0,4.073,2.752,1.552,0.841,3943,174,5.95,3.18,11716.8,0.219,Physics-Calibrated Surrogate (ISO 13790 / ECBC 2017 / ASHRAE 90.1)
Office,Cold,125.0,0.313,0.734,5.227,0.459,291,1685,4.83,4.96,3991.7,0.318,Physics-Calibrated Surrogate (ISO 13790 / ECBC 2017 / ASHRAE 90.1)
Office,Warm & Humid,167.5,1.758,1.983,5.762,0.615,3024,105,4.87,3.0,4683.8,0.234,Physics-Calibrated Surrogate (ISO 13790 / ECBC 2017 / ASHRAE 90.1)
Office,Temperate,152.0,3.186,2.355,1.738,0.71,517,181,4.81,2.81,8044.6,0.492,Physics-Calibrated Surrogate (ISO 13790 / ECBC 2017 / ASHRAE 90.1)
Office,Temperate,132.9,3.735,1.859,4.587,0.509,486,444,4.87,4.67,10887.9,0.723,Physics-Calibrated Surrogate (ISO 13790 / ECBC 2017 / ASHRAE 90.1)
Office,Hot & Dry,167.1,0.994,3.012,3.458,0.435,3344,209,5.92,4.76,2014.0,0.698,Physics-Calibrated Surrogate (ISO 13790 / ECBC 2017 / ASHRAE 90.1)
Office,Cold,137.4,3.65,1.381,1.6,0.54,521,3494,4.47,4.61,2144.5,0.362,Physics-Calibrated Surrogate (ISO 13790 / ECBC 2017 / ASHRAE 90.1)
Office,Hot & Dry,223.5,2.774,2.668,4.068,0.57,3650,474,5.88,2.63,6480.9,0.465,Physics-Calibrated Surrogate (ISO 13790 / ECBC 2017 / ASHRAE 90.1)
Office,Temperate,106.2,0.694,1.779,5.435,0.178,1016,436,4.4,3.23,5770.7,0.346,Physics-Calibrated Surrogate (ISO 13790 / ECBC 2017 / ASHRAE 90.1)
Office,Composite,116.9,2.347,1.59,3.946,0.85,1980,328,5.45,4.42,9246.6,0.208,Physics-Calibrated Surrogate (ISO 13790 / ECBC 2017 / ASHRAE 90.1)
Office,Cold,149.8,0.491,2.316,2.243,0.619,337,2317,4.31,3.67,8255.6,0.634,Physics-Calibrated Surrogate (ISO 13790 / ECBC 2017 / ASHRAE 90.1)
Office,Temperate,129.4,3.466,0.872,2.746,0.476,716,407,5.41,4.43,11958.6,0.657,Physics-Calibrated Surrogate (ISO 13790 / ECBC 2017 / ASHRAE 90.1)
Office,Hot & Dry,151.9,3.666,1.464,4.654,0.238,3452,441,5.92,4.43,2495.2,0.366,Physics-Calibrated Surrogate (ISO 13790 / ECBC 2017 / ASHRAE 90.1)
Office,Cold,149.9,3.773,1.908,4.766,0.314,523,2791,4.16,3.36,1260.9,0.113,Physics-Calibrated Surrogate (ISO 13790 / ECBC 2017 / ASHRAE 90.1)
Office,Hot & Dry,172.8,2.809,2.339,2.085,0.357,3672,164,5.94,4.05,977.2,0.546,Physics-Calibrated Surrogate (ISO 13790 / ECBC 2017 / ASHRAE 90.1)
Office,Warm & Humid,190.5,2.581,1.312,3.204,0.706,2376,42,4.94,3.2,5739.6,0.575,Physics-Calibrated Surrogate (ISO 13790 / ECBC 2017 / ASHRAE 90.1)
Office,Composite,139.0,4.244,1.667,2.113,0.265,1995,309,6.19,3.1,6721.5,0.789,Physics-Calibrated Surrogate (ISO 13790 / ECBC 2017 / ASHRAE 90.1)
Office,Cold,171.0,3.455,2.675,3.858,0.783,636,2802,3.92,4.54,5916.0,0.563,Physics-Calibrated Surrogate (ISO 13790 / ECBC 2017 / ASHRAE 90.1)
Office,Warm & Humid,162.5,2.027,1.498,5.269,0.777,2663,112,4.51,4.77,2943.1,0.564,Physics-Calibrated Surrogate (ISO 13790 / ECBC 2017 / ASHRAE 90.1)
Office,Hot & Dry,196.4,3.925,2.905,1.997,0.49,3769,138,6.59,2.79,11312.5,0.523,Physics-Calibrated Surrogate (ISO 13790 / ECBC 2017 / ASHRAE 90.1)
Office,Cold,117.3,2.751,1.457,2.834,0.182,242,1449,3.73,3.04,8939.7,0.543,Physics-Calibrated Surrogate (ISO 13790 / ECBC 2017 / ASHRAE 90.1)
Office,Cold,148.7,0.647,1.001,4.788,0.219,291,3186,4.2,2.69,6946.7,0.76,Physics-Calibrated Surrogate (ISO 13790 / ECBC 2017 / ASHRAE 90.1)
Office,Cold,107.4,2.798,2.625,1.349,0.611,155,1642,5.17,3.83,2969.0,0.147,Physics-Calibrated Surrogate (ISO 13790 / ECBC 2017 / ASHRAE 90.1)
Office,Cold,126.4,2.111,1.314,1.432,0.187,537,1931,5.17,4.23,3486.2,0.779,Physics-Calibrated Surrogate (ISO 13790 / ECBC 2017 / ASHRAE 90.1)
Office,Cold,120.8,3.747,1.749,2.814,0.404,210,1960,4.48,4.51,4630.9,0.676,Physics-Calibrated Surrogate (ISO 13790 / ECBC 2017 / ASHRAE 90.1)
Office,Hot & Dry,132.4,1.067,0.618,3.852,0.683,2665,386,6.04,4.45,10998.3,0.496,Physics-Calibrated Surrogate (ISO 13790 / ECBC 2017 / ASHRAE 90.1)
Office,Cold,110.2,2.827,3.289,2.634,0.325,159,1205,4.65,4.14,1380.5,0.395,Physics-Calibrated Surrogate (ISO 13790 / ECBC 2017 / ASHRAE 90.1)
Office,Hot & Dry,174.4,3.549,0.298,4.389,0.604,3025,62,5.84,3.08,3250.1,0.459,Physics-Calibrated Surrogate (ISO 13790 / ECBC 2017 / ASHRAE 90.1)
Office,Composite,133.0,4.077,3.374,3.243,0.675,1321,531,4.87,3.83,4176.0,0.407,Physics-Calibrated Surrogate (ISO 13790 / ECBC 2017 / ASHRAE 90.1)
Office,Temperate,111.3,1.224,1.886,4.467,0.217,1107,286,4.24,3.29,10933.4,0.209,Physics-Calibrated Surrogate (ISO 13790 / ECBC 2017 / ASHRAE 90.1)
Office,Composite,112.0,2.251,1.422,2.656,0.35,1358,300,5.24,2.73,10119.7,0.135,Physics-Calibrated Surrogate (ISO 13790 / ECBC 2017 / ASHRAE 90.1)
Office,Cold,112.1,4.261,0.944,1.695,0.688,522,1370,5.02,3.75,8067.6,0.106,Physics-Calibrated Surrogate (ISO 13790 / ECBC 2017 / ASHRAE 90.1)
Office,Warm & Humid,159.9,2.707,1.239,1.381,0.34,3369,14,5.13,2.52,6412.1,0.316,Physics-Calibrated Surrogate (ISO 13790 / ECBC 2017 / ASHRAE 90.1)
Office,Cold,113.6,1.905,2.225,3.29,0.696,515,1925,4.89,4.99,5566.6,0.193,Physics-Calibrated Surrogate (ISO 13790 / ECBC 2017 / ASHRAE 90.1)
Office,Temperate,123.1,1.061,2.236,2.224,0.365,898,369,5.09,3.87,1884.5,0.757,Physics-Calibrated Surrogate (ISO 13790 / ECBC 2017 / ASHRAE 90.1)
Office,Cold,103.4,1.951,0.486,1.276,0.613,347,1694,4.79,4.01,10826.6,0.159,Physics-Calibrated Surrogate (ISO 13790 / ECBC 2017 / ASHRAE 90.1)
Office,Warm & Humid,101.2,1.411,1.088,2.478,0.175,2298,10,5.58,4.82,11404.9,0.313,Physics-Calibrated Surrogate (ISO 13790 / ECBC 2017 / ASHRAE 90.1)
Office,Composite,112.7,3.607,1.177,1.385,0.562,2753,582,4.84,3.49,7207.4,0.108,Physics-Calibrated Surrogate (ISO 13790 / ECBC 2017 / ASHRAE 90.1)
Office,Warm & Humid,116.2,2.455,0.801,1.629,0.437,3026,26,5.24,2.91,9141.7,0.192,Physics-Calibrated Surrogate (ISO 13790 / ECBC 2017 / ASHRAE 90.1)
Office,Temperate,118.3,3.957,0.43,2.171,0.677,819,189,4.32,2.63,5675.7,0.336,Physics-Calibrated Surrogate (ISO 13790 / ECBC 2017 / ASHRAE 90.1)
Office,Temperate,130.2,2.622,0.874,2.16,0.357,680,392,5.15,4.78,6070.5,0.586,Physics-Calibrated Surrogate (ISO 13790 / ECBC 2017 / ASHRAE 90.1)
Office,Temperate,130.0,1.946,2.485,2.09,0.599,1197,323,5.08,3.15,1151.8,0.124,Physics-Calibrated Surrogate (ISO 13790 / ECBC 2017 / ASHRAE 90.1)
Office,Temperate,134.4,3.127,2.912,3.026,0.259,666,649,4.51,4.34,8232.4,0.678,Physics-Calibrated Surrogate (ISO 13790 / ECBC 2017 / ASHRAE 90.1)
Office,Cold,118.8,0.793,0.716,2.818,0.683,399,3025,3.55,3.77,5612.1,0.453,Physics-Calibrated Surrogate (ISO 13790 / ECBC 2017 / ASHRAE 90.1)
Office,Composite,135.4,1.687,2.04,5.113,0.291,2404,387,5.67,4.84,5228.7,0.399,Physics-Calibrated Surrogate (ISO 13790 / ECBC 2017 / ASHRAE 90.1)
Office,Cold,138.5,2.367,0.803,4.2,0.697,103,2633,4.39,4.48,3416.2,0.43,Physics-Calibrated Surrogate (ISO 13790 / ECBC 2017 / ASHRAE 90.1)
Office,Warm & Humid,153.8,3.857,1.237,4.312,0.566,3331,18,4.66,4.01,11760.2,0.572,Physics-Calibrated Surrogate (ISO 13790 / ECBC 2017 / ASHRAE 90.1)
Office,Temperate,133.7,2.926,2.653,2.206,0.192,977,195,4.49,2.83,8462.1,0.263,Physics-Calibrated Surrogate (ISO 13790 / ECBC 2017 / ASHRAE 90.1)
Office,Hot & Dry,185.1,2.31,3.262,2.727,0.476,2967,291,5.57,2.53,8942.7,0.339,Physics-Calibrated Surrogate (ISO 13790 / ECBC 2017 / ASHRAE 90.1)
Office,Temperate,116.1,2.369,2.272,4.905,0.429,338,159,5.21,4.51,8237.7,0.607,Physics-Calibrated Surrogate (ISO 13790 / ECBC 2017 / ASHRAE 90.1)
Office,Cold,176.1,3.827,0.577,4.881,0.754,255,3372,3.54,2.88,4671.7,0.483,Physics-Calibrated Surrogate (ISO 13790 / ECBC 2017 / ASHRAE 90.1)
Office,Cold,139.9,4.273,1.141,1.205,0.34,455,1639,4.85,3.04,8278.2,0.576,Physics-Calibrated Surrogate (ISO 13790 / ECBC 2017 / ASHRAE 90.1)
Office,Temperate,117.8,3.175,3.174,5.051,0.239,960,203,4.37,2.82,5587.2,0.13,Physics-Calibrated Surrogate (ISO 13790 / ECBC 2017 / ASHRAE 90.1)
Office,Cold,95.5,4.043,0.196,2.685,0.538,208,1571,4.6,2.87,3814.9,0.309,Physics-Calibrated Surrogate (ISO 13790 / ECBC 2017 / ASHRAE 90.1)
Office,Cold,166.7,1.896,2.184,2.988,0.318,350,2868,4.37,2.74,1478.1,0.484,Physics-Calibrated Surrogate (ISO 13790 / ECBC 2017 / ASHRAE 90.1)
Office,Composite,137.7,4.044,1.704,2.672,0.484,1765,443,5.37,3.3,1508.0,0.146,Physics-Calibrated Surrogate (ISO 13790 / ECBC 2017 / ASHRAE 90.1)
Office,Warm & Humid,156.4,3.402,2.383,1.75,0.551,3051,69,5.27,3.14,8488.5,0.355,Physics-Calibrated Surrogate (ISO 13790 / ECBC 2017 / ASHRAE 90.1)
Office,Composite,174.4,1.592,1.798,4.864,0.313,2325,784,5.89,3.07,8247.6,0.637,Physics-Calibrated Surrogate (ISO 13790 / ECBC 2017 / ASHRAE 90.1)
Office,Warm & Humid,133.2,0.661,0.341,1.685,0.56,3057,114,5.12,3.86,7234.0,0.479,Physics-Calibrated Surrogate (ISO 13790 / ECBC 2017 / ASHRAE 90.1)
Office,Composite,134.7,1.593,2.206,5.331,0.717,2746,709,5.5,3.96,8427.1,0.277,Physics-Calibrated Surrogate (ISO 13790 / ECBC 2017 / ASHRAE 90.1)
Office,Composite,163.2,1.717,3.304,3.637,0.663,1558,416,6.2,4.81,8555.0,0.639,Physics-Calibrated Surrogate (ISO 13790 / ECBC 2017 / ASHRAE 90.1)
Office,Warm & Humid,150.4,2.755,3.397,2.938,0.193,2722,91,5.72,3.35,3385.1,0.184,Physics-Calibrated Surrogate (ISO 13790 / ECBC 2017 / ASHRAE 90.1)
Office,Temperate,103.2,0.779,3.303,5.214,0.466,1081,433,4.28,4.96,6242.0,0.174,Physics-Calibrated Surrogate (ISO 13790 / ECBC 2017 / ASHRAE 90.1)
Office,Warm & Humid,163.4,4.309,0.657,3.396,0.571,2621,63,5.56,3.95,11315.8,0.554,Physics-Calibrated Surrogate (ISO 13790 / ECBC 2017 / ASHRAE 90.1)
Office,Composite,123.1,3.384,0.85,1.469,0.537,2019,772,4.98,3.99,5005.0,0.214,Physics-Calibrated Surrogate (ISO 13790 / ECBC 2017 / ASHRAE 90.1)
Office,Cold,139.0,0.923,0.726,5.242,0.541,391,3169,4.4,4.67,8301.5,0.515,Physics-Calibrated Surrogate (ISO 13790 / ECBC 2017 / ASHRAE 90.1)
Office,Temperate,108.2,2.41,0.823,2.649,0.704,720,628,4.88,4.79,4169.9,0.429,Physics-Calibrated Surrogate (ISO 13790 / ECBC 2017 / ASHRAE 90.1)
Office,Cold,116.2,2.834,2.836,3.36,0.446,356,1641,5.18,4.99,4245.4,0.376,Physics-Calibrated Surrogate (ISO 13790 / ECBC 2017 / ASHRAE 90.1)
Office,Hot & Dry,175.3,1.736,3.077,1.259,0.309,4461,82,5.72,3.92,9538.1,0.533,Physics-Calibrated Surrogate (ISO 13790 / ECBC 2017 / ASHRAE 90.1)
Office,Cold,105.3,1.209,1.633,1.422,0.724,271,1473,4.52,4.57,10877.6,0.368,Physics-Calibrated Surrogate (ISO 13790 / ECBC 2017 / ASHRAE 90.1)
Office,Warm & Humid,169.7,4.229,1.711,3.249,0.16,3419,112,5.15,3.12,1283.3,0.253,Physics-Calibrated Surrogate (ISO 13790 / ECBC 2017 / ASHRAE 90.1)
Office,Temperate,165.8,3.764,2.789,2.503,0.736,478,730,4.82,3.86,741.7,0.674,Physics-Calibrated Surrogate (ISO 13790 / ECBC 2017 / ASHRAE 90.1)
Office,Warm & Humid,132.0,1.924,0.321,3.03,0.508,3124,122,4.71,3.71,2621.3,0.242,Physics-Calibrated Surrogate (ISO 13790 / ECBC 2017 / ASHRAE 90.1)
Office,Temperate,176.9,2.677,3.091,3.766,0.822,474,790,4.28,2.62,1318.3,0.502,Physics-Calibrated Surrogate (ISO 13790 / ECBC 2017 / ASHRAE 90.1)
Office,Warm & Humid,139.2,2.197,3.289,5.727,0.708,2312,0,4.93,4.39,7276.0,0.418,Physics-Calibrated Surrogate (ISO 13790 / ECBC 2017 / ASHRAE 90.1)
Office,Composite,119.6,1.501,2.403,1.981,0.189,1333,526,4.87,3.33,11172.6,0.164,Physics-Calibrated Surrogate (ISO 13790 / ECBC 2017 / ASHRAE 90.1)
Office,Hot & Dry,149.4,4.318,2.158,4.552,0.371,2731,269,6.0,3.48,2536.4,0.169,Physics-Calibrated Surrogate (ISO 13790 / ECBC 2017 / ASHRAE 90.1)
Office,Warm & Humid,117.4,4.174,0.394,2.491,0.395,2566,81,5.38,4.46,6789.7,0.433,Physics-Calibrated Surrogate (ISO 13790 / ECBC 2017 / ASHRAE 90.1)
Office,Composite,204.4,2.357,2.263,4.603,0.579,2198,408,5.76,2.54,11558.6,0.611,Physics-Calibrated Surrogate (ISO 13790 / ECBC 2017 / ASHRAE 90.1)
Office,Temperate,122.2,1.061,3.357,5.295,0.607,1159,798,4.68,3.65,6501.7,0.148,Physics-Calibrated Surrogate (ISO 13790 / ECBC 2017 / ASHRAE 90.1)
Office,Cold,139.7,1.963,0.596,1.93,0.814,442,2219,5.19,4.7,2055.0,0.573,Physics-Calibrated Surrogate (ISO 13790 / ECBC 2017 / ASHRAE 90.1)
Office,Composite,145.8,0.978,1.73,3.746,0.549,2118,451,5.3,3.03,7328.5,0.503,Physics-Calibrated Surrogate (ISO 13790 / ECBC 2017 / ASHRAE 90.1)
Office,Composite,124.7,3.237,1.257,4.626,0.439,2526,779,5.16,2.99,5939.8,0.13,Physics-Calibrated Surrogate (ISO 13790 / ECBC 2017 / ASHRAE 90.1)
Office,Hot & Dry,151.7,2.458,1.115,1.23,0.497,2842,197,5.89,3.21,5319.6,0.52,Physics-Calibrated Surrogate (ISO 13790 / ECBC 2017 / ASHRAE 90.1)
Office,Cold,146.8,0.556,0.254,4.486,0.403,174,2877,3.68,2.81,1978.9,0.502,Physics-Calibrated Surrogate (ISO 13790 / ECBC 2017 / ASHRAE 90.1)
Office,Hot & Dry,169.9,2.807,2.864,3.176,0.675,2928,482,6.79,4.78,7136.8,0.723,Physics-Calibrated Surrogate (ISO 13790 / ECBC 2017 / ASHRAE 90.1)
Office,Hot & Dry,219.6,1.916,1.611,3.933,0.563,3565,452,5.75,2.67,2583.5,0.653,Physics-Calibrated Surrogate (ISO 13790 / ECBC 2017 / ASHRAE 90.1)
Office,Warm & Humid,142.8,1.814,2.176,2.982,0.754,3233,29,5.43,3.27,7158.2,0.11,Physics-Calibrated Surrogate (ISO 13790 / ECBC 2017 / ASHRAE 90.1)
Office,Warm & Humid,227.7,3.083,2.856,5.275,0.721,3432,15,4.93,2.55,6910.2,0.595,Physics-Calibrated Surrogate (ISO 13790 / ECBC 2017 / ASHRAE 90.1)
Office,Hot & Dry,185.2,1.376,0.889,1.835,0.751,3531,116,5.57,3.75,3157.4,0.728,Physics-Calibrated Surrogate (ISO 13790 / ECBC 2017 / ASHRAE 90.1)
Office,Temperate,160.2,3.158,3.271,4.054,0.713,848,173,5.39,2.71,963.3,0.459,Physics-Calibrated Surrogate (ISO 13790 / ECBC 2017 / ASHRAE 90.1)
Office,Cold,112.7,3.121,2.593,3.845,0.295,188,1998,5.14,3.76,5025.9,0.192,Physics-Calibrated Surrogate (ISO 13790 / ECBC 2017 / ASHRAE 90.1)
Office,Warm & Humid,146.5,1.973,0.173,3.608,0.795,3322,81,4.77,4.53,4102.6,0.545,Physics-Calibrated Surrogate (ISO 13790 / ECBC 2017 / ASHRAE 90.1)
Office,Temperate,122.3,0.407,2.79,5.355,0.337,846,282,4.39,4.53,8063.7,0.549,Physics-Calibrated Surrogate (ISO 13790 / ECBC 2017 / ASHRAE 90.1)
Office,Warm & Humid,119.8,3.597,1.067,5.394,0.218,2794,41,5.21,4.63,11151.4,0.71,Physics-Calibrated Surrogate (ISO 13790 / ECBC 2017 / ASHRAE 90.1)
Office,Composite,143.2,3.918,0.61,5.581,0.38,2761,482,4.97,4.16,4088.7,0.662,Physics-Calibrated Surrogate (ISO 13790 / ECBC 2017 / ASHRAE 90.1)
Office,Composite,207.6,0.853,2.512,4.613,0.624,2551,278,6.12,3.13,4098.6,0.701,Physics-Calibrated Surrogate (ISO 13790 / ECBC 2017 / ASHRAE 90.1)
Office,Composite,137.8,3.746,2.417,4.126,0.431,1200,830,5.1,3.94,1513.7,0.236,Physics-Calibrated Surrogate (ISO 13790 / ECBC 2017 / ASHRAE 90.1)
Office,Composite,153.1,3.279,0.503,5.059,0.62,1582,308,5.45,4.24,10030.2,0.681,Physics-Calibrated Surrogate (ISO 13790 / ECBC 2017 / ASHRAE 90.1)
Office,Temperate,109.5,1.769,3.039,2.272,0.637,962,149,4.6,4.07,4250.2,0.15,Physics-Calibrated Surrogate (ISO 13790 / ECBC 2017 / ASHRAE 90.1)
Office,Cold,129.4,4.128,0.892,1.458,0.329,460,2183,5.16,3.82,7200.2,0.797,Physics-Calibrated Surrogate (ISO 13790 / ECBC 2017 / ASHRAE 90.1)
Office,Cold,135.9,3.085,2.144,3.11,0.446,649,3261,5.17,4.46,3374.7,0.151,Physics-Calibrated Surrogate (ISO 13790 / ECBC 2017 / ASHRAE 90.1)
Office,Composite,123.2,1.463,0.304,5.482,0.613,2708,883,5.99,4.37,8245.8,0.196,Physics-Calibrated Surrogate (ISO 13790 / ECBC 2017 / ASHRAE 90.1)
Office,Cold,133.8,3.921,0.503,3.748,0.509,547,2751,4.14,3.2,7063.8,0.435,Physics-Calibrated Surrogate (ISO 13790 / ECBC 2017 / ASHRAE 90.1)
Office,Warm & Humid,101.7,3.263,1.181,2.314,0.201,2356,109,5.64,4.36,8812.0,0.262,Physics-Calibrated Surrogate (ISO 13790 / ECBC 2017 / ASHRAE 90.1)
Office,Temperate,136.7,1.453,2.243,1.573,0.467,999,681,4.34,4.35,3175.3,0.625,Physics-Calibrated Surrogate (ISO 13790 / ECBC 2017 / ASHRAE 90.1)
Office,Composite,185.5,0.342,2.756,3.319,0.842,1494,288,5.51,3.71,10406.6,0.706,Physics-Calibrated Surrogate (ISO 13790 / ECBC 2017 / ASHRAE 90.1)
Office,Hot & Dry,128.7,0.329,1.502,2.28,0.723,2551,419,5.65,3.34,8623.3,0.342,Physics-Calibrated Surrogate (ISO 13790 / ECBC 2017 / ASHRAE 90.1)
Office,Composite,135.6,1.077,1.584,1.483,0.307,2039,164,6.13,3.41,2075.7,0.476,Physics-Calibrated Surrogate (ISO 13790 / ECBC 2017 / ASHRAE 90.1)
Office,Cold,168.7,1.552,1.223,1.956,0.698,598,3184,5.12,2.81,1192.6,0.308,Physics-Calibrated Surrogate (ISO 13790 / ECBC 2017 / ASHRAE 90.1)
Office,Composite,136.0,2.587,0.411,5.595,0.323,1768,581,6.07,4.65,2686.5,0.675,Physics-Calibrated Surrogate (ISO 13790 / ECBC 2017 / ASHRAE 90.1)
Office,Warm & Humid,135.2,3.673,3.436,3.987,0.503,3047,64,5.59,4.7,6278.4,0.11,Physics-Calibrated Surrogate (ISO 13790 / ECBC 2017 / ASHRAE 90.1)
Office,Cold,138.4,1.004,1.19,3.515,0.708,551,2429,4.43,4.35,2338.6,0.584,Physics-Calibrated Surrogate (ISO 13790 / ECBC 2017 / ASHRAE 90.1)
Office,Cold,134.5,4.293,0.853,2.4,0.829,157,2421,4.85,4.34,3035.9,0.23,Physics-Calibrated Surrogate (ISO 13790 / ECBC 2017 / ASHRAE 90.1)
Office,Temperate,116.7,3.507,0.514,5.714,0.417,920,666,4.71,4.44,11399.5,0.199,Physics-Calibrated Surrogate (ISO 13790 / ECBC 2017 / ASHRAE 90.1)
Office,Cold,157.3,2.927,2.858,1.518,0.384,645,2832,5.09,3.28,11052.9,0.721,Physics-Calibrated Surrogate (ISO 13790 / ECBC 2017 / ASHRAE 90.1)
Office,Warm & Humid,131.1,0.856,0.809,2.292,0.36,2782,89,5.28,4.11,9865.4,0.367,Physics-Calibrated Surrogate (ISO 13790 / ECBC 2017 / ASHRAE 90.1)
Office,Composite,137.0,1.889,1.883,3.1,0.29,1483,820,5.07,3.53,5920.0,0.431,Physics-Calibrated Surrogate (ISO 13790 / ECBC 2017 / ASHRAE 90.1)
Office,Warm & Humid,134.7,1.149,1.977,2.152,0.531,3192,73,5.44,3.08,4644.5,0.161,Physics-Calibrated Surrogate (ISO 13790 / ECBC 2017 / ASHRAE 90.1)
Office,Temperate,152.0,2.743,2.544,2.305,0.461,617,748,4.65,3.21,1782.1,0.499,Physics-Calibrated Surrogate (ISO 13790 / ECBC 2017 / ASHRAE 90.1)
Office,Warm & Humid,158.0,1.145,3.132,1.729,0.153,3112,17,5.45,3.76,3966.8,0.52,Physics-Calibrated Surrogate (ISO 13790 / ECBC 2017 / ASHRAE 90.1)
Office,Temperate,125.7,3.424,3.229,3.149,0.389,564,304,4.53,4.9,5847.9,0.259,Physics-Calibrated Surrogate (ISO 13790 / ECBC 2017 / ASHRAE 90.1)
Office,Warm & Humid,155.3,1.611,2.579,4.863,0.733,3354,41,5.22,4.96,3941.2,0.402,Physics-Calibrated Surrogate (ISO 13790 / ECBC 2017 / ASHRAE 90.1)
Office,Temperate,114.6,0.563,1.448,3.884,0.475,707,288,5.17,4.05,5628.5,0.114,Physics-Calibrated Surrogate (ISO 13790 / ECBC 2017 / ASHRAE 90.1)
Office,Temperate,94.6,1.526,2.658,3.42,0.301,635,170,5.17,4.92,6775.5,0.243,Physics-Calibrated Surrogate (ISO 13790 / ECBC 2017 / ASHRAE 90.1)
Office,Temperate,106.4,3.1,1.862,3.172,0.188,1029,655,4.9,2.56,7610.3,0.576,Physics-Calibrated Surrogate (ISO 13790 / ECBC 2017 / ASHRAE 90.1)
Office,Cold,176.1,2.368,2.498,5.136,0.443,436,2603,4.75,3.27,10355.1,0.757,Physics-Calibrated Surrogate (ISO 13790 / ECBC 2017 / ASHRAE 90.1)
Office,Cold,138.9,1.668,0.792,3.755,0.559,291,1477,3.68,3.02,10184.2,0.53,Physics-Calibrated Surrogate (ISO 13790 / ECBC 2017 / ASHRAE 90.1)
Office,Cold,144.9,3.776,2.629,4.83,0.233,456,2015,4.11,2.85,8324.4,0.292,Physics-Calibrated Surrogate (ISO 13790 / ECBC 2017 / ASHRAE 90.1)
Office,Cold,132.8,4.303,2.559,5.479,0.519,366,1621,4.96,3.15,8169.7,0.405,Physics-Calibrated Surrogate (ISO 13790 / ECBC 2017 / ASHRAE 90.1)
Office,Hot & Dry,147.3,2.326,0.342,2.003,0.645,3021,171,5.65,4.28,9606.8,0.668,Physics-Calibrated Surrogate (ISO 13790 / ECBC 2017 / ASHRAE 90.1)
Office,Composite,136.0,3.1,2.238,3.971,0.493,1841,111,5.87,3.82,7304.7,0.234,Physics-Calibrated Surrogate (ISO 13790 / ECBC 2017 / ASHRAE 90.1)
Office,Composite,125.9,3.553,1.442,3.531,0.749,1835,408,5.82,4.37,9851.2,0.28,Physics-Calibrated Surrogate (ISO 13790 / ECBC 2017 / ASHRAE 90.1)
Office,Temperate,120.4,3.922,1.209,5.12,0.179,515,234,4.57,2.62,8834.0,0.685,Physics-Calibrated Surrogate (ISO 13790 / ECBC 2017 / ASHRAE 90.1)
Office,Composite,159.3,2.476,2.208,2.288,0.488,1441,393,5.48,3.57,1482.1,0.781,Physics-Calibrated Surrogate (ISO 13790 / ECBC 2017 / ASHRAE 90.1)
Office,Composite,126.0,3.626,1.498,3.155,0.418,1309,279,5.33,4.3,11783.6,0.426,Physics-Calibrated Surrogate (ISO 13790 / ECBC 2017 / ASHRAE 90.1)
Office,Hot & Dry,144.1,2.186,2.085,3.826,0.383,3736,307,5.89,3.29,5349.7,0.128,Physics-Calibrated Surrogate (ISO 13790 / ECBC 2017 / ASHRAE 90.1)
Office,Warm & Humid,155.7,1.495,1.883,5.102,0.63,2542,138,5.63,3.23,6993.4,0.462,Physics-Calibrated Surrogate (ISO 13790 / ECBC 2017 / ASHRAE 90.1)
Office,Warm & Humid,132.3,0.776,0.726,3.718,0.265,3474,53,4.72,2.66,1599.9,0.393,Physics-Calibrated Surrogate (ISO 13790 / ECBC 2017 / ASHRAE 90.1)
Office,Composite,131.0,2.538,3.033,4.397,0.157,1897,349,5.85,3.49,10921.7,0.62,Physics-Calibrated Surrogate (ISO 13790 / ECBC 2017 / ASHRAE 90.1)
Office,Warm & Humid,182.7,0.974,1.95,2.083,0.653,3311,15,4.55,3.18,9081.1,0.661,Physics-Calibrated Surrogate (ISO 13790 / ECBC 2017 / ASHRAE 90.1)
Office,Temperate,111.3,2.291,0.906,4.036,0.178,715,454,4.59,3.32,2616.5,0.63,Physics-Calibrated Surrogate (ISO 13790 / ECBC 2017 / ASHRAE 90.1)
Office,Cold,153.5,1.155,2.726,3.157,0.546,336,2208,5.17,2.55,2904.6,0.191,Physics-Calibrated Surrogate (ISO 13790 / ECBC 2017 / ASHRAE 90.1)
Office,Cold,151.9,2.965,2.231,1.755,0.834,355,2207,3.56,2.97,6311.7,0.382,Physics-Calibrated Surrogate (ISO 13790 / ECBC 2017 / ASHRAE 90.1)
Office,Warm & Humid,164.7,1.695,2.498,4.72,0.801,2567,57,4.97,3.01,11289.1,0.293,Physics-Calibrated Surrogate (ISO 13790 / ECBC 2017 / ASHRAE 90.1)
Office,Cold,146.1,3.0,2.554,5.692,0.414,320,1381,3.98,4.5,4001.6,0.788,Physics-Calibrated Surrogate (ISO 13790 / ECBC 2017 / ASHRAE 90.1)
Office,Composite,156.5,3.045,1.068,3.928,0.492,2744,672,5.99,2.83,9020.0,0.48,Physics-Calibrated Surrogate (ISO 13790 / ECBC 2017 / ASHRAE 90.1)
Office,Temperate,124.0,0.797,3.346,5.182,0.554,927,168,4.58,4.19,4747.6,0.565,Physics-Calibrated Surrogate (ISO 13790 / ECBC 2017 / ASHRAE 90.1)
Office,Warm & Humid,145.6,2.758,1.009,5.496,0.242,2760,37,5.53,4.49,1391.1,0.298,Physics-Calibrated Surrogate (ISO 13790 / ECBC 2017 / ASHRAE 90.1)
Office,Composite,148.4,2.163,3.295,2.557,0.483,1888,479,5.3,4.39,6665.8,0.602,Physics-Calibrated Surrogate (ISO 13790 / ECBC 2017 / ASHRAE 90.1)
Office,Hot & Dry,116.2,2.609,1.548,5.238,0.293,3353,163,6.79,4.57,6026.4,0.148,Physics-Calibrated Surrogate (ISO 13790 / ECBC 2017 / ASHRAE 90.1)
Office,Temperate,132.2,3.033,2.21,2.008,0.509,827,264,4.72,4.29,6281.6,0.688,Physics-Calibrated Surrogate (ISO 13790 / ECBC 2017 / ASHRAE 90.1)
Office,Composite,148.6,4.248,1.299,5.745,0.49,1564,399,5.12,2.95,2411.1,0.333,Physics-Calibrated Surrogate (ISO 13790 / ECBC 2017 / ASHRAE 90.1)
Office,Composite,124.3,1.484,0.767,1.381,0.165,2667,227,4.87,4.44,1612.0,0.604,Physics-Calibrated Surrogate (ISO 13790 / ECBC 2017 / ASHRAE 90.1)
Office,Hot & Dry,114.1,3.591,0.185,4.705,0.775,4097,357,6.41,3.58,5426.0,0.119,Physics-Calibrated Surrogate (ISO 13790 / ECBC 2017 / ASHRAE 90.1)
Office,Warm & Humid,140.3,4.271,0.342,5.483,0.185,2294,5,5.68,3.87,9529.7,0.441,Physics-Calibrated Surrogate (ISO 13790 / ECBC 2017 / ASHRAE 90.1)
Office,Hot & Dry,124.0,1.472,1.507,5.794,0.188,2655,54,5.71,3.95,7168.0,0.298,Physics-Calibrated Surrogate (ISO 13790 / ECBC 2017 / ASHRAE 90.1)
Office,Temperate,170.6,4.268,1.272,3.826,0.787,735,783,4.31,2.52,3987.0,0.777,Physics-Calibrated Surrogate (ISO 13790 / ECBC 2017 / ASHRAE 90.1)
Office,Warm & Humid,152.1,3.61,0.231,3.657,0.632,2474,134,5.24,4.37,7517.3,0.76,Physics-Calibrated Surrogate (ISO 13790 / ECBC 2017 / ASHRAE 90.1)
Office,Composite,156.4,3.884,1.819,3.975,0.309,2304,650,5.37,3.86,2445.4,0.784,Physics-Calibrated Surrogate (ISO 13790 / ECBC 2017 / ASHRAE 90.1)
Office,Cold,129.1,3.543,0.721,2.969,0.393,245,3161,5.18,3.58,7530.4,0.36,Physics-Calibrated Surrogate (ISO 13790 / ECBC 2017 / ASHRAE 90.1)
Office,Cold,178.4,1.088,2.665,2.286,0.25,518,2949,4.85,2.96,4386.8,0.594,Physics-Calibrated Surrogate (ISO 13790 / ECBC 2017 / ASHRAE 90.1)
Office,Temperate,123.1,3.048,3.073,2.323,0.465,1153,245,5.3,4.81,1415.5,0.595,Physics-Calibrated Surrogate (ISO 13790 / ECBC 2017 / ASHRAE 90.1)
Office,Temperate,124.2,2.818,1.994,3.564,0.633,337,610,4.96,4.59,8758.9,0.187,Physics-Calibrated Surrogate (ISO 13790 / ECBC 2017 / ASHRAE 90.1)
Office,Hot & Dry,154.7,0.802,0.922,1.689,0.725,3935,253,5.74,2.85,2489.8,0.287,Physics-Calibrated Surrogate (ISO 13790 / ECBC 2017 / ASHRAE 90.1)
Office,Warm & Humid,126.9,2.992,2.784,3.063,0.152,2579,139,5.17,4.62,9462.7,0.466,Physics-Calibrated Surrogate (ISO 13790 / ECBC 2017 / ASHRAE 90.1)
Office,Composite,176.8,1.469,1.475,4.361,0.72,1702,218,4.81,3.54,6159.1,0.791,Physics-Calibrated Surrogate (ISO 13790 / ECBC 2017 / ASHRAE 90.1)
Office,Warm & Humid,119.6,3.986,0.45,4.491,0.34,2708,75,5.13,4.4,3031.0,0.278,Physics-Calibrated Surrogate (ISO 13790 / ECBC 2017 / ASHRAE 90.1)
Office,Warm & Humid,160.2,3.661,0.96,1.513,0.372,2916,20,5.01,3.17,11729.3,0.768,Physics-Calibrated Surrogate (ISO 13790 / ECBC 2017 / ASHRAE 90.1)
Office,Temperate,120.8,0.556,2.5,1.245,0.436,1113,240,4.67,3.32,8403.2,0.319,Physics-Calibrated Surrogate (ISO 13790 / ECBC 2017 / ASHRAE 90.1)
Office,Composite,170.3,2.175,2.586,4.387,0.841,1673,633,5.23,3.06,9833.7,0.306,Physics-Calibrated Surrogate (ISO 13790 / ECBC 2017 / ASHRAE 90.1)
Office,Warm & Humid,151.1,2.293,1.268,3.865,0.772,2552,56,5.48,3.92,7035.1,0.292,Physics-Calibrated Surrogate (ISO 13790 / ECBC 2017 / ASHRAE 90.1)
Office,Warm & Humid,128.0,1.603,0.759,3.519,0.376,3339,66,4.57,3.15,3177.9,0.444,Physics-Calibrated Surrogate (ISO 13790 / ECBC 2017 / ASHRAE 90.1)
Office,Hot & Dry,236.9,1.568,3.164,4.091,0.457,4080,444,5.75,2.6,3997.4,0.535,Physics-Calibrated Surrogate (ISO 13790 / ECBC 2017 / ASHRAE 90.1)
Office,Cold,115.5,3.76,0.436,5.184,0.499,148,2275,3.95,3.24,9777.9,0.276,Physics-Calibrated Surrogate (ISO 13790 / ECBC 2017 / ASHRAE 90.1)
Office,Temperate,86.2,3.984,1.919,3.349,0.225,381,186,4.41,4.12,1699.6,0.202,Physics-Calibrated Surrogate (ISO 13790 / ECBC 2017 / ASHRAE 90.1)
Office,Cold,136.3,2.168,3.163,1.814,0.421,400,3082,4.04,4.55,7647.5,0.254,Physics-Calibrated Surrogate (ISO 13790 / ECBC 2017 / ASHRAE 90.1)
Office,Composite,157.9,2.249,2.793,3.973,0.608,2799,448,6.0,5.0,2461.9,0.406,Physics-Calibrated Surrogate (ISO 13790 / ECBC 2017 / ASHRAE 90.1)
Office,Composite,133.0,0.685,2.431,5.245,0.51,2634,120,5.37,3.85,4499.5,0.115,Physics-Calibrated Surrogate (ISO 13790 / ECBC 2017 / ASHRAE 90.1)
Office,Composite,146.3,3.246,1.689,1.453,0.449,2709,695,4.86,3.67,4666.4,0.678,Physics-Calibrated Surrogate (ISO 13790 / ECBC 2017 / ASHRAE 90.1)
Office,Cold,187.7,1.721,3.211,5.713,0.613,514,3257,3.97,4.54,5076.5,0.752,Physics-Calibrated Surrogate (ISO 13790 / ECBC 2017 / ASHRAE 90.1)
Office,Temperate,113.8,0.35,0.618,4.492,0.831,325,683,4.65,4.96,8169.8,0.172,Physics-Calibrated Surrogate (ISO 13790 / ECBC 2017 / ASHRAE 90.1)
Office,Composite,127.7,0.876,3.291,2.819,0.462,1348,537,5.83,4.18,6262.0,0.501,Physics-Calibrated Surrogate (ISO 13790 / ECBC 2017 / ASHRAE 90.1)
Office,Cold,118.5,1.738,1.981,1.62,0.68,547,1447,3.58,3.96,10202.9,0.407,Physics-Calibrated Surrogate (ISO 13790 / ECBC 2017 / ASHRAE 90.1)
Office,Temperate,106.7,3.829,0.209,1.425,0.551,383,464,4.44,4.55,1155.5,0.511,Physics-Calibrated Surrogate (ISO 13790 / ECBC 2017 / ASHRAE 90.1)
Office,Composite,177.6,3.306,2.451,5.308,0.633,1415,701,5.42,3.21,3494.6,0.687,Physics-Calibrated Surrogate (ISO 13790 / ECBC 2017 / ASHRAE 90.1)
Office,Warm & Humid,138.7,2.454,1.3,2.711,0.572,3033,24,5.49,3.31,7627.1,0.154,Physics-Calibrated Surrogate (ISO 13790 / ECBC 2017 / ASHRAE 90.1)
Office,Cold,113.5,4.323,0.262,3.867,0.267,503,1735,3.99,4.28,7865.1,0.32,Physics-Calibrated Surrogate (ISO 13790 / ECBC 2017 / ASHRAE 90.1)
Office,Composite,142.5,4.169,3.42,2.223,0.296,2439,591,4.87,4.38,6061.1,0.11,Physics-Calibrated Surrogate (ISO 13790 / ECBC 2017 / ASHRAE 90.1)
Office,Hot & Dry,190.0,2.003,3.447,2.544,0.356,4302,242,6.63,3.39,4058.8,0.414,Physics-Calibrated Surrogate (ISO 13790 / ECBC 2017 / ASHRAE 90.1)
Office,Composite,106.5,4.279,0.839,4.023,0.306,2262,358,5.16,3.86,10605.6,0.238,Physics-Calibrated Surrogate (ISO 13790 / ECBC 2017 / ASHRAE 90.1)
Office,Cold,137.1,2.713,1.875,3.561,0.225,100,3303,3.62,3.56,9910.5,0.335,Physics-Calibrated Surrogate (ISO 13790 / ECBC 2017 / ASHRAE 90.1)
Office,Composite,112.1,1.295,0.703,1.773,0.406,2332,471,5.98,3.07,6767.3,0.161,Physics-Calibrated Surrogate (ISO 13790 / ECBC 2017 / ASHRAE 90.1)
Office,Temperate,109.9,3.205,2.409,5.708,0.84,970,342,5.28,4.22,11903.7,0.215,Physics-Calibrated Surrogate (ISO 13790 / ECBC 2017 / ASHRAE 90.1)
Office,Composite,132.6,2.183,1.789,2.202,0.205,2737,854,5.11,3.93,10356.6,0.672,Physics-Calibrated Surrogate (ISO 13790 / ECBC 2017 / ASHRAE 90.1)
Office,Composite,143.1,1.426,3.206,4.113,0.655,2292,461,5.83,3.14,3407.6,0.147,Physics-Calibrated Surrogate (ISO 13790 / ECBC 2017 / ASHRAE 90.1)
Office,Warm & Humid,114.5,3.757,0.937,4.2,0.434,2356,78,4.99,3.99,7707.7,0.202,Physics-Calibrated Surrogate (ISO 13790 / ECBC 2017 / ASHRAE 90.1)
Office,Warm & Humid,205.1,4.355,3.218,3.513,0.707,2311,56,4.77,2.84,3549.5,0.564,Physics-Calibrated Surrogate (ISO 13790 / ECBC 2017 / ASHRAE 90.1)
Office,Cold,120.7,3.583,0.833,2.399,0.215,333,2255,4.75,3.5,6499.9,0.249,Physics-Calibrated Surrogate (ISO 13790 / ECBC 2017 / ASHRAE 90.1)
Office,Composite,86.0,0.594,0.34,1.754,0.557,2364,842,6.18,4.82,9939.8,0.297,Physics-Calibrated Surrogate (ISO 13790 / ECBC 2017 / ASHRAE 90.1)
Office,Warm & Humid,123.2,1.817,2.285,1.525,0.403,2257,105,5.42,3.84,8916.5,0.222,Physics-Calibrated Surrogate (ISO 13790 / ECBC 2017 / ASHRAE 90.1)
Office,Cold,123.3,3.303,0.983,5.387,0.258,297,2010,4.16,4.07,10746.7,0.67,Physics-Calibrated Surrogate (ISO 13790 / ECBC 2017 / ASHRAE 90.1)
Office,Temperate,122.5,3.391,1.222,3.528,0.264,857,655,5.34,4.9,3219.5,0.248,Physics-Calibrated Surrogate (ISO 13790 / ECBC 2017 / ASHRAE 90.1)
Office,Composite,123.8,1.138,2.664,4.634,0.252,1926,651,5.68,4.69,5505.9,0.468,Physics-Calibrated Surrogate (ISO 13790 / ECBC 2017 / ASHRAE 90.1)
Office,Hot & Dry,149.9,1.294,2.254,5.018,0.441,2866,65,6.72,3.15,7267.0,0.248,Physics-Calibrated Surrogate (ISO 13790 / ECBC 2017 / ASHRAE 90.1)
Office,Hot & Dry,154.8,4.482,1.759,3.435,0.546,4270,67,5.81,4.79,7708.2,0.351,Physics-Calibrated Surrogate (ISO 13790 / ECBC 2017 / ASHRAE 90.1)
Office,Warm & Humid,163.4,1.108,1.704,2.331,0.79,2877,105,5.43,3.34,7241.7,0.445,Physics-Calibrated Surrogate (ISO 13790 / ECBC 2017 / ASHRAE 90.1)
Office,Composite,147.0,2.916,1.647,4.779,0.304,2501,662,4.98,2.91,4821.9,0.169,Physics-Calibrated Surrogate (ISO 13790 / ECBC 2017 / ASHRAE 90.1)
Office,Warm & Humid,102.6,1.905,0.245,5.134,0.401,3120,12,5.71,4.08,11224.9,0.188,Physics-Calibrated Surrogate (ISO 13790 / ECBC 2017 / ASHRAE 90.1)
Office,Hot & Dry,150.0,4.386,0.166,3.098,0.22,3895,182,6.95,3.77,3828.5,0.436,Physics-Calibrated Surrogate (ISO 13790 / ECBC 2017 / ASHRAE 90.1)
Office,Cold,114.0,1.304,1.092,3.091,0.314,272,2629,4.75,2.55,8374.3,0.248,Physics-Calibrated Surrogate (ISO 13790 / ECBC 2017 / ASHRAE 90.1)
Office,Warm & Humid,135.4,3.618,2.215,1.406,0.586,2365,30,5.57,3.27,2186.0,0.212,Physics-Calibrated Surrogate (ISO 13790 / ECBC 2017 / ASHRAE 90.1)
Office,Hot & Dry,124.7,0.885,1.893,1.371,0.206,3305,136,5.7,4.18,1831.2,0.691,Physics-Calibrated Surrogate (ISO 13790 / ECBC 2017 / ASHRAE 90.1)
Office,Composite,152.2,3.871,1.119,5.58,0.185,1275,330,5.91,2.87,2810.5,0.664,Physics-Calibrated Surrogate (ISO 13790 / ECBC 2017 / ASHRAE 90.1)
Office,Hot & Dry,117.4,2.411,1.014,4.426,0.16,2922,143,6.1,2.62,11802.9,0.476,Physics-Calibrated Surrogate (ISO 13790 / ECBC 2017 / ASHRAE 90.1)
Office,Temperate,127.1,2.414,2.713,3.432,0.255,640,119,4.85,4.12,1330.5,0.579,Physics-Calibrated Surrogate (ISO 13790 / ECBC 2017 / ASHRAE 90.1)
Office,Composite,141.8,3.001,2.704,3.891,0.336,1972,112,5.1,2.58,7489.5,0.159,Physics-Calibrated Surrogate (ISO 13790 / ECBC 2017 / ASHRAE 90.1)
Office,Temperate,94.9,2.597,1.98,1.612,0.443,714,168,4.79,4.63,9165.0,0.193,Physics-Calibrated Surrogate (ISO 13790 / ECBC 2017 / ASHRAE 90.1)
Office,Hot & Dry,187.0,0.841,2.562,1.665,0.586,3441,305,5.64,3.39,3521.0,0.712,Physics-Calibrated Surrogate (ISO 13790 / ECBC 2017 / ASHRAE 90.1)
Office,Cold,128.7,2.055,0.299,2.53,0.466,313,1368,4.8,2.79,9725.9,0.37,Physics-Calibrated Surrogate (ISO 13790 / ECBC 2017 / ASHRAE 90.1)
Office,Cold,131.7,1.818,1.352,3.635,0.559,178,1632,3.63,4.49,2704.2,0.432,Physics-Calibrated Surrogate (ISO 13790 / ECBC 2017 / ASHRAE 90.1)
Office,Hot & Dry,189.7,4.155,3.193,3.981,0.519,4266,67,6.38,3.89,11247.2,0.608,Physics-Calibrated Surrogate (ISO 13790 / ECBC 2017 / ASHRAE 90.1)
Office,Warm & Humid,105.1,2.235,1.179,1.362,0.376,3425,87,5.73,3.86,4008.6,0.218,Physics-Calibrated Surrogate (ISO 13790 / ECBC 2017 / ASHRAE 90.1)
Office,Hot & Dry,124.6,2.39,1.074,4.563,0.204,2520,227,5.99,4.16,3698.3,0.229,Physics-Calibrated Surrogate (ISO 13790 / ECBC 2017 / ASHRAE 90.1)
Office,Composite,172.8,0.52,3.006,2.112,0.762,1302,666,5.59,3.38,2857.3,0.619,Physics-Calibrated Surrogate (ISO 13790 / ECBC 2017 / ASHRAE 90.1)
Office,Cold,186.1,2.75,2.611,2.679,0.174,372,3479,3.9,2.82,1921.0,0.187,Physics-Calibrated Surrogate (ISO 13790 / ECBC 2017 / ASHRAE 90.1)
Office,Cold,146.1,0.518,0.531,1.218,0.85,236,3474,5.18,4.51,3548.0,0.57,Physics-Calibrated Surrogate (ISO 13790 / ECBC 2017 / ASHRAE 90.1)
Office,Composite,131.1,2.567,0.41,1.283,0.222,1595,626,5.2,3.53,4823.7,0.629,Physics-Calibrated Surrogate (ISO 13790 / ECBC 2017 / ASHRAE 90.1)
Office,Warm & Humid,200.3,4.421,2.63,1.743,0.68,3389,22,5.6,2.74,6627.7,0.43,Physics-Calibrated Surrogate (ISO 13790 / ECBC 2017 / ASHRAE 90.1)
Office,Hot & Dry,111.0,0.564,0.778,1.349,0.67,4006,444,6.37,4.31,6712.5,0.135,Physics-Calibrated Surrogate (ISO 13790 / ECBC 2017 / ASHRAE 90.1)
Office,Composite,151.2,3.366,3.127,1.484,0.465,1759,185,5.49,3.01,11116.5,0.111,Physics-Calibrated Surrogate (ISO 13790 / ECBC 2017 / ASHRAE 90.1)
Office,Warm & Humid,135.8,2.659,0.722,2.109,0.373,3167,80,5.59,3.98,6387.3,0.469,Physics-Calibrated Surrogate (ISO 13790 / ECBC 2017 / ASHRAE 90.1)
Office,Hot & Dry,138.0,0.366,1.356,1.613,0.33,4003,184,5.67,2.73,4979.4,0.269,Physics-Calibrated Surrogate (ISO 13790 / ECBC 2017 / ASHRAE 90.1)
Office,Composite,140.7,4.311,2.197,1.206,0.776,2437,857,5.0,3.8,11087.2,0.166,Physics-Calibrated Surrogate (ISO 13790 / ECBC 2017 / ASHRAE 90.1)
Office,Warm & Humid,130.4,1.989,0.322,3.484,0.236,2874,115,5.73,3.5,3473.4,0.336,Physics-Calibrated Surrogate (ISO 13790 / ECBC 2017 / ASHRAE 90.1)
Office,Hot & Dry,137.3,3.578,1.361,3.07,0.717,3877,335,6.28,3.45,7006.0,0.111,Physics-Calibrated Surrogate (ISO 13790 / ECBC 2017 / ASHRAE 90.1)
Office,Cold,152.4,4.128,2.006,2.003,0.415,585,2713,4.83,4.61,4987.7,0.505,Physics-Calibrated Surrogate (ISO 13790 / ECBC 2017 / ASHRAE 90.1)
Office,Composite,171.3,3.363,1.826,3.11,0.268,2694,874,5.73,2.97,2978.4,0.255,Physics-Calibrated Surrogate (ISO 13790 / ECBC 2017 / ASHRAE 90.1)
Office,Hot & Dry,127.7,1.717,0.211,3.042,0.535,4407,127,5.63,4.05,5833.8,0.222,Physics-Calibrated Surrogate (ISO 13790 / ECBC 2017 / ASHRAE 90.1)
Office,Hot & Dry,178.2,2.241,3.175,1.434,0.754,3251,443,6.21,3.35,6476.4,0.233,Physics-Calibrated Surrogate (ISO 13790 / ECBC 2017 / ASHRAE 90.1)
Office,Temperate,102.7,2.608,2.129,4.203,0.329,520,478,4.66,3.41,11176.3,0.146,Physics-Calibrated Surrogate (ISO 13790 / ECBC 2017 / ASHRAE 90.1)
Office,Cold,124.0,0.895,0.493,3.663,0.21,579,3402,3.61,3.26,4915.4,0.411,Physics-Calibrated Surrogate (ISO 13790 / ECBC 2017 / ASHRAE 90.1)
Office,Composite,121.2,1.771,0.429,4.533,0.368,2422,562,5.25,4.46,10483.1,0.717,Physics-Calibrated Surrogate (ISO 13790 / ECBC 2017 / ASHRAE 90.1)
Office,Hot & Dry,114.9,1.824,2.164,5.104,0.772,3825,87,6.35,3.71,6295.0,0.109,Physics-Calibrated Surrogate (ISO 13790 / ECBC 2017 / ASHRAE 90.1)
Office,Cold,125.0,3.02,0.248,4.043,0.507,108,3024,5.09,3.86,8820.6,0.504,Physics-Calibrated Surrogate (ISO 13790 / ECBC 2017 / ASHRAE 90.1)
Office,Warm & Humid,166.0,1.297,3.429,2.977,0.337,3168,112,4.91,3.55,8349.9,0.71,Physics-Calibrated Surrogate (ISO 13790 / ECBC 2017 / ASHRAE 90.1)
Office,Hot & Dry,182.8,3.01,2.331,4.993,0.442,2555,167,6.19,2.68,3792.2,0.273,Physics-Calibrated Surrogate (ISO 13790 / ECBC 2017 / ASHRAE 90.1)
Office,Composite,208.0,2.176,1.649,5.593,0.794,2326,495,4.81,3.28,2211.3,0.643,Physics-Calibrated Surrogate (ISO 13790 / ECBC 2017 / ASHRAE 90.1)
Office,Temperate,163.5,1.379,2.833,4.108,0.502,644,763,5.38,2.65,6728.4,0.541,Physics-Calibrated Surrogate (ISO 13790 / ECBC 2017 / ASHRAE 90.1)
Office,Composite,160.2,0.526,0.506,1.999,0.633,1864,432,5.81,4.11,7186.7,0.763,Physics-Calibrated Surrogate (ISO 13790 / ECBC 2017 / ASHRAE 90.1)
Office,Composite,132.4,3.025,2.586,4.115,0.248,1261,208,5.17,3.61,10081.7,0.399,Physics-Calibrated Surrogate (ISO 13790 / ECBC 2017 / ASHRAE 90.1)
Office,Temperate,110.8,3.968,0.35,5.288,0.38,661,480,5.09,3.29,10648.1,0.242,Physics-Calibrated Surrogate (ISO 13790 / ECBC 2017 / ASHRAE 90.1)
Office,Cold,126.0,1.919,3.217,4.705,0.504,543,1702,4.17,4.97,2790.3,0.397,Physics-Calibrated Surrogate (ISO 13790 / ECBC 2017 / ASHRAE 90.1)
Office,Hot & Dry,192.0,1.06,2.611,2.36,0.494,3841,259,6.08,2.69,9520.7,0.445,Physics-Calibrated Surrogate (ISO 13790 / ECBC 2017 / ASHRAE 90.1)
Office,Composite,119.1,1.429,0.22,4.525,0.173,1332,890,4.96,3.99,1950.6,0.471,Physics-Calibrated Surrogate (ISO 13790 / ECBC 2017 / ASHRAE 90.1)
Office,Hot & Dry,157.4,2.107,1.223,5.371,0.284,4322,172,6.33,4.04,10172.6,0.798,Physics-Calibrated Surrogate (ISO 13790 / ECBC 2017 / ASHRAE 90.1)
Office,Composite,138.6,4.285,1.048,4.933,0.189,2218,311,5.29,3.85,3550.1,0.58,Physics-Calibrated Surrogate (ISO 13790 / ECBC 2017 / ASHRAE 90.1)
Office,Warm & Humid,168.2,3.466,2.234,3.684,0.675,2466,101,5.54,4.32,6791.2,0.555,Physics-Calibrated Surrogate (ISO 13790 / ECBC 2017 / ASHRAE 90.1)
Office,Composite,126.0,2.364,3.334,2.965,0.447,1793,280,5.67,4.29,615.5,0.236,Physics-Calibrated Surrogate (ISO 13790 / ECBC 2017 / ASHRAE 90.1)
Office,Hot & Dry,140.3,0.91,1.906,5.63,0.575,2548,213,6.17,4.96,10750.1,0.388,Physics-Calibrated Surrogate (ISO 13790 / ECBC 2017 / ASHRAE 90.1)
Office,Composite,130.3,1.473,1.319,5.447,0.295,2552,111,5.72,4.69,3797.8,0.492,Physics-Calibrated Surrogate (ISO 13790 / ECBC 2017 / ASHRAE 90.1)
Office,Warm & Humid,166.1,3.629,0.776,1.507,0.849,2726,56,4.7,2.56,3095.1,0.248,Physics-Calibrated Surrogate (ISO 13790 / ECBC 2017 / ASHRAE 90.1)
Office,Composite,114.8,0.785,1.242,2.214,0.798,2166,713,5.3,4.67,10371.2,0.263,Physics-Calibrated Surrogate (ISO 13790 / ECBC 2017 / ASHRAE 90.1)
Office,Warm & Humid,127.0,2.378,0.438,3.772,0.502,2523,69,5.55,2.86,11624.3,0.288,Physics-Calibrated Surrogate (ISO 13790 / ECBC 2017 / ASHRAE 90.1)
Office,Temperate,125.5,1.387,0.237,2.512,0.538,438,580,4.61,2.5,6062.7,0.306,Physics-Calibrated Surrogate (ISO 13790 / ECBC 2017 / ASHRAE 90.1)
Office,Hot & Dry,114.6,3.739,0.541,4.218,0.389,3097,202,6.11,4.37,8279.4,0.233,Physics-Calibrated Surrogate (ISO 13790 / ECBC 2017 / ASHRAE 90.1)
Office,Temperate,159.5,3.768,0.351,2.931,0.798,460,369,4.42,3.76,7823.4,0.782,Physics-Calibrated Surrogate (ISO 13790 / ECBC 2017 / ASHRAE 90.1)
Office,Temperate,114.0,1.102,2.798,3.288,0.361,501,761,4.73,3.46,5913.1,0.134,Physics-Calibrated Surrogate (ISO 13790 / ECBC 2017 / ASHRAE 90.1)
Office,Hot & Dry,262.4,4.088,1.645,3.733,0.811,4129,97,6.86,3.03,834.9,0.638,Physics-Calibrated Surrogate (ISO 13790 / ECBC 2017 / ASHRAE 90.1)
Office,Warm & Humid,166.4,3.952,2.71,2.34,0.175,2562,123,5.2,2.75,11270.6,0.316,Physics-Calibrated Surrogate (ISO 13790 / ECBC 2017 / ASHRAE 90.1)
Office,Hot & Dry,159.2,0.776,1.511,3.431,0.529,4123,202,6.06,4.55,6269.5,0.608,Physics-Calibrated Surrogate (ISO 13790 / ECBC 2017 / ASHRAE 90.1)
Office,Composite,134.7,2.607,3.265,5.56,0.199,1467,269,5.84,3.64,5538.3,0.672,Physics-Calibrated Surrogate (ISO 13790 / ECBC 2017 / ASHRAE 90.1)
Office,Cold,157.5,1.424,1.526,5.334,0.777,485,1470,4.85,4.21,6187.9,0.726,Physics-Calibrated Surrogate (ISO 13790 / ECBC 2017 / ASHRAE 90.1)
Office,Warm & Humid,125.6,1.544,2.067,3.233,0.393,2283,42,4.83,4.37,4186.5,0.194,Physics-Calibrated Surrogate (ISO 13790 / ECBC 2017 / ASHRAE 90.1)
Office,Cold,141.8,3.015,3.076,1.392,0.731,187,1989,4.17,3.93,9616.0,0.295,Physics-Calibrated Surrogate (ISO 13790 / ECBC 2017 / ASHRAE 90.1)
Office,Warm & Humid,177.8,0.374,1.882,3.636,0.431,2905,79,4.84,3.24,10571.3,0.627,Physics-Calibrated Surrogate (ISO 13790 / ECBC 2017 / ASHRAE 90.1)
Office,Cold,129.6,1.491,1.101,3.419,0.654,486,3235,4.86,3.4,9734.9,0.391,Physics-Calibrated Surrogate (ISO 13790 / ECBC 2017 / ASHRAE 90.1)
Office,Hot & Dry,174.7,2.229,2.89,5.478,0.532,3169,425,6.62,4.15,4858.0,0.312,Physics-Calibrated Surrogate (ISO 13790 / ECBC 2017 / ASHRAE 90.1)
Office,Cold,157.3,3.9,1.541,1.611,0.456,551,2104,3.89,3.08,8652.4,0.677,Physics-Calibrated Surrogate (ISO 13790 / ECBC 2017 / ASHRAE 90.1)
Office,Cold,111.0,1.717,0.45,5.623,0.715,586,3237,4.23,3.65,7354.7,0.163,Physics-Calibrated Surrogate (ISO 13790 / ECBC 2017 / ASHRAE 90.1)
Office,Warm & Humid,137.7,4.032,1.63,1.857,0.685,2704,131,5.36,4.47,8651.2,0.225,Physics-Calibrated Surrogate (ISO 13790 / ECBC 2017 / ASHRAE 90.1)
Office,Warm & Humid,197.9,2.013,1.113,3.766,0.363,3032,41,5.38,2.72,1351.9,0.795,Physics-Calibrated Surrogate (ISO 13790 / ECBC 2017 / ASHRAE 90.1)
Office,Temperate,127.7,0.565,2.154,3.968,0.195,580,716,4.43,4.93,11024.4,0.426,Physics-Calibrated Surrogate (ISO 13790 / ECBC 2017 / ASHRAE 90.1)
Office,Temperate,139.5,2.972,0.702,3.177,0.351,719,619,4.63,4.34,1797.7,0.709,Physics-Calibrated Surrogate (ISO 13790 / ECBC 2017 / ASHRAE 90.1)
Office,Cold,131.0,2.815,1.069,3.04,0.695,621,2329,3.74,4.85,5400.4,0.487,Physics-Calibrated Surrogate (ISO 13790 / ECBC 2017 / ASHRAE 90.1)
Office,Cold,160.2,1.499,3.371,2.639,0.219,365,3075,4.18,3.82,4144.5,0.427,Physics-Calibrated Surrogate (ISO 13790 / ECBC 2017 / ASHRAE 90.1)
Office,Cold,175.0,3.762,2.042,2.026,0.22,198,3370,4.84,2.64,9908.2,0.771,Physics-Calibrated Surrogate (ISO 13790 / ECBC 2017 / ASHRAE 90.1)
Office,Warm & Humid,217.7,2.325,1.893,5.686,0.826,3355,99,5.71,3.04,10384.3,0.597,Physics-Calibrated Surrogate (ISO 13790 / ECBC 2017 / ASHRAE 90.1)
Office,Warm & Humid,123.1,4.212,0.448,3.553,0.793,2549,31,4.78,4.76,8275.1,0.384,Physics-Calibrated Surrogate (ISO 13790 / ECBC 2017 / ASHRAE 90.1)
Office,Composite,131.8,3.321,2.647,3.566,0.382,2362,728,5.2,4.59,7234.4,0.514,Physics-Calibrated Surrogate (ISO 13790 / ECBC 2017 / ASHRAE 90.1)
Office,Temperate,99.7,1.922,2.461,3.971,0.225,744,544,4.72,3.77,10333.4,0.402,Physics-Calibrated Surrogate (ISO 13790 / ECBC 2017 / ASHRAE 90.1)
Office,Hot & Dry,154.1,1.95,0.752,3.859,0.821,3030,208,5.62,3.76,6622.1,0.312,Physics-Calibrated Surrogate (ISO 13790 / ECBC 2017 / ASHRAE 90.1)
Office,Cold,132.5,3.529,1.04,4.729,0.294,184,2026,4.24,3.3,2717.7,0.234,Physics-Calibrated Surrogate (ISO 13790 / ECBC 2017 / ASHRAE 90.1)
Office,Composite,136.5,3.069,1.861,3.394,0.734,1469,649,4.95,4.39,10182.8,0.438,Physics-Calibrated Surrogate (ISO 13790 / ECBC 2017 / ASHRAE 90.1)
Office,Hot & Dry,149.7,2.071,0.92,2.118,0.176,3833,80,6.71,4.11,542.0,0.324,Physics-Calibrated Surrogate (ISO 13790 / ECBC 2017 / ASHRAE 90.1)
Office,Composite,140.1,4.193,2.322,2.946,0.679,1720,801,6.06,4.18,1301.4,0.141,Physics-Calibrated Surrogate (ISO 13790 / ECBC 2017 / ASHRAE 90.1)
Office,Temperate,137.4,3.872,3.091,3.727,0.609,1169,146,5.26,3.46,10459.3,0.221,Physics-Calibrated Surrogate (ISO 13790 / ECBC 2017 / ASHRAE 90.1)
Office,Warm & Humid,98.7,2.172,0.315,3.819,0.418,2305,76,5.17,4.39,2327.6,0.137,Physics-Calibrated Surrogate (ISO 13790 / ECBC 2017 / ASHRAE 90.1)
Office,Cold,103.3,2.679,2.707,1.828,0.31,669,2936,4.97,4.71,8239.6,0.133,Physics-Calibrated Surrogate (ISO 13790 / ECBC 2017 / ASHRAE 90.1)
Office,Composite,138.4,3.251,3.353,3.644,0.43,2491,695,5.3,4.88,6718.8,0.574,Physics-Calibrated Surrogate (ISO 13790 / ECBC 2017 / ASHRAE 90.1)
Office,Warm & Humid,175.7,3.074,1.727,2.115,0.571,3478,91,4.66,2.65,10189.4,0.354,Physics-Calibrated Surrogate (ISO 13790 / ECBC 2017 / ASHRAE 90.1)
Office,Composite,106.7,3.124,1.854,4.517,0.397,1356,834,5.33,3.31,4566.1,0.193,Physics-Calibrated Surrogate (ISO 13790 / ECBC 2017 / ASHRAE 90.1)
Office,Hot & Dry,175.4,0.43,3.322,2.307,0.318,3866,182,6.14,2.71,5913.1,0.21,Physics-Calibrated Surrogate (ISO 13790 / ECBC 2017 / ASHRAE 90.1)
Office,Hot & Dry,149.5,3.078,1.463,2.896,0.633,2837,116,6.56,3.47,9939.7,0.265,Physics-Calibrated Surrogate (ISO 13790 / ECBC 2017 / ASHRAE 90.1)
Office,Composite,112.8,1.0,2.182,4.462,0.165,1310,175,5.75,2.59,3360.3,0.111,Physics-Calibrated Surrogate (ISO 13790 / ECBC 2017 / ASHRAE 90.1)
Office,Temperate,137.3,2.372,0.284,5.728,0.418,1004,501,5.45,2.88,9615.6,0.523,Physics-Calibrated Surrogate (ISO 13790 / ECBC 2017 / ASHRAE 90.1)
Office,Hot & Dry,144.3,3.812,1.038,3.264,0.526,4045,405,6.38,4.16,7247.8,0.412,Physics-Calibrated Surrogate (ISO 13790 / ECBC 2017 / ASHRAE 90.1)
Office,Hot & Dry,189.6,0.385,0.837,3.441,0.765,2625,355,6.9,3.82,4905.2,0.611,Physics-Calibrated Surrogate (ISO 13790 / ECBC 2017 / ASHRAE 90.1)
Office,Composite,168.8,2.212,2.012,3.058,0.472,1346,378,5.18,2.54,5830.8,0.721,Physics-Calibrated Surrogate (ISO 13790 / ECBC 2017 / ASHRAE 90.1)
Office,Cold,99.6,4.183,1.898,1.262,0.164,251,2406,4.07,4.93,4963.1,0.27,Physics-Calibrated Surrogate (ISO 13790 / ECBC 2017 / ASHRAE 90.1)
Office,Cold,194.1,2.638,2.623,2.744,0.686,461,3340,3.81,3.58,7100.7,0.546,Physics-Calibrated Surrogate (ISO 13790 / ECBC 2017 / ASHRAE 90.1)
Office,Cold,120.3,0.682,3.243,4.371,0.239,699,1210,4.55,3.39,4063.2,0.16,Physics-Calibrated Surrogate (ISO 13790 / ECBC 2017 / ASHRAE 90.1)
Office,Cold,182.2,4.328,2.205,2.404,0.197,309,1942,5.01,2.57,605.4,0.241,Physics-Calibrated Surrogate (ISO 13790 / ECBC 2017 / ASHRAE 90.1)
Office,Temperate,106.8,2.472,3.192,4.9,0.196,457,648,5.39,4.23,5192.5,0.234,Physics-Calibrated Surrogate (ISO 13790 / ECBC 2017 / ASHRAE 90.1)
Office,Temperate,121.4,2.752,0.426,4.722,0.199,1090,546,5.2,3.7,6156.5,0.649,Physics-Calibrated Surrogate (ISO 13790 / ECBC 2017 / ASHRAE 90.1)
Office,Warm & Humid,126.5,3.941,2.248,4.278,0.238,3037,29,4.71,4.86,6094.1,0.617,Physics-Calibrated Surrogate (ISO 13790 / ECBC 2017 / ASHRAE 90.1)
Office,Hot & Dry,186.2,2.93,3.136,3.526,0.204,3288,369,6.36,3.27,1033.6,0.537,Physics-Calibrated Surrogate (ISO 13790 / ECBC 2017 / ASHRAE 90.1)
Office,Cold,139.8,2.24,1.203,3.872,0.661,217,1681,3.96,3.53,9961.7,0.463,Physics-Calibrated Surrogate (ISO 13790 / ECBC 2017 / ASHRAE 90.1)
Office,Temperate,111.7,3.476,1.074,5.363,0.722,936,172,4.99,3.37,7678.2,0.192,Physics-Calibrated Surrogate (ISO 13790 / ECBC 2017 / ASHRAE 90.1)
Office,Warm & Humid,146.7,4.422,0.601,2.648,0.49,3379,119,5.09,3.69,5074.4,0.327,Physics-Calibrated Surrogate (ISO 13790 / ECBC 2017 / ASHRAE 90.1)
Office,Composite,120.3,2.652,1.779,3.523,0.273,2334,869,5.33,4.53,6272.3,0.524,Physics-Calibrated Surrogate (ISO 13790 / ECBC 2017 / ASHRAE 90.1)
Office,Composite,127.1,3.975,0.427,5.409,0.355,1470,619,5.17,3.73,8944.6,0.545,Physics-Calibrated Surrogate (ISO 13790 / ECBC 2017 / ASHRAE 90.1)
Office,Composite,127.1,1.422,1.856,1.878,0.578,1486,791,5.91,3.91,5747.6,0.22,Physics-Calibrated Surrogate (ISO 13790 / ECBC 2017 / ASHRAE 90.1)
Office,Composite,154.2,4.365,1.005,5.149,0.532,2270,860,6.16,3.92,5544.9,0.479,Physics-Calibrated Surrogate (ISO 13790 / ECBC 2017 / ASHRAE 90.1)
Office,Warm & Humid,128.2,1.845,0.628,4.401,0.265,2407,92,5.49,4.38,3773.9,0.721,Physics-Calibrated Surrogate (ISO 13790 / ECBC 2017 / ASHRAE 90.1)
Office,Composite,131.5,3.712,3.009,5.406,0.336,2388,833,5.74,4.76,10421.9,0.214,Physics-Calibrated Surrogate (ISO 13790 / ECBC 2017 / ASHRAE 90.1)
Office,Warm & Humid,197.5,4.185,2.782,2.699,0.722,2386,61,4.83,3.52,11794.6,0.788,Physics-Calibrated Surrogate (ISO 13790 / ECBC 2017 / ASHRAE 90.1)
Office,Cold,95.4,0.425,0.39,4.235,0.452,530,1524,3.71,4.41,1917.8,0.203,Physics-Calibrated Surrogate (ISO 13790 / ECBC 2017 / ASHRAE 90.1)
Office,Hot & Dry,148.1,2.915,0.846,3.519,0.531,2738,338,6.36,3.21,1116.1,0.198,Physics-Calibrated Surrogate (ISO 13790 / ECBC 2017 / ASHRAE 90.1)
Office,Hot & Dry,200.5,3.043,1.319,5.645,0.711,3972,330,6.46,4.08,7258.4,0.727,Physics-Calibrated Surrogate (ISO 13790 / ECBC 2017 / ASHRAE 90.1)
Office,Temperate,147.7,1.55,2.794,1.344,0.827,872,660,4.25,3.82,11007.9,0.683,Physics-Calibrated Surrogate (ISO 13790 / ECBC 2017 / ASHRAE 90.1)
Office,Cold,110.1,2.535,1.766,4.433,0.198,473,1937,4.25,2.98,11412.5,0.272,Physics-Calibrated Surrogate (ISO 13790 / ECBC 2017 / ASHRAE 90.1)
Office,Warm & Humid,152.6,3.919,3.306,3.585,0.397,2260,30,4.75,3.09,7095.2,0.251,Physics-Calibrated Surrogate (ISO 13790 / ECBC 2017 / ASHRAE 90.1)
Office,Temperate,152.8,2.211,1.727,4.451,0.808,591,730,4.84,3.32,6394.6,0.287,Physics-Calibrated Surrogate (ISO 13790 / ECBC 2017 / ASHRAE 90.1)
Office,Hot & Dry,143.6,3.151,0.74,4.497,0.644,4070,181,5.74,3.09,11826.5,0.153,Physics-Calibrated Surrogate (ISO 13790 / ECBC 2017 / ASHRAE 90.1)
Office,Composite,131.6,2.732,0.783,5.344,0.622,2644,421,5.47,4.08,4791.9,0.445,Physics-Calibrated Surrogate (ISO 13790 / ECBC 2017 / ASHRAE 90.1)
Office,Composite,126.8,1.824,0.991,4.344,0.629,1837,269,5.22,3.75,3524.8,0.215,Physics-Calibrated Surrogate (ISO 13790 / ECBC 2017 / ASHRAE 90.1)
Office,Warm & Humid,148.8,2.08,2.327,1.314,0.717,3401,30,4.62,3.84,11722.5,0.3,Physics-Calibrated Surrogate (ISO 13790 / ECBC 2017 / ASHRAE 90.1)
Office,Temperate,117.0,1.35,0.37,4.377,0.551,918,563,4.41,3.51,10792.9,0.58,Physics-Calibrated Surrogate (ISO 13790 / ECBC 2017 / ASHRAE 90.1)
Office,Temperate,112.2,2.176,1.001,4.996,0.49,1070,315,4.43,3.86,7366.8,0.397,Physics-Calibrated Surrogate (ISO 13790 / ECBC 2017 / ASHRAE 90.1)
Office,Temperate,108.9,3.198,1.458,3.113,0.478,366,724,4.31,3.42,8712.4,0.237,Physics-Calibrated Surrogate (ISO 13790 / ECBC 2017 / ASHRAE 90.1)
Office,Warm & Humid,103.8,1.184,0.227,5.325,0.297,2383,22,4.87,3.07,5791.2,0.235,Physics-Calibrated Surrogate (ISO 13790 / ECBC 2017 / ASHRAE 90.1)
Office,Hot & Dry,185.1,3.465,3.351,4.752,0.74,3623,238,6.87,4.4,9416.3,0.415,Physics-Calibrated Surrogate (ISO 13790 / ECBC 2017 / ASHRAE 90.1)
Office,Cold,138.5,0.695,1.124,5.725,0.823,381,1240,4.28,3.3,8285.2,0.448,Physics-Calibrated Surrogate (ISO 13790 / ECBC 2017 / ASHRAE 90.1)
Office,Hot & Dry,228.7,2.641,3.059,5.038,0.733,3289,383,6.42,4.25,961.4,0.731,Physics-Calibrated Surrogate (ISO 13790 / ECBC 2017 / ASHRAE 90.1)
Office,Hot & Dry,92.1,2.586,0.177,1.637,0.188,3635,95,6.55,4.31,10319.5,0.198,Physics-Calibrated Surrogate (ISO 13790 / ECBC 2017 / ASHRAE 90.1)
Office,Composite,143.8,4.338,2.158,4.914,0.227,1798,720,5.37,3.49,8304.6,0.395,Physics-Calibrated Surrogate (ISO 13790 / ECBC 2017 / ASHRAE 90.1)
Office,Warm & Humid,115.3,3.109,1.969,5.031,0.238,2511,52,4.59,2.82,10278.7,0.249,Physics-Calibrated Surrogate (ISO 13790 / ECBC 2017 / ASHRAE 90.1)
Office,Warm & Humid,136.0,2.658,0.773,2.232,0.496,2833,25,5.39,4.9,3416.6,0.719,Physics-Calibrated Surrogate (ISO 13790 / ECBC 2017 / ASHRAE 90.1)
Office,Temperate,134.9,3.329,2.354,5.612,0.802,341,111,5.17,4.47,9515.2,0.327,Physics-Calibrated Surrogate (ISO 13790 / ECBC 2017 / ASHRAE 90.1)
Office,Warm & Humid,158.7,3.811,0.648,3.298,0.495,2680,140,5.06,2.59,3630.8,0.369,Physics-Calibrated Surrogate (ISO 13790 / ECBC 2017 / ASHRAE 90.1)
Office,Cold,169.7,4.455,0.709,1.415,0.696,620,3016,3.83,3.13,1204.0,0.514,Physics-Calibrated Surrogate (ISO 13790 / ECBC 2017 / ASHRAE 90.1)
Office,Temperate,132.6,2.252,2.262,3.268,0.282,686,186,5.43,3.77,5202.7,0.563,Physics-Calibrated Surrogate (ISO 13790 / ECBC 2017 / ASHRAE 90.1)
Office,Composite,133.0,4.163,0.335,4.975,0.176,2260,682,5.81,3.42,6253.5,0.726,Physics-Calibrated Surrogate (ISO 13790 / ECBC 2017 / ASHRAE 90.1)
Office,Temperate,128.5,2.739,2.543,5.417,0.644,483,644,5.17,4.18,596.1,0.218,Physics-Calibrated Surrogate (ISO 13790 / ECBC 2017 / ASHRAE 90.1)
Office,Hot & Dry,161.0,2.166,3.312,1.42,0.745,4336,57,5.83,4.99,9983.2,0.526,Physics-Calibrated Surrogate (ISO 13790 / ECBC 2017 / ASHRAE 90.1)
Office,Hot & Dry,188.0,1.481,2.388,2.013,0.556,2838,487,5.81,4.76,635.5,0.798,Physics-Calibrated Surrogate (ISO 13790 / ECBC 2017 / ASHRAE 90.1)
Office,Hot & Dry,145.1,1.968,0.972,3.263,0.374,4170,383,5.97,4.36,2556.7,0.731,Physics-Calibrated Surrogate (ISO 13790 / ECBC 2017 / ASHRAE 90.1)
Office,Composite,135.9,3.201,1.87,4.193,0.773,1544,368,6.01,3.6,7007.4,0.21,Physics-Calibrated Surrogate (ISO 13790 / ECBC 2017 / ASHRAE 90.1)
Office,Temperate,118.5,4.008,3.239,1.681,0.24,472,116,4.89,3.89,10693.2,0.687,Physics-Calibrated Surrogate (ISO 13790 / ECBC 2017 / ASHRAE 90.1)
Office,Warm & Humid,127.4,0.992,2.459,3.567,0.29,2672,76,4.93,3.3,5540.4,0.284,Physics-Calibrated Surrogate (ISO 13790 / ECBC 2017 / ASHRAE 90.1)
Office,Cold,136.3,0.763,2.566,1.92,0.745,222,3068,4.88,4.32,9791.3,0.233,Physics-Calibrated Surrogate (ISO 13790 / ECBC 2017 / ASHRAE 90.1)
Office,Cold,152.0,3.21,3.068,2.775,0.689,168,1741,4.11,3.9,3690.4,0.55,Physics-Calibrated Surrogate (ISO 13790 / ECBC 2017 / ASHRAE 90.1)
Office,Temperate,123.8,0.524,3.291,3.637,0.58,453,621,5.17,3.71,11593.9,0.151,Physics-Calibrated Surrogate (ISO 13790 / ECBC 2017 / ASHRAE 90.1)
Office,Cold,116.5,3.32,2.058,4.596,0.249,641,1558,3.96,4.71,2448.1,0.535,Physics-Calibrated Surrogate (ISO 13790 / ECBC 2017 / ASHRAE 90.1)
Office,Composite,166.4,4.486,2.665,4.166,0.399,1826,464,5.77,2.62,4455.8,0.294,Physics-Calibrated Surrogate (ISO 13790 / ECBC 2017 / ASHRAE 90.1)
Office,Temperate,93.0,0.686,1.244,3.211,0.346,638,786,4.21,3.95,6014.5,0.111,Physics-Calibrated Surrogate (ISO 13790 / ECBC 2017 / ASHRAE 90.1)
Office,Cold,146.9,4.093,0.618,1.642,0.447,405,2347,5.08,4.83,561.5,0.624,Physics-Calibrated Surrogate (ISO 13790 / ECBC 2017 / ASHRAE 90.1)
Office,Composite,133.9,1.735,3.08,3.794,0.512,2411,875,5.05,4.32,11535.3,0.37,Physics-Calibrated Surrogate (ISO 13790 / ECBC 2017 / ASHRAE 90.1)
Office,Temperate,115.3,2.818,0.724,4.612,0.362,784,155,5.16,4.16,3964.2,0.424,Physics-Calibrated Surrogate (ISO 13790 / ECBC 2017 / ASHRAE 90.1)
Office,Hot & Dry,185.4,2.673,2.393,5.622,0.572,4111,186,6.72,3.9,10727.2,0.464,Physics-Calibrated Surrogate (ISO 13790 / ECBC 2017 / ASHRAE 90.1)
Office,Cold,169.6,3.022,1.285,3.362,0.751,668,1728,4.4,3.25,9561.2,0.688,Physics-Calibrated Surrogate (ISO 13790 / ECBC 2017 / ASHRAE 90.1)
Office,Cold,84.8,2.213,0.253,5.244,0.159,602,2324,4.87,4.86,10818.9,0.463,Physics-Calibrated Surrogate (ISO 13790 / ECBC 2017 / ASHRAE 90.1)
Office,Cold,110.3,2.101,2.335,4.545,0.151,352,1732,4.49,4.84,6812.7,0.254,Physics-Calibrated Surrogate (ISO 13790 / ECBC 2017 / ASHRAE 90.1)
Office,Hot & Dry,193.8,3.116,1.216,2.954,0.843,3887,303,5.9,3.12,9707.6,0.418,Physics-Calibrated Surrogate (ISO 13790 / ECBC 2017 / ASHRAE 90.1)
Office,Warm & Humid,133.6,2.467,0.999,5.526,0.784,2942,114,4.63,3.92,5462.3,0.261,Physics-Calibrated Surrogate (ISO 13790 / ECBC 2017 / ASHRAE 90.1)
Office,Warm & Humid,136.2,4.265,1.275,3.779,0.217,2937,70,5.45,3.0,5693.8,0.7,Physics-Calibrated Surrogate (ISO 13790 / ECBC 2017 / ASHRAE 90.1)
Office,Cold,150.7,2.279,1.527,2.288,0.661,274,1200,3.85,2.83,10917.3,0.687,Physics-Calibrated Surrogate (ISO 13790 / ECBC 2017 / ASHRAE 90.1)
Office,Cold,152.2,1.35,2.952,3.557,0.245,355,1590,5.05,3.93,1861.2,0.552,Physics-Calibrated Surrogate (ISO 13790 / ECBC 2017 / ASHRAE 90.1)
Office,Composite,161.7,1.629,3.41,2.091,0.392,1702,834,5.08,3.39,605.8,0.539,Physics-Calibrated Surrogate (ISO 13790 / ECBC 2017 / ASHRAE 90.1)
Office,Warm & Humid,173.1,2.549,1.971,4.207,0.421,3487,63,4.54,4.12,11312.1,0.724,Physics-Calibrated Surrogate (ISO 13790 / ECBC 2017 / ASHRAE 90.1)
Office,Temperate,122.2,4.269,1.764,3.828,0.728,782,642,4.84,3.19,8916.5,0.369,Physics-Calibrated Surrogate (ISO 13790 / ECBC 2017 / ASHRAE 90.1)
Office,Composite,139.0,1.976,1.542,3.077,0.377,2396,601,5.48,4.45,10809.8,0.788,Physics-Calibrated Surrogate (ISO 13790 / ECBC 2017 / ASHRAE 90.1)
Office,Hot & Dry,202.4,2.367,3.1,3.099,0.526,2742,398,5.7,2.62,9654.8,0.376,Physics-Calibrated Surrogate (ISO 13790 / ECBC 2017 / ASHRAE 90.1)
Office,Hot & Dry,180.8,3.003,0.512,3.207,0.83,3060,145,6.65,2.59,5637.9,0.431,Physics-Calibrated Surrogate (ISO 13790 / ECBC 2017 / ASHRAE 90.1)
Office,Composite,121.0,3.358,1.236,5.696,0.176,1840,766,5.68,3.61,1593.0,0.166,Physics-Calibrated Surrogate (ISO 13790 / ECBC 2017 / ASHRAE 90.1)
Office,Composite,131.9,1.827,2.297,5.346,0.265,1326,304,5.62,3.45,4632.4,0.433,Physics-Calibrated Surrogate (ISO 13790 / ECBC 2017 / ASHRAE 90.1)
Office,Warm & Humid,139.6,4.054,1.925,4.279,0.732,2875,146,4.58,2.88,7434.7,0.14,Physics-Calibrated Surrogate (ISO 13790 / ECBC 2017 / ASHRAE 90.1)
Office,Warm & Humid,105.7,0.43,1.071,1.351,0.444,2389,23,4.67,4.74,5887.3,0.519,Physics-Calibrated Surrogate (ISO 13790 / ECBC 2017 / ASHRAE 90.1)
Office,Hot & Dry,144.3,1.186,2.456,2.211,0.457,4364,346,6.6,4.46,8655.6,0.24,Physics-Calibrated Surrogate (ISO 13790 / ECBC 2017 / ASHRAE 90.1)
Office,Cold,168.5,4.136,2.189,3.775,0.823,160,2661,4.62,4.07,2075.3,0.581,Physics-Calibrated Surrogate (ISO 13790 / ECBC 2017 / ASHRAE 90.1)
Office,Warm & Humid,91.6,2.0,0.359,4.977,0.215,2411,105,4.95,4.19,11897.1,0.171,Physics-Calibrated Surrogate (ISO 13790 / ECBC 2017 / ASHRAE 90.1)
Office,Warm & Humid,145.1,3.144,2.737,3.377,0.582,2704,77,5.08,3.64,7822.0,0.255,Physics-Calibrated Surrogate (ISO 13790 / ECBC 2017 / ASHRAE 90.1)
Office,Composite,190.9,1.197,0.186,4.772,0.725,1615,247,5.62,2.65,5725.9,0.622,Physics-Calibrated Surrogate (ISO 13790 / ECBC 2017 / ASHRAE 90.1)
Office,Temperate,110.5,0.716,1.059,5.134,0.393,765,342,4.52,4.93,1756.7,0.656,Physics-Calibrated Surrogate (ISO 13790 / ECBC 2017 / ASHRAE 90.1)
Office,Composite,173.3,4.333,2.472,4.886,0.428,2679,687,4.99,3.34,1964.1,0.223,Physics-Calibrated Surrogate (ISO 13790 / ECBC 2017 / ASHRAE 90.1)
Office,Temperate,93.9,4.284,0.719,5.642,0.16,432,185,4.92,3.7,7765.4,0.28,Physics-Calibrated Surrogate (ISO 13790 / ECBC 2017 / ASHRAE 90.1)
Office,Warm & Humid,123.4,1.486,2.01,4.56,0.523,3298,33,5.43,4.83,1295.5,0.332,Physics-Calibrated Surrogate (ISO 13790 / ECBC 2017 / ASHRAE 90.1)
Office,Hot & Dry,230.1,2.181,1.927,3.113,0.745,4250,66,6.67,3.07,8996.2,0.725,Physics-Calibrated Surrogate (ISO 13790 / ECBC 2017 / ASHRAE 90.1)
Office,Temperate,123.4,0.649,0.79,3.227,0.559,1065,320,5.47,4.54,6621.5,0.734,Physics-Calibrated Surrogate (ISO 13790 / ECBC 2017 / ASHRAE 90.1)
Office,Warm & Humid,153.9,4.342,1.584,2.108,0.589,2531,141,5.0,4.21,11475.6,0.737,Physics-Calibrated Surrogate (ISO 13790 / ECBC 2017 / ASHRAE 90.1)
Office,Warm & Humid,126.2,1.317,0.725,3.637,0.353,2664,109,5.03,4.07,3725.3,0.612,Physics-Calibrated Surrogate (ISO 13790 / ECBC 2017 / ASHRAE 90.1)
Office,Composite,118.1,1.402,2.96,1.349,0.514,2262,204,4.84,3.92,4388.6,0.175,Physics-Calibrated Surrogate (ISO 13790 / ECBC 2017 / ASHRAE 90.1)
Office,Temperate,170.1,1.997,3.082,3.111,0.432,641,232,4.6,2.59,7580.8,0.584,Physics-Calibrated Surrogate (ISO 13790 / ECBC 2017 / ASHRAE 90.1)
Office,Hot & Dry,138.6,1.837,0.959,4.292,0.288,3400,427,5.67,4.74,4012.5,0.647,Physics-Calibrated Surrogate (ISO 13790 / ECBC 2017 / ASHRAE 90.1)
Office,Composite,152.0,0.832,1.559,3.412,0.413,2257,681,5.36,3.41,9507.8,0.774,Physics-Calibrated Surrogate (ISO 13790 / ECBC 2017 / ASHRAE 90.1)
Office,Composite,144.6,2.343,1.15,4.135,0.352,2541,448,5.07,3.09,9884.4,0.662,Physics-Calibrated Surrogate (ISO 13790 / ECBC 2017 / ASHRAE 90.1)
Office,Cold,138.6,0.805,0.923,2.813,0.68,221,3257,3.53,3.96,2054.6,0.587,Physics-Calibrated Surrogate (ISO 13790 / ECBC 2017 / ASHRAE 90.1)
Office,Composite,131.9,3.538,1.608,5.555,0.477,1679,646,6.1,4.69,1775.6,0.384,Physics-Calibrated Surrogate (ISO 13790 / ECBC 2017 / ASHRAE 90.1)
Office,Warm & Humid,174.3,3.678,0.696,2.346,0.389,3335,121,5.77,2.92,8856.0,0.75,Physics-Calibrated Surrogate (ISO 13790 / ECBC 2017 / ASHRAE 90.1)
Office,Hot & Dry,201.9,1.153,1.664,4.866,0.563,3757,108,5.69,2.74,7277.3,0.468,Physics-Calibrated Surrogate (ISO 13790 / ECBC 2017 / ASHRAE 90.1)
Office,Cold,155.5,0.403,1.529,2.732,0.619,545,2309,3.76,3.04,8667.0,0.574,Physics-Calibrated Surrogate (ISO 13790 / ECBC 2017 / ASHRAE 90.1)
Office,Cold,195.7,0.345,2.236,3.099,0.752,546,2002,4.86,3.13,11096.8,0.785,Physics-Calibrated Surrogate (ISO 13790 / ECBC 2017 / ASHRAE 90.1)
Office,Cold,128.7,1.643,2.149,3.982,0.486,667,3406,4.31,4.54,10867.3,0.124,Physics-Calibrated Surrogate (ISO 13790 / ECBC 2017 / ASHRAE 90.1)
Office,Temperate,145.4,2.487,2.636,3.545,0.446,481,733,4.34,3.5,1300.9,0.512,Physics-Calibrated Surrogate (ISO 13790 / ECBC 2017 / ASHRAE 90.1)
Office,Composite,122.2,4.372,2.472,1.526,0.283,1915,672,4.83,4.43,1356.9,0.457,Physics-Calibrated Surrogate (ISO 13790 / ECBC 2017 / ASHRAE 90.1)
Office,Temperate,120.7,2.314,1.871,2.305,0.237,1166,779,5.11,3.97,2889.4,0.114,Physics-Calibrated Surrogate (ISO 13790 / ECBC 2017 / ASHRAE 90.1)
Office,Warm & Humid,180.3,3.941,2.652,5.146,0.496,2852,57,5.29,2.83,5051.1,0.309,Physics-Calibrated Surrogate (ISO 13790 / ECBC 2017 / ASHRAE 90.1)
Office,Hot & Dry,161.1,4.093,3.045,3.337,0.671,3889,470,5.6,4.05,9991.0,0.188,Physics-Calibrated Surrogate (ISO 13790 / ECBC 2017 / ASHRAE 90.1)
Office,Warm & Humid,163.1,3.597,2.902,3.751,0.276,2900,3,5.72,3.67,6093.3,0.424,Physics-Calibrated Surrogate (ISO 13790 / ECBC 2017 / ASHRAE 90.1)
Office,Cold,165.5,0.712,1.612,5.627,0.734,516,2254,3.58,3.72,8909.0,0.71,Physics-Calibrated Surrogate (ISO 13790 / ECBC 2017 / ASHRAE 90.1)
Office,Composite,133.3,3.713,0.594,2.274,0.467,1434,652,5.54,3.79,1094.4,0.211,Physics-Calibrated Surrogate (ISO 13790 / ECBC 2017 / ASHRAE 90.1)
Office,Warm & Humid,121.9,2.299,2.459,3.995,0.527,2547,91,5.62,3.67,5661.6,0.144,Physics-Calibrated Surrogate (ISO 13790 / ECBC 2017 / ASHRAE 90.1)
Office,Composite,133.9,0.58,2.929,3.787,0.62,1622,171,5.28,4.26,4225.8,0.511,Physics-Calibrated Surrogate (ISO 13790 / ECBC 2017 / ASHRAE 90.1)
Office,Cold,149.2,4.329,2.547,4.826,0.643,380,2587,3.65,3.97,7469.2,0.163,Physics-Calibrated Surrogate (ISO 13790 / ECBC 2017 / ASHRAE 90.1)
Office,Cold,162.0,3.796,3.0,3.15,0.197,536,2393,4.94,2.5,10232.3,0.349,Physics-Calibrated Surrogate (ISO 13790 / ECBC 2017 / ASHRAE 90.1)
Office,Composite,130.5,0.861,0.311,4.767,0.549,2608,295,6.17,4.4,4528.1,0.417,Physics-Calibrated Surrogate (ISO 13790 / ECBC 2017 / ASHRAE 90.1)
Office,Temperate,107.1,0.791,3.453,2.62,0.241,907,125,4.21,3.0,1998.9,0.316,Physics-Calibrated Surrogate (ISO 13790 / ECBC 2017 / ASHRAE 90.1)
Office,Composite,135.6,1.106,1.268,4.547,0.618,2148,107,5.17,2.68,6217.8,0.394,Physics-Calibrated Surrogate (ISO 13790 / ECBC 2017 / ASHRAE 90.1)
Office,Temperate,130.6,3.129,0.535,4.396,0.459,1036,241,5.32,4.86,1851.0,0.65,Physics-Calibrated Surrogate (ISO 13790 / ECBC 2017 / ASHRAE 90.1)
Office,Hot & Dry,188.6,3.18,2.692,3.65,0.597,4349,468,6.77,4.88,2843.4,0.62,Physics-Calibrated Surrogate (ISO 13790 / ECBC 2017 / ASHRAE 90.1)
Office,Composite,133.5,1.019,3.075,4.443,0.21,2613,410,5.11,4.13,3742.3,0.411,Physics-Calibrated Surrogate (ISO 13790 / ECBC 2017 / ASHRAE 90.1)
Office,Cold,132.3,4.215,2.564,4.723,0.214,402,1740,3.51,3.78,3351.2,0.749,Physics-Calibrated Surrogate (ISO 13790 / ECBC 2017 / ASHRAE 90.1)
Office,Temperate,97.4,1.699,1.579,1.841,0.166,872,523,5.42,4.67,10476.0,0.301,Physics-Calibrated Surrogate (ISO 13790 / ECBC 2017 / ASHRAE 90.1)
Office,Composite,194.5,0.302,2.147,5.413,0.352,2318,563,6.16,2.96,2263.7,0.613,Physics-Calibrated Surrogate (ISO 13790 / ECBC 2017 / ASHRAE 90.1)
Office,Warm & Humid,137.3,1.407,1.344,1.949,0.492,3262,68,4.69,4.48,5260.6,0.438,Physics-Calibrated Surrogate (ISO 13790 / ECBC 2017 / ASHRAE 90.1)
Office,Cold,165.3,1.945,2.233,5.656,0.216,554,3273,4.33,3.48,8522.9,0.471,Physics-Calibrated Surrogate (ISO 13790 / ECBC 2017 / ASHRAE 90.1)
Office,Warm & Humid,128.0,3.988,2.113,4.301,0.713,2630,91,4.68,4.15,10707.0,0.43,Physics-Calibrated Surrogate (ISO 13790 / ECBC 2017 / ASHRAE 90.1)
Office,Temperate,116.0,4.371,3.365,2.844,0.196,849,151,5.24,2.92,10225.6,0.181,Physics-Calibrated Surrogate (ISO 13790 / ECBC 2017 / ASHRAE 90.1)
Office,Warm & Humid,165.8,4.355,2.441,4.843,0.355,2774,26,4.83,2.7,8137.8,0.394,Physics-Calibrated Surrogate (ISO 13790 / ECBC 2017 / ASHRAE 90.1)
Office,Temperate,134.2,1.929,1.111,2.435,0.753,496,744,4.78,2.67,3655.7,0.375,Physics-Calibrated Surrogate (ISO 13790 / ECBC 2017 / ASHRAE 90.1)
Office,Cold,118.3,0.745,0.212,4.901,0.247,492,3459,3.87,4.44,2324.3,0.319,Physics-Calibrated Surrogate (ISO 13790 / ECBC 2017 / ASHRAE 90.1)
Office,Hot & Dry,159.6,1.992,3.189,4.605,0.53,4360,64,6.51,3.82,10244.6,0.107,Physics-Calibrated Surrogate (ISO 13790 / ECBC 2017 / ASHRAE 90.1)
Office,Composite,124.2,3.993,1.784,4.101,0.206,2718,893,5.5,3.72,9157.3,0.676,Physics-Calibrated Surrogate (ISO 13790 / ECBC 2017 / ASHRAE 90.1)
Office,Warm & Humid,230.3,0.746,0.931,5.572,0.821,2859,104,5.04,2.74,10976.7,0.795,Physics-Calibrated Surrogate (ISO 13790 / ECBC 2017 / ASHRAE 90.1)
Office,Temperate,127.9,2.108,1.715,2.304,0.776,871,645,5.24,3.86,4472.8,0.282,Physics-Calibrated Surrogate (ISO 13790 / ECBC 2017 / ASHRAE 90.1)
Office,Cold,135.1,1.89,1.551,3.714,0.537,227,2617,4.36,3.74,10701.7,0.351,Physics-Calibrated Surrogate (ISO 13790 / ECBC 2017 / ASHRAE 90.1)
Office,Hot & Dry,146.8,1.257,2.106,2.909,0.464,3071,299,5.82,3.84,2765.0,0.389,Physics-Calibrated Surrogate (ISO 13790 / ECBC 2017 / ASHRAE 90.1)
Office,Warm & Humid,176.2,4.211,3.369,1.26,0.27,3332,34,5.77,4.13,594.3,0.729,Physics-Calibrated Surrogate (ISO 13790 / ECBC 2017 / ASHRAE 90.1)
Office,Warm & Humid,159.4,2.542,0.632,1.243,0.716,3358,54,4.92,2.94,2152.4,0.597,Physics-Calibrated Surrogate (ISO 13790 / ECBC 2017 / ASHRAE 90.1)
Office,Hot & Dry,129.9,1.236,0.78,3.169,0.611,3449,355,6.38,3.16,4130.0,0.161,Physics-Calibrated Surrogate (ISO 13790 / ECBC 2017 / ASHRAE 90.1)
Office,Hot & Dry,142.6,2.23,1.322,4.087,0.699,3613,116,5.59,4.12,11005.4,0.391,Physics-Calibrated Surrogate (ISO 13790 / ECBC 2017 / ASHRAE 90.1)
Office,Temperate,130.0,2.978,1.845,4.499,0.733,464,702,5.32,4.36,8251.7,0.25,Physics-Calibrated Surrogate (ISO 13790 / ECBC 2017 / ASHRAE 90.1)
Office,Temperate,118.9,1.202,1.342,2.507,0.273,1036,385,5.33,4.36,8830.9,0.383,Physics-Calibrated Surrogate (ISO 13790 / ECBC 2017 / ASHRAE 90.1)
Office,Temperate,122.5,2.09,1.113,1.937,0.348,1139,170,4.82,3.08,5651.9,0.185,Physics-Calibrated Surrogate (ISO 13790 / ECBC 2017 / ASHRAE 90.1)
Office,Cold,150.3,3.795,1.36,2.181,0.42,678,2737,4.77,4.35,2764.7,0.644,Physics-Calibrated Surrogate (ISO 13790 / ECBC 2017 / ASHRAE 90.1)
Office,Cold,112.7,0.594,0.238,2.401,0.527,257,1547,3.93,4.77,3362.7,0.513,Physics-Calibrated Surrogate (ISO 13790 / ECBC 2017 / ASHRAE 90.1)
Office,Temperate,140.5,1.47,2.735,2.816,0.718,1003,602,5.12,3.3,4400.4,0.178,Physics-Calibrated Surrogate (ISO 13790 / ECBC 2017 / ASHRAE 90.1)
Office,Cold,110.4,1.077,0.531,2.771,0.825,640,2242,4.27,3.77,685.2,0.182,Physics-Calibrated Surrogate (ISO 13790 / ECBC 2017 / ASHRAE 90.1)
Office,Temperate,125.2,2.302,2.708,2.388,0.487,923,731,4.38,4.98,6327.9,0.189,Physics-Calibrated Surrogate (ISO 13790 / ECBC 2017 / ASHRAE 90.1)
Office,Temperate,135.5,2.842,0.442,1.368,0.584,313,232,4.88,3.24,2286.4,0.567,Physics-Calibrated Surrogate (ISO 13790 / ECBC 2017 / ASHRAE 90.1)
Office,Composite,143.9,3.99,1.161,4.191,0.38,2646,635,6.19,3.48,1962.6,0.151,Physics-Calibrated Surrogate (ISO 13790 / ECBC 2017 / ASHRAE 90.1)
Office,Hot & Dry,132.0,3.576,2.383,2.62,0.355,3832,433,5.59,4.5,8037.3,0.106,Physics-Calibrated Surrogate (ISO 13790 / ECBC 2017 / ASHRAE 90.1)
Office,Cold,143.5,4.219,2.352,3.22,0.181,517,1324,4.99,4.8,719.0,0.613,Physics-Calibrated Surrogate (ISO 13790 / ECBC 2017 / ASHRAE 90.1)
Office,Cold,135.0,0.571,2.074,4.061,0.504,282,3335,4.32,4.54,1930.0,0.25,Physics-Calibrated Surrogate (ISO 13790 / ECBC 2017 / ASHRAE 90.1)
Office,Composite,208.4,1.771,3.222,1.816,0.62,1725,696,5.39,2.51,7003.9,0.554,Physics-Calibrated Surrogate (ISO 13790 / ECBC 2017 / ASHRAE 90.1)
Office,Composite,156.0,1.012,2.888,5.493,0.807,2473,670,5.02,4.79,9624.5,0.74,Physics-Calibrated Surrogate (ISO 13790 / ECBC 2017 / ASHRAE 90.1)
Office,Temperate,132.4,1.034,2.993,2.572,0.569,516,498,4.72,3.76,2624.2,0.377,Physics-Calibrated Surrogate (ISO 13790 / ECBC 2017 / ASHRAE 90.1)
Office,Hot & Dry,216.9,3.578,2.681,3.991,0.589,4122,70,6.92,4.1,4698.5,0.739,Physics-Calibrated Surrogate (ISO 13790 / ECBC 2017 / ASHRAE 90.1)
Office,Warm & Humid,161.4,0.652,1.768,3.565,0.73,3481,54,5.51,3.61,10533.3,0.251,Physics-Calibrated Surrogate (ISO 13790 / ECBC 2017 / ASHRAE 90.1)
Office,Composite,146.3,3.33,0.17,3.925,0.743,1800,194,5.97,3.39,8009.4,0.452,Physics-Calibrated Surrogate (ISO 13790 / ECBC 2017 / ASHRAE 90.1)
Office,Warm & Humid,119.4,4.053,1.454,2.641,0.474,2774,37,5.29,3.48,7900.8,0.162,Physics-Calibrated Surrogate (ISO 13790 / ECBC 2017 / ASHRAE 90.1)
Office,Composite,142.3,3.767,3.457,3.762,0.345,1629,121,5.93,3.5,3560.8,0.251,Physics-Calibrated Surrogate (ISO 13790 / ECBC 2017 / ASHRAE 90.1)
Office,Cold,131.2,1.732,2.78,2.083,0.597,608,2803,3.55,4.14,6962.8,0.25,Physics-Calibrated Surrogate (ISO 13790 / ECBC 2017 / ASHRAE 90.1)
Office,Cold,140.0,2.7,0.374,1.736,0.568,508,1800,4.62,3.19,7307.0,0.615,Physics-Calibrated Surrogate (ISO 13790 / ECBC 2017 / ASHRAE 90.1)
Office,Hot & Dry,140.4,1.402,2.695,4.759,0.469,2991,149,6.47,4.03,8404.8,0.361,Physics-Calibrated Surrogate (ISO 13790 / ECBC 2017 / ASHRAE 90.1)
Office,Temperate,131.0,2.226,2.302,4.327,0.541,1191,689,5.29,4.06,8414.7,0.459,Physics-Calibrated Surrogate (ISO 13790 / ECBC 2017 / ASHRAE 90.1)
Office,Temperate,136.4,2.131,2.261,2.767,0.361,357,579,5.39,3.95,6541.6,0.607,Physics-Calibrated Surrogate (ISO 13790 / ECBC 2017 / ASHRAE 90.1)
Office,Composite,147.7,3.07,3.213,1.615,0.689,2292,826,5.86,4.04,11166.3,0.421,Physics-Calibrated Surrogate (ISO 13790 / ECBC 2017 / ASHRAE 90.1)
Office,Warm & Humid,120.2,2.474,1.43,3.796,0.23,2250,146,5.63,4.99,6077.4,0.314,Physics-Calibrated Surrogate (ISO 13790 / ECBC 2017 / ASHRAE 90.1)
Office,Cold,154.4,2.208,2.561,1.694,0.742,277,2147,4.71,4.34,4684.8,0.683,Physics-Calibrated Surrogate (ISO 13790 / ECBC 2017 / ASHRAE 90.1)
Office,Cold,161.6,2.473,1.598,5.762,0.799,373,2929,4.21,3.27,8133.7,0.443,Physics-Calibrated Surrogate (ISO 13790 / ECBC 2017 / ASHRAE 90.1)
Office,Composite,126.9,3.908,0.915,2.213,0.291,1953,665,5.24,4.81,7118.8,0.765,Physics-Calibrated Surrogate (ISO 13790 / ECBC 2017 / ASHRAE 90.1)
Office,Temperate,114.1,4.208,1.372,5.145,0.336,891,115,4.43,3.79,9983.8,0.293,Physics-Calibrated Surrogate (ISO 13790 / ECBC 2017 / ASHRAE 90.1)
Office,Composite,148.3,3.335,0.835,2.755,0.479,2594,763,5.84,3.33,9518.2,0.634,Physics-Calibrated Surrogate (ISO 13790 / ECBC 2017 / ASHRAE 90.1)
Office,Cold,114.1,1.891,0.266,1.67,0.571,476,2172,4.95,4.68,9728.3,0.129,Physics-Calibrated Surrogate (ISO 13790 / ECBC 2017 / ASHRAE 90.1)
Office,Cold,148.8,3.626,1.236,4.494,0.245,156,3119,5.09,3.23,4849.3,0.503,Physics-Calibrated Surrogate (ISO 13790 / ECBC 2017 / ASHRAE 90.1)
Office,Cold,126.7,2.92,2.034,3.05,0.601,346,2316,4.86,3.88,3247.4,0.129,Physics-Calibrated Surrogate (ISO 13790 / ECBC 2017 / ASHRAE 90.1)
Office,Warm & Humid,229.3,3.321,2.11,4.371,0.807,2452,112,5.64,3.12,11550.4,0.725,Physics-Calibrated Surrogate (ISO 13790 / ECBC 2017 / ASHRAE 90.1)
Office,Temperate,127.2,3.632,1.356,5.518,0.524,949,273,4.96,3.99,9653.0,0.433,Physics-Calibrated Surrogate (ISO 13790 / ECBC 2017 / ASHRAE 90.1)
Office,Warm & Humid,135.3,2.01,1.521,3.703,0.53,2569,20,5.45,3.74,5227.0,0.349,Physics-Calibrated Surrogate (ISO 13790 / ECBC 2017 / ASHRAE 90.1)
Office,Cold,122.9,0.755,3.277,2.734,0.303,658,1460,4.04,3.74,3260.8,0.49,Physics-Calibrated Surrogate (ISO 13790 / ECBC 2017 / ASHRAE 90.1)
Office,Warm & Humid,148.4,2.141,0.251,4.745,0.585,2578,106,4.95,4.0,2018.8,0.286,Physics-Calibrated Surrogate (ISO 13790 / ECBC 2017 / ASHRAE 90.1)
Office,Cold,172.7,3.122,1.689,5.762,0.309,614,3440,3.83,3.28,2424.0,0.227,Physics-Calibrated Surrogate (ISO 13790 / ECBC 2017 / ASHRAE 90.1)
Office,Hot & Dry,166.3,2.32,0.84,5.011,0.526,3612,96,6.2,2.88,6877.9,0.69,Physics-Calibrated Surrogate (ISO 13790 / ECBC 2017 / ASHRAE 90.1)
Office,Temperate,120.6,3.243,3.255,2.927,0.319,697,723,4.87,3.89,5150.2,0.213,Physics-Calibrated Surrogate (ISO 13790 / ECBC 2017 / ASHRAE 90.1)
Office,Hot & Dry,223.4,2.555,3.201,5.094,0.239,2896,433,6.1,2.73,769.8,0.331,Physics-Calibrated Surrogate (ISO 13790 / ECBC 2017 / ASHRAE 90.1)
Office,Temperate,158.5,1.376,0.553,1.653,0.68,993,758,4.85,3.06,6489.5,0.414,Physics-Calibrated Surrogate (ISO 13790 / ECBC 2017 / ASHRAE 90.1)
Office,Composite,128.2,0.831,1.539,1.268,0.739,1671,718,5.02,3.78,7689.2,0.337,Physics-Calibrated Surrogate (ISO 13790 / ECBC 2017 / ASHRAE 90.1)
Office,Temperate,114.9,1.988,2.552,5.233,0.301,936,209,4.55,4.52,6645.4,0.683,Physics-Calibrated Surrogate (ISO 13790 / ECBC 2017 / ASHRAE 90.1)
Office,Warm & Humid,126.0,2.206,1.848,4.362,0.593,3435,37,4.72,4.53,9410.9,0.191,Physics-Calibrated Surrogate (ISO 13790 / ECBC 2017 / ASHRAE 90.1)
Office,Cold,148.1,3.088,1.427,4.51,0.385,424,2729,3.99,3.23,4062.3,0.465,Physics-Calibrated Surrogate (ISO 13790 / ECBC 2017 / ASHRAE 90.1)
Office,Hot & Dry,178.6,3.33,0.445,5.093,0.663,4146,469,5.62,4.03,5306.6,0.76,Physics-Calibrated Surrogate (ISO 13790 / ECBC 2017 / ASHRAE 90.1)
Office,Temperate,142.9,4.285,3.173,5.228,0.711,413,496,4.91,4.86,6690.8,0.496,Physics-Calibrated Surrogate (ISO 13790 / ECBC 2017 / ASHRAE 90.1)
Office,Temperate,126.4,3.442,0.616,2.361,0.662,847,516,4.84,2.91,10235.1,0.454,Physics-Calibrated Surrogate (ISO 13790 / ECBC 2017 / ASHRAE 90.1)
Office,Composite,145.0,4.28,1.342,2.349,0.581,1712,279,5.64,3.75,6169.7,0.65,Physics-Calibrated Surrogate (ISO 13790 / ECBC 2017 / ASHRAE 90.1)
Office,Cold,161.0,1.174,1.281,4.925,0.637,693,3122,3.81,4.41,11336.5,0.629,Physics-Calibrated Surrogate (ISO 13790 / ECBC 2017 / ASHRAE 90.1)
Office,Hot & Dry,202.6,3.22,1.302,4.392,0.769,4264,438,6.58,3.68,2503.1,0.513,Physics-Calibrated Surrogate (ISO 13790 / ECBC 2017 / ASHRAE 90.1)
Office,Composite,147.5,3.035,3.019,1.717,0.393,1417,787,6.2,4.69,9152.6,0.705,Physics-Calibrated Surrogate (ISO 13790 / ECBC 2017 / ASHRAE 90.1)
Office,Temperate,128.5,2.422,1.93,4.906,0.704,961,124,4.75,3.95,2730.9,0.299,Physics-Calibrated Surrogate (ISO 13790 / ECBC 2017 / ASHRAE 90.1)
Office,Warm & Humid,141.4,3.047,3.241,1.461,0.171,2303,76,5.51,2.95,6169.8,0.495,Physics-Calibrated Surrogate (ISO 13790 / ECBC 2017 / ASHRAE 90.1)
Office,Composite,145.1,3.323,0.466,4.115,0.35,2716,749,5.27,4.41,1310.8,0.506,Physics-Calibrated Surrogate (ISO 13790 / ECBC 2017 / ASHRAE 90.1)
Office,Hot & Dry,128.0,3.834,0.187,2.636,0.159,4039,137,6.29,2.74,5051.0,0.226,Physics-Calibrated Surrogate (ISO 13790 / ECBC 2017 / ASHRAE 90.1)
Office,Temperate,99.5,2.265,0.387,3.952,0.335,644,409,5.07,3.82,9170.3,0.177,Physics-Calibrated Surrogate (ISO 13790 / ECBC 2017 / ASHRAE 90.1)
Office,Cold,236.2,0.427,3.495,4.069,0.541,232,3190,4.55,2.65,4815.3,0.789,Physics-Calibrated Surrogate (ISO 13790 / ECBC 2017 / ASHRAE 90.1)
Office,Composite,147.3,3.347,0.92,1.204,0.651,2280,796,5.21,2.93,3921.2,0.307,Physics-Calibrated Surrogate (ISO 13790 / ECBC 2017 / ASHRAE 90.1)
Office,Warm & Humid,113.4,2.826,2.035,1.82,0.256,2902,77,4.59,4.48,11679.9,0.11,Physics-Calibrated Surrogate (ISO 13790 / ECBC 2017 / ASHRAE 90.1)
Office,Composite,131.7,3.085,1.295,4.345,0.164,2343,352,5.16,4.34,4872.2,0.71,Physics-Calibrated Surrogate (ISO 13790 / ECBC 2017 / ASHRAE 90.1)
Office,Temperate,160.5,1.486,2.948,2.657,0.658,1157,231,4.54,2.8,8729.0,0.605,Physics-Calibrated Surrogate (ISO 13790 / ECBC 2017 / ASHRAE 90.1)
Office,Composite,133.8,3.193,2.398,1.937,0.155,2612,819,5.35,4.38,1395.2,0.362,Physics-Calibrated Surrogate (ISO 13790 / ECBC 2017 / ASHRAE 90.1)
Office,Hot & Dry,175.3,1.543,2.53,1.979,0.732,4273,248,6.15,3.93,6287.5,0.546,Physics-Calibrated Surrogate (ISO 13790 / ECBC 2017 / ASHRAE 90.1)
Office,Composite,195.2,2.639,3.262,2.939,0.475,2518,217,5.1,2.72,6441.6,0.615,Physics-Calibrated Surrogate (ISO 13790 / ECBC 2017 / ASHRAE 90.1)
Office,Warm & Humid,118.4,1.58,2.905,2.206,0.32,2813,100,4.58,4.11,11523.3,0.199,Physics-Calibrated Surrogate (ISO 13790 / ECBC 2017 / ASHRAE 90.1)
Office,Temperate,106.7,1.826,1.706,5.703,0.271,789,527,5.46,3.39,10070.7,0.299,Physics-Calibrated Surrogate (ISO 13790 / ECBC 2017 / ASHRAE 90.1)
Office,Warm & Humid,214.6,2.057,1.627,4.118,0.692,3182,57,5.71,2.58,4676.0,0.691,Physics-Calibrated Surrogate (ISO 13790 / ECBC 2017 / ASHRAE 90.1)
Office,Temperate,107.4,0.44,1.725,5.59,0.231,983,353,4.63,4.87,1734.7,0.202,Physics-Calibrated Surrogate (ISO 13790 / ECBC 2017 / ASHRAE 90.1)
Office,Warm & Humid,149.4,1.456,1.849,4.817,0.767,3145,29,5.71,4.6,3357.4,0.55,Physics-Calibrated Surrogate (ISO 13790 / ECBC 2017 / ASHRAE 90.1)
Office,Composite,139.2,3.764,1.497,1.671,0.193,1947,573,5.67,2.63,10746.4,0.447,Physics-Calibrated Surrogate (ISO 13790 / ECBC 2017 / ASHRAE 90.1)
Office,Warm & Humid,119.0,2.6,0.634,1.816,0.811,2345,29,4.57,4.51,3042.9,0.292,Physics-Calibrated Surrogate (ISO 13790 / ECBC 2017 / ASHRAE 90.1)
Office,Cold,122.6,0.944,3.214,1.496,0.189,173,1879,3.88,2.97,8858.9,0.596,Physics-Calibrated Surrogate (ISO 13790 / ECBC 2017 / ASHRAE 90.1)
Office,Temperate,120.4,3.046,2.743,4.944,0.495,308,295,5.2,3.01,2465.9,0.131,Physics-Calibrated Surrogate (ISO 13790 / ECBC 2017 / ASHRAE 90.1)
Office,Cold,160.1,1.52,0.703,5.439,0.446,474,2842,5.15,3.2,10278.1,0.594,Physics-Calibrated Surrogate (ISO 13790 / ECBC 2017 / ASHRAE 90.1)
Office,Composite,151.0,2.094,0.932,5.775,0.82,2344,624,5.34,4.61,6970.4,0.662,Physics-Calibrated Surrogate (ISO 13790 / ECBC 2017 / ASHRAE 90.1)
Office,Cold,113.8,2.139,0.222,3.425,0.501,698,1657,3.84,3.3,11268.1,0.113,Physics-Calibrated Surrogate (ISO 13790 / ECBC 2017 / ASHRAE 90.1)
Office,Temperate,116.8,2.777,0.822,2.522,0.263,1073,293,5.07,3.12,9497.6,0.472,Physics-Calibrated Surrogate (ISO 13790 / ECBC 2017 / ASHRAE 90.1)
Office,Warm & Humid,107.2,1.371,1.03,1.381,0.364,3398,38,5.33,4.36,9898.5,0.492,Physics-Calibrated Surrogate (ISO 13790 / ECBC 2017 / ASHRAE 90.1)
Office,Cold,191.2,3.18,2.326,3.152,0.447,143,3051,4.17,2.85,7144.0,0.461,Physics-Calibrated Surrogate (ISO 13790 / ECBC 2017 / ASHRAE 90.1)
Office,Temperate,144.8,3.743,2.006,3.273,0.35,861,706,4.86,3.25,775.7,0.319,Physics-Calibrated Surrogate (ISO 13790 / ECBC 2017 / ASHRAE 90.1)
Office,Composite,182.6,1.64,2.72,2.152,0.78,2608,701,5.18,3.81,1758.1,0.562,Physics-Calibrated Surrogate (ISO 13790 / ECBC 2017 / ASHRAE 90.1)
Office,Hot & Dry,231.0,2.409,3.386,5.532,0.756,3914,422,6.26,3.75,8226.8,0.738,Physics-Calibrated Surrogate (ISO 13790 / ECBC 2017 / ASHRAE 90.1)
Office,Warm & Humid,118.4,2.395,0.871,2.451,0.269,2848,144,4.84,4.3,3103.9,0.436,Physics-Calibrated Surrogate (ISO 13790 / ECBC 2017 / ASHRAE 90.1)
Office,Warm & Humid,136.2,2.716,0.588,3.305,0.338,2972,109,4.71,4.61,4373.4,0.488,Physics-Calibrated Surrogate (ISO 13790 / ECBC 2017 / ASHRAE 90.1)
Office,Cold,160.3,1.96,2.723,3.156,0.47,374,2753,4.74,3.79,6365.7,0.535,Physics-Calibrated Surrogate (ISO 13790 / ECBC 2017 / ASHRAE 90.1)
Office,Cold,124.3,3.528,0.893,2.44,0.32,298,1531,4.09,4.98,1724.5,0.444,Physics-Calibrated Surrogate (ISO 13790 / ECBC 2017 / ASHRAE 90.1)
Office,Hot & Dry,195.1,4.279,3.113,2.187,0.594,3260,486,6.89,4.4,2189.3,0.78,Physics-Calibrated Surrogate (ISO 13790 / ECBC 2017 / ASHRAE 90.1)
Office,Hot & Dry,171.1,4.48,1.487,4.031,0.406,3128,169,6.69,3.48,5845.8,0.476,Physics-Calibrated Surrogate (ISO 13790 / ECBC 2017 / ASHRAE 90.1)
Office,Warm & Humid,111.7,3.018,0.261,1.205,0.205,3115,108,4.57,4.41,1598.8,0.561,Physics-Calibrated Surrogate (ISO 13790 / ECBC 2017 / ASHRAE 90.1)
Office,Hot & Dry,203.7,2.042,3.267,4.81,0.29,4065,133,6.36,2.83,11146.1,0.552,Physics-Calibrated Surrogate (ISO 13790 / ECBC 2017 / ASHRAE 90.1)
Office,Hot & Dry,202.0,4.443,1.938,1.72,0.73,2695,330,6.68,3.13,8996.3,0.538,Physics-Calibrated Surrogate (ISO 13790 / ECBC 2017 / ASHRAE 90.1)
Office,Composite,171.9,3.924,1.743,5.774,0.836,1289,871,5.18,4.71,7959.4,0.605,Physics-Calibrated Surrogate (ISO 13790 / ECBC 2017 / ASHRAE 90.1)
Office,Warm & Humid,197.0,3.319,2.172,5.416,0.185,3395,15,4.97,2.89,639.4,0.274,Physics-Calibrated Surrogate (ISO 13790 / ECBC 2017 / ASHRAE 90.1)
Office,Composite,218.6,3.618,2.881,1.59,0.586,2302,797,5.37,2.52,9968.5,0.576,Physics-Calibrated Surrogate (ISO 13790 / ECBC 2017 / ASHRAE 90.1)
Office,Temperate,131.1,2.322,0.413,3.778,0.382,370,765,4.27,2.89,7100.6,0.704,Physics-Calibrated Surrogate (ISO 13790 / ECBC 2017 / ASHRAE 90.1)
Office,Hot & Dry,187.2,1.707,0.266,2.525,0.688,3273,293,6.97,3.01,8876.4,0.551,Physics-Calibrated Surrogate (ISO 13790 / ECBC 2017 / ASHRAE 90.1)
Office,Hot & Dry,109.1,0.544,1.397,4.515,0.538,3606,471,5.81,3.56,7389.6,0.162,Physics-Calibrated Surrogate (ISO 13790 / ECBC 2017 / ASHRAE 90.1)
Office,Cold,152.9,1.543,2.552,1.588,0.718,691,3388,5.02,4.3,9744.7,0.229,Physics-Calibrated Surrogate (ISO 13790 / ECBC 2017 / ASHRAE 90.1)
Office,Temperate,110.4,0.475,0.227,2.916,0.254,1083,176,5.13,3.9,8317.9,0.682,Physics-Calibrated Surrogate (ISO 13790 / ECBC 2017 / ASHRAE 90.1)
Office,Warm & Humid,139.3,0.377,0.578,4.669,0.48,2768,53,5.32,2.87,7168.0,0.359,Physics-Calibrated Surrogate (ISO 13790 / ECBC 2017 / ASHRAE 90.1)
Office,Temperate,113.6,2.841,2.207,3.647,0.214,572,114,4.76,3.61,3695.1,0.709,Physics-Calibrated Surrogate (ISO 13790 / ECBC 2017 / ASHRAE 90.1)
Office,Temperate,140.5,3.973,2.66,5.517,0.188,1066,570,4.34,2.53,5937.1,0.574,Physics-Calibrated Surrogate (ISO 13790 / ECBC 2017 / ASHRAE 90.1)
Office,Temperate,150.9,2.275,2.057,5.469,0.521,568,434,4.76,3.38,2050.2,0.74,Physics-Calibrated Surrogate (ISO 13790 / ECBC 2017 / ASHRAE 90.1)
Office,Composite,152.0,3.604,2.729,5.144,0.15,1401,544,5.92,3.41,9604.7,0.784,Physics-Calibrated Surrogate (ISO 13790 / ECBC 2017 / ASHRAE 90.1)
Office,Cold,132.5,2.685,2.936,5.489,0.675,592,3222,3.8,4.61,3992.9,0.336,Physics-Calibrated Surrogate (ISO 13790 / ECBC 2017 / ASHRAE 90.1)
Office,Composite,109.5,2.645,1.238,2.55,0.173,1991,522,5.24,4.54,10963.0,0.709,Physics-Calibrated Surrogate (ISO 13790 / ECBC 2017 / ASHRAE 90.1)
Office,Hot & Dry,192.6,3.807,0.644,4.458,0.455,2918,399,6.92,3.13,6078.3,0.734,Physics-Calibrated Surrogate (ISO 13790 / ECBC 2017 / ASHRAE 90.1)
Office,Warm & Humid,144.9,4.245,1.385,1.448,0.684,3260,13,5.48,4.26,11233.8,0.322,Physics-Calibrated Surrogate (ISO 13790 / ECBC 2017 / ASHRAE 90.1)
Office,Hot & Dry,121.0,0.329,0.954,1.664,0.332,3979,351,6.0,2.94,6286.9,0.11,Physics-Calibrated Surrogate (ISO 13790 / ECBC 2017 / ASHRAE 90.1)
Office,Hot & Dry,225.8,1.748,3.144,2.541,0.544,3252,460,6.82,2.75,10793.7,0.561,Physics-Calibrated Surrogate (ISO 13790 / ECBC 2017 / ASHRAE 90.1)
Office,Cold,113.3,2.271,0.541,2.892,0.168,180,3355,3.52,4.11,3945.3,0.536,Physics-Calibrated Surrogate (ISO 13790 / ECBC 2017 / ASHRAE 90.1)
Office,Temperate,125.0,2.512,1.211,2.388,0.176,451,263,4.82,3.96,5647.7,0.643,Physics-Calibrated Surrogate (ISO 13790 / ECBC 2017 / ASHRAE 90.1)
Office,Composite,164.0,2.415,3.145,5.507,0.715,1918,272,5.72,4.09,8333.9,0.627,Physics-Calibrated Surrogate (ISO 13790 / ECBC 2017 / ASHRAE 90.1)
Office,Composite,127.9,1.762,2.559,4.728,0.441,1462,742,5.16,2.54,10951.5,0.115,Physics-Calibrated Surrogate (ISO 13790 / ECBC 2017 / ASHRAE 90.1)
Office,Hot & Dry,164.1,0.978,1.396,5.096,0.73,2773,325,6.64,3.46,3110.5,0.255,Physics-Calibrated Surrogate (ISO 13790 / ECBC 2017 / ASHRAE 90.1)
Office,Hot & Dry,139.5,2.014,0.858,3.42,0.389,2983,386,6.3,3.85,7478.9,0.442,Physics-Calibrated Surrogate (ISO 13790 / ECBC 2017 / ASHRAE 90.1)
Office,Composite,105.5,2.925,0.996,4.277,0.673,1757,692,5.58,4.79,3775.8,0.117,Physics-Calibrated Surrogate (ISO 13790 / ECBC 2017 / ASHRAE 90.1)
Office,Warm & Humid,180.7,0.801,2.324,3.809,0.537,3407,118,5.1,2.58,953.7,0.11,Physics-Calibrated Surrogate (ISO 13790 / ECBC 2017 / ASHRAE 90.1)
Office,Cold,187.5,2.481,3.024,3.0,0.772,271,2108,4.56,3.1,9467.9,0.649,Physics-Calibrated Surrogate (ISO 13790 / ECBC 2017 / ASHRAE 90.1)
Office,Temperate,165.9,2.888,1.739,3.002,0.791,768,646,5.37,2.81,10090.0,0.487,Physics-Calibrated Surrogate (ISO 13790 / ECBC 2017 / ASHRAE 90.1)
Office,Temperate,128.0,0.389,0.912,3.388,0.447,378,484,4.78,4.65,10547.2,0.423,Physics-Calibrated Surrogate (ISO 13790 / ECBC 2017 / ASHRAE 90.1)
Office,Composite,153.2,1.352,3.135,2.732,0.253,1303,779,5.42,2.74,5225.6,0.477,Physics-Calibrated Surrogate (ISO 13790 / ECBC 2017 / ASHRAE 90.1)
Office,Hot & Dry,126.8,4.032,0.91,5.475,0.652,3884,62,6.45,4.41,3964.1,0.113,Physics-Calibrated Surrogate (ISO 13790 / ECBC 2017 / ASHRAE 90.1)
Office,Composite,120.2,1.162,2.792,1.969,0.17,2322,715,5.23,4.07,4196.8,0.212,Physics-Calibrated Surrogate (ISO 13790 / ECBC 2017 / ASHRAE 90.1)
Office,Hot & Dry,234.6,3.593,2.235,2.649,0.529,3945,352,5.68,2.73,7059.5,0.734,Physics-Calibrated Surrogate (ISO 13790 / ECBC 2017 / ASHRAE 90.1)
Office,Cold,154.3,1.894,1.432,3.91,0.603,101,3480,4.64,3.63,7483.1,0.391,Physics-Calibrated Surrogate (ISO 13790 / ECBC 2017 / ASHRAE 90.1)
Office,Temperate,155.0,1.453,1.979,2.184,0.483,1112,527,5.21,3.3,4325.7,0.682,Physics-Calibrated Surrogate (ISO 13790 / ECBC 2017 / ASHRAE 90.1)
Office,Cold,140.8,3.631,3.24,4.265,0.315,396,2095,5.08,4.74,4208.1,0.748,Physics-Calibrated Surrogate (ISO 13790 / ECBC 2017 / ASHRAE 90.1)
Office,Composite,155.3,3.297,3.253,1.607,0.818,1958,846,5.18,4.8,3998.8,0.46,Physics-Calibrated Surrogate (ISO 13790 / ECBC 2017 / ASHRAE 90.1)
Office,Temperate,127.6,2.92,2.931,2.858,0.451,1109,541,4.32,3.52,11105.7,0.436,Physics-Calibrated Surrogate (ISO 13790 / ECBC 2017 / ASHRAE 90.1)
Office,Hot & Dry,186.6,0.714,2.224,1.861,0.516,2525,458,5.66,2.52,1743.4,0.4,Physics-Calibrated Surrogate (ISO 13790 / ECBC 2017 / ASHRAE 90.1)
Office,Warm & Humid,124.9,1.354,2.624,4.908,0.345,2764,98,5.52,3.42,6758.1,0.208,Physics-Calibrated Surrogate (ISO 13790 / ECBC 2017 / ASHRAE 90.1)
Office,Warm & Humid,120.0,4.115,1.187,5.692,0.347,3033,60,5.44,4.88,10942.4,0.265,Physics-Calibrated Surrogate (ISO 13790 / ECBC 2017 / ASHRAE 90.1)
Office,Composite,155.8,2.076,2.832,2.367,0.446,1991,837,5.58,4.47,1423.9,0.653,Physics-Calibrated Surrogate (ISO 13790 / ECBC 2017 / ASHRAE 90.1)
Office,Temperate,122.7,3.964,2.535,3.868,0.212,658,701,4.74,4.23,3176.4,0.444,Physics-Calibrated Surrogate (ISO 13790 / ECBC 2017 / ASHRAE 90.1)
Office,Warm & Humid,154.9,3.406,3.395,3.295,0.731,3237,133,5.51,4.94,3798.3,0.382,Physics-Calibrated Surrogate (ISO 13790 / ECBC 2017 / ASHRAE 90.1)
Office,Warm & Humid,136.7,1.496,2.713,3.364,0.372,2271,13,5.14,4.06,6610.6,0.241,Physics-Calibrated Surrogate (ISO 13790 / ECBC 2017 / ASHRAE 90.1)
Office,Temperate,151.2,1.909,1.257,3.261,0.392,1074,577,4.98,3.35,1162.1,0.644,Physics-Calibrated Surrogate (ISO 13790 / ECBC 2017 / ASHRAE 90.1)
Office,Temperate,99.6,2.784,2.271,1.444,0.32,391,708,4.92,4.49,2603.6,0.192,Physics-Calibrated Surrogate (ISO 13790 / ECBC 2017 / ASHRAE 90.1)
Office,Composite,209.8,3.947,3.142,5.277,0.529,2756,114,5.07,4.12,2000.2,0.783,Physics-Calibrated Surrogate (ISO 13790 / ECBC 2017 / ASHRAE 90.1)
Office,Temperate,115.2,2.93,1.111,5.659,0.576,525,685,4.63,3.5,5099.6,0.396,Physics-Calibrated Surrogate (ISO 13790 / ECBC 2017 / ASHRAE 90.1)
Office,Warm & Humid,138.0,3.634,2.78,2.292,0.352,2222,123,5.27,4.84,7517.1,0.208,Physics-Calibrated Surrogate (ISO 13790 / ECBC 2017 / ASHRAE 90.1)
Office,Temperate,111.6,1.087,1.652,3.965,0.379,856,639,4.31,4.45,5310.0,0.492,Physics-Calibrated Surrogate (ISO 13790 / ECBC 2017 / ASHRAE 90.1)
Office,Composite,185.3,4.497,2.396,5.754,0.612,2070,725,5.33,4.33,3911.1,0.723,Physics-Calibrated Surrogate (ISO 13790 / ECBC 2017 / ASHRAE 90.1)
Office,Composite,162.0,3.49,3.007,5.675,0.337,1622,637,5.44,4.29,4460.9,0.586,Physics-Calibrated Surrogate (ISO 13790 / ECBC 2017 / ASHRAE 90.1)
Office,Hot & Dry,136.7,3.998,1.246,2.533,0.339,3474,74,5.5,2.86,7402.1,0.299,Physics-Calibrated Surrogate (ISO 13790 / ECBC 2017 / ASHRAE 90.1)
Office,Hot & Dry,162.3,0.371,1.893,4.402,0.809,3504,186,6.14,2.95,5801.2,0.114,Physics-Calibrated Surrogate (ISO 13790 / ECBC 2017 / ASHRAE 90.1)
Office,Hot & Dry,190.4,2.395,3.361,4.58,0.673,3862,356,6.19,3.13,10969.0,0.329,Physics-Calibrated Surrogate (ISO 13790 / ECBC 2017 / ASHRAE 90.1)
Office,Composite,138.9,3.721,1.938,1.849,0.168,1268,705,5.65,4.49,1692.9,0.685,Physics-Calibrated Surrogate (ISO 13790 / ECBC 2017 / ASHRAE 90.1)
Office,Composite,130.9,0.447,0.275,1.321,0.667,2046,605,5.54,3.3,7286.3,0.309,Physics-Calibrated Surrogate (ISO 13790 / ECBC 2017 / ASHRAE 90.1)
Office,Temperate,120.4,1.449,0.557,3.758,0.379,628,568,4.79,3.61,6398.1,0.599,Physics-Calibrated Surrogate (ISO 13790 / ECBC 2017 / ASHRAE 90.1)
Office,Hot & Dry,173.7,3.151,3.076,3.188,0.439,2735,247,6.61,4.41,8618.3,0.474,Physics-Calibrated Surrogate (ISO 13790 / ECBC 2017 / ASHRAE 90.1)
Office,Composite,124.2,2.711,3.009,3.032,0.362,2413,111,5.8,4.49,10476.9,0.13,Physics-Calibrated Surrogate (ISO 13790 / ECBC 2017 / ASHRAE 90.1)
Office,Temperate,170.0,4.103,1.522,5.584,0.756,465,751,5.0,3.24,8986.5,0.637,Physics-Calibrated Surrogate (ISO 13790 / ECBC 2017 / ASHRAE 90.1)
Office,Cold,134.7,0.607,1.417,4.466,0.164,610,2595,4.3,3.92,1963.9,0.555,Physics-Calibrated Surrogate (ISO 13790 / ECBC 2017 / ASHRAE 90.1)
Office,Temperate,109.4,1.742,1.691,2.083,0.307,692,178,4.71,3.18,4065.5,0.276,Physics-Calibrated Surrogate (ISO 13790 / ECBC 2017 / ASHRAE 90.1)
Office,Composite,129.5,4.461,1.732,3.748,0.521,1245,335,4.98,3.3,9972.8,0.387,Physics-Calibrated Surrogate (ISO 13790 / ECBC 2017 / ASHRAE 90.1)
Office,Temperate,121.8,3.241,1.985,4.004,0.214,478,456,4.73,3.68,3421.2,0.702,Physics-Calibrated Surrogate (ISO 13790 / ECBC 2017 / ASHRAE 90.1)
Office,Cold,138.2,4.178,1.548,5.629,0.167,589,1697,5.11,3.27,4358.7,0.328,Physics-Calibrated Surrogate (ISO 13790 / ECBC 2017 / ASHRAE 90.1)
Office,Composite,196.9,1.191,3.203,5.492,0.498,2570,712,5.63,2.52,9711.6,0.378,Physics-Calibrated Surrogate (ISO 13790 / ECBC 2017 / ASHRAE 90.1)
Office,Warm & Humid,168.7,0.533,1.787,3.864,0.582,2463,14,5.02,3.51,3988.8,0.6,Physics-Calibrated Surrogate (ISO 13790 / ECBC 2017 / ASHRAE 90.1)
Office,Temperate,111.1,1.415,2.066,5.314,0.483,647,348,4.78,4.86,9183.6,0.626,Physics-Calibrated Surrogate (ISO 13790 / ECBC 2017 / ASHRAE 90.1)
Office,Temperate,156.1,1.948,1.364,2.666,0.776,1153,652,4.81,3.74,5776.3,0.789,Physics-Calibrated Surrogate (ISO 13790 / ECBC 2017 / ASHRAE 90.1)
Office,Warm & Humid,144.2,3.367,1.867,4.476,0.446,2223,25,5.45,4.13,10074.1,0.6,Physics-Calibrated Surrogate (ISO 13790 / ECBC 2017 / ASHRAE 90.1)
Office,Warm & Humid,127.7,1.203,0.835,2.035,0.16,3471,117,5.42,4.43,1640.7,0.736,Physics-Calibrated Surrogate (ISO 13790 / ECBC 2017 / ASHRAE 90.1)
Office,Hot & Dry,220.2,0.737,1.449,2.24,0.743,3500,108,6.03,3.27,2145.2,0.747,Physics-Calibrated Surrogate (ISO 13790 / ECBC 2017 / ASHRAE 90.1)
Office,Temperate,132.1,4.365,1.751,4.546,0.409,1127,446,4.45,2.96,10651.5,0.667,Physics-Calibrated Surrogate (ISO 13790 / ECBC 2017 / ASHRAE 90.1)
Office,Cold,189.6,1.63,2.662,1.827,0.779,465,2385,4.74,3.11,1580.0,0.562,Physics-Calibrated Surrogate (ISO 13790 / ECBC 2017 / ASHRAE 90.1)
Office,Hot & Dry,195.3,1.271,1.855,5.284,0.636,4263,437,5.52,3.49,3286.7,0.575,Physics-Calibrated Surrogate (ISO 13790 / ECBC 2017 / ASHRAE 90.1)
Office,Hot & Dry,159.6,2.864,1.37,2.166,0.693,4487,120,6.05,3.72,10302.2,0.63,Physics-Calibrated Surrogate (ISO 13790 / ECBC 2017 / ASHRAE 90.1)
Office,Composite,109.4,3.459,0.415,4.22,0.163,2752,776,5.35,4.58,7530.1,0.131,Physics-Calibrated Surrogate (ISO 13790 / ECBC 2017 / ASHRAE 90.1)
Office,Warm & Humid,131.4,1.724,2.528,1.42,0.436,2401,144,5.34,4.26,2600.5,0.625,Physics-Calibrated Surrogate (ISO 13790 / ECBC 2017 / ASHRAE 90.1)
Office,Cold,271.8,1.244,3.499,3.48,0.69,479,3190,4.6,2.51,1852.4,0.764,Physics-Calibrated Surrogate (ISO 13790 / ECBC 2017 / ASHRAE 90.1)
Office,Cold,251.3,2.41,3.222,4.451,0.656,371,2755,4.85,2.71,2828.4,0.771,Physics-Calibrated Surrogate (ISO 13790 / ECBC 2017 / ASHRAE 90.1)
Office,Hot & Dry,139.5,1.724,2.895,1.801,0.271,2583,108,6.57,3.35,4461.0,0.651,Physics-Calibrated Surrogate (ISO 13790 / ECBC 2017 / ASHRAE 90.1)
Office,Cold,124.3,1.564,1.957,4.772,0.375,505,1878,4.62,3.39,1235.0,0.216,Physics-Calibrated Surrogate (ISO 13790 / ECBC 2017 / ASHRAE 90.1)
Office,Composite,120.9,1.147,1.59,3.473,0.189,2132,538,5.61,4.89,10732.0,0.59,Physics-Calibrated Surrogate (ISO 13790 / ECBC 2017 / ASHRAE 90.1)
Office,Hot & Dry,122.1,1.262,0.557,2.872,0.329,3975,218,6.89,3.77,10296.1,0.467,Physics-Calibrated Surrogate (ISO 13790 / ECBC 2017 / ASHRAE 90.1)
Office,Hot & Dry,191.6,3.889,1.729,5.196,0.354,4274,312,6.83,2.82,7985.1,0.433,Physics-Calibrated Surrogate (ISO 13790 / ECBC 2017 / ASHRAE 90.1)
Office,Warm & Humid,151.6,3.901,0.5,3.267,0.351,2953,129,5.77,2.76,8687.5,0.445,Physics-Calibrated Surrogate (ISO 13790 / ECBC 2017 / ASHRAE 90.1)
Office,Temperate,143.0,0.754,1.847,1.595,0.829,378,374,4.99,2.6,11419.7,0.338,Physics-Calibrated Surrogate (ISO 13790 / ECBC 2017 / ASHRAE 90.1)
Office,Warm & Humid,158.4,4.123,1.169,3.269,0.531,2257,17,5.31,2.75,7230.0,0.297,Physics-Calibrated Surrogate (ISO 13790 / ECBC 2017 / ASHRAE 90.1)
Office,Temperate,127.6,1.184,2.137,4.677,0.601,792,598,4.77,3.09,6892.2,0.384,Physics-Calibrated Surrogate (ISO 13790 / ECBC 2017 / ASHRAE 90.1)
Office,Cold,119.2,0.578,0.873,1.788,0.369,257,3170,4.11,3.79,7540.4,0.207,Physics-Calibrated Surrogate (ISO 13790 / ECBC 2017 / ASHRAE 90.1)
Office,Hot & Dry,153.9,2.29,1.539,5.074,0.311,3309,229,6.48,2.51,7500.7,0.388,Physics-Calibrated Surrogate (ISO 13790 / ECBC 2017 / ASHRAE 90.1)
Office,Warm & Humid,178.5,2.254,3.403,4.321,0.157,3338,81,4.58,3.7,1437.1,0.55,Physics-Calibrated Surrogate (ISO 13790 / ECBC 2017 / ASHRAE 90.1)
Office,Temperate,103.5,3.966,3.043,2.909,0.296,476,469,5.28,4.44,5333.3,0.504,Physics-Calibrated Surrogate (ISO 13790 / ECBC 2017 / ASHRAE 90.1)
Office,Cold,155.7,1.606,1.222,2.762,0.626,319,2771,3.53,2.65,7656.6,0.563,Physics-Calibrated Surrogate (ISO 13790 / ECBC 2017 / ASHRAE 90.1)
Office,Composite,190.5,1.238,0.421,5.225,0.751,2345,334,6.2,3.51,2472.5,0.64,Physics-Calibrated Surrogate (ISO 13790 / ECBC 2017 / ASHRAE 90.1)
Office,Temperate,199.6,4.19,1.419,1.998,0.789,493,629,4.71,2.73,9058.0,0.728,Physics-Calibrated Surrogate (ISO 13790 / ECBC 2017 / ASHRAE 90.1)
Office,Temperate,145.0,3.107,2.63,3.261,0.806,629,569,4.71,4.34,11385.5,0.273,Physics-Calibrated Surrogate (ISO 13790 / ECBC 2017 / ASHRAE 90.1)
Office,Hot & Dry,120.3,4.106,0.588,3.828,0.328,3288,369,5.95,4.5,5102.7,0.583,Physics-Calibrated Surrogate (ISO 13790 / ECBC 2017 / ASHRAE 90.1)
Office,Composite,141.7,1.81,3.254,4.414,0.33,2058,107,5.99,3.91,6023.1,0.709,Physics-Calibrated Surrogate (ISO 13790 / ECBC 2017 / ASHRAE 90.1)
Office,Warm & Humid,152.5,3.139,1.346,3.558,0.623,2838,74,5.73,4.9,7877.1,0.714,Physics-Calibrated Surrogate (ISO 13790 / ECBC 2017 / ASHRAE 90.1)
Office,Warm & Humid,155.4,3.252,0.291,5.372,0.489,3470,28,5.71,3.65,5075.6,0.767,Physics-Calibrated Surrogate (ISO 13790 / ECBC 2017 / ASHRAE 90.1)
Office,Hot & Dry,121.9,0.366,1.55,1.594,0.216,2596,247,6.56,3.17,6126.8,0.234,Physics-Calibrated Surrogate (ISO 13790 / ECBC 2017 / ASHRAE 90.1)
Office,Temperate,104.4,3.292,1.384,4.48,0.178,767,265,4.95,3.47,8499.9,0.747,Physics-Calibrated Surrogate (ISO 13790 / ECBC 2017 / ASHRAE 90.1)
Office,Warm & Humid,159.3,2.187,1.565,2.362,0.411,2551,32,5.63,2.77,2019.6,0.517,Physics-Calibrated Surrogate (ISO 13790 / ECBC 2017 / ASHRAE 90.1)
Office,Hot & Dry,140.3,1.23,0.424,2.584,0.307,2847,279,6.58,3.88,1058.3,0.556,Physics-Calibrated Surrogate (ISO 13790 / ECBC 2017 / ASHRAE 90.1)
Office,Warm & Humid,152.5,3.422,0.877,1.481,0.259,3441,13,5.53,3.6,652.6,0.483,Physics-Calibrated Surrogate (ISO 13790 / ECBC 2017 / ASHRAE 90.1)
Office,Hot & Dry,164.1,3.53,2.457,4.612,0.664,4281,85,6.21,3.68,9348.5,0.174,Physics-Calibrated Surrogate (ISO 13790 / ECBC 2017 / ASHRAE 90.1)
Office,Temperate,152.8,0.602,0.304,2.824,0.829,921,107,4.21,3.3,1186.7,0.795,Physics-Calibrated Surrogate (ISO 13790 / ECBC 2017 / ASHRAE 90.1)
Office,Cold,148.4,2.261,3.033,5.584,0.446,678,1586,3.54,2.93,10824.3,0.464,Physics-Calibrated Surrogate (ISO 13790 / ECBC 2017 / ASHRAE 90.1)
Office,Cold,177.9,0.376,2.57,5.043,0.429,584,3396,3.85,3.62,4767.2,0.544,Physics-Calibrated Surrogate (ISO 13790 / ECBC 2017 / ASHRAE 90.1)
Office,Hot & Dry,162.2,2.665,0.693,2.626,0.78,3865,339,5.93,4.22,4225.7,0.575,Physics-Calibrated Surrogate (ISO 13790 / ECBC 2017 / ASHRAE 90.1)
Office,Temperate,138.5,3.406,1.602,2.302,0.585,798,121,5.22,2.95,9841.4,0.213,Physics-Calibrated Surrogate (ISO 13790 / ECBC 2017 / ASHRAE 90.1)
Office,Cold,159.4,0.35,1.82,2.81,0.556,400,2208,3.62,3.06,7163.7,0.732,Physics-Calibrated Surrogate (ISO 13790 / ECBC 2017 / ASHRAE 90.1)
Office,Warm & Humid,161.6,4.25,2.008,3.961,0.834,2470,64,5.43,4.11,11351.8,0.585,Physics-Calibrated Surrogate (ISO 13790 / ECBC 2017 / ASHRAE 90.1)
Office,Composite,122.8,4.459,0.454,4.269,0.348,2638,583,5.91,4.1,7214.1,0.57,Physics-Calibrated Surrogate (ISO 13790 / ECBC 2017 / ASHRAE 90.1)
Office,Temperate,130.2,3.591,1.161,3.557,0.585,720,484,4.45,4.55,7044.0,0.618,Physics-Calibrated Surrogate (ISO 13790 / ECBC 2017 / ASHRAE 90.1)
Office,Hot & Dry,118.4,1.259,0.233,2.965,0.249,3609,387,6.85,4.28,11027.9,0.644,Physics-Calibrated Surrogate (ISO 13790 / ECBC 2017 / ASHRAE 90.1)
Office,Cold,139.6,0.576,1.495,4.718,0.791,212,1375,4.64,3.53,5438.3,0.409,Physics-Calibrated Surrogate (ISO 13790 / ECBC 2017 / ASHRAE 90.1)
Office,Warm & Humid,158.6,1.553,2.353,5.039,0.541,3423,146,4.51,2.58,7819.4,0.376,Physics-Calibrated Surrogate (ISO 13790 / ECBC 2017 / ASHRAE 90.1)
Office,Warm & Humid,96.9,2.089,0.777,4.757,0.482,2682,5,4.8,3.38,10553.9,0.22,Physics-Calibrated Surrogate (ISO 13790 / ECBC 2017 / ASHRAE 90.1)
Office,Hot & Dry,150.0,4.3,0.233,2.933,0.777,4238,282,6.85,3.19,10870.0,0.33,Physics-Calibrated Surrogate (ISO 13790 / ECBC 2017 / ASHRAE 90.1)
Office,Temperate,94.5,4.217,1.036,1.89,0.213,1126,135,5.36,3.91,8253.3,0.243,Physics-Calibrated Surrogate (ISO 13790 / ECBC 2017 / ASHRAE 90.1)
Office,Composite,211.9,3.498,1.029,2.328,0.826,2268,864,5.19,2.52,7448.8,0.672,Physics-Calibrated Surrogate (ISO 13790 / ECBC 2017 / ASHRAE 90.1)
Office,Temperate,127.2,1.635,2.005,4.561,0.18,1149,149,4.77,2.53,8631.9,0.511,Physics-Calibrated Surrogate (ISO 13790 / ECBC 2017 / ASHRAE 90.1)
Office,Hot & Dry,142.6,0.789,0.28,4.533,0.602,3660,418,5.96,3.21,5216.9,0.343,Physics-Calibrated Surrogate (ISO 13790 / ECBC 2017 / ASHRAE 90.1)
Office,Temperate,112.3,0.546,0.628,5.056,0.662,490,248,5.24,4.16,8971.9,0.308,Physics-Calibrated Surrogate (ISO 13790 / ECBC 2017 / ASHRAE 90.1)
Office,Cold,156.5,0.496,3.316,2.643,0.46,180,2839,4.52,2.79,7159.3,0.262,Physics-Calibrated Surrogate (ISO 13790 / ECBC 2017 / ASHRAE 90.1)
Office,Cold,163.5,1.049,3.028,3.056,0.429,416,3088,3.78,2.92,7006.9,0.319,Physics-Calibrated Surrogate (ISO 13790 / ECBC 2017 / ASHRAE 90.1)
Office,Temperate,125.4,3.838,2.149,4.533,0.28,374,311,4.84,4.91,1827.4,0.407,Physics-Calibrated Surrogate (ISO 13790 / ECBC 2017 / ASHRAE 90.1)
Office,Temperate,92.5,0.456,1.359,1.28,0.285,743,178,5.22,4.38,11631.6,0.324,Physics-Calibrated Surrogate (ISO 13790 / ECBC 2017 / ASHRAE 90.1)
Office,Composite,114.9,1.22,2.086,1.5,0.454,1237,260,5.58,2.84,3419.6,0.197,Physics-Calibrated Surrogate (ISO 13790 / ECBC 2017 / ASHRAE 90.1)
Office,Composite,151.8,3.473,2.177,4.368,0.348,2508,879,5.12,3.7,2792.5,0.398,Physics-Calibrated Surrogate (ISO 13790 / ECBC 2017 / ASHRAE 90.1)
Office,Temperate,118.8,2.878,1.194,5.757,0.462,772,583,4.77,4.09,11779.7,0.349,Physics-Calibrated Surrogate (ISO 13790 / ECBC 2017 / ASHRAE 90.1)
Office,Temperate,115.8,3.806,0.329,5.099,0.591,680,208,5.35,3.72,11661.4,0.397,Physics-Calibrated Surrogate (ISO 13790 / ECBC 2017 / ASHRAE 90.1)
Office,Hot & Dry,138.6,0.606,0.481,3.113,0.364,4426,346,6.1,4.81,1875.8,0.392,Physics-Calibrated Surrogate (ISO 13790 / ECBC 2017 / ASHRAE 90.1)
Office,Cold,124.9,3.218,0.417,3.935,0.563,358,2558,4.8,4.21,3453.4,0.412,Physics-Calibrated Surrogate (ISO 13790 / ECBC 2017 / ASHRAE 90.1)
Office,Cold,152.6,2.25,2.889,3.536,0.497,328,2925,3.83,4.83,7714.8,0.786,Physics-Calibrated Surrogate (ISO 13790 / ECBC 2017 / ASHRAE 90.1)
Office,Composite,138.6,3.793,3.152,3.107,0.162,2565,488,5.11,4.65,5605.0,0.439,Physics-Calibrated Surrogate (ISO 13790 / ECBC 2017 / ASHRAE 90.1)
Office,Cold,121.5,2.273,2.029,1.856,0.54,131,2455,4.6,3.3,4689.3,0.261,Physics-Calibrated Surrogate (ISO 13790 / ECBC 2017 / ASHRAE 90.1)
Office,Hot & Dry,151.5,0.546,0.872,5.793,0.453,2616,382,6.53,4.26,2942.3,0.7,Physics-Calibrated Surrogate (ISO 13790 / ECBC 2017 / ASHRAE 90.1)
Office,Temperate,95.4,2.055,1.031,1.527,0.53,1059,682,5.22,4.72,7113.5,0.181,Physics-Calibrated Surrogate (ISO 13790 / ECBC 2017 / ASHRAE 90.1)
Office,Cold,177.2,3.655,0.608,2.799,0.826,439,1996,4.73,3.72,8428.9,0.778,Physics-Calibrated Surrogate (ISO 13790 / ECBC 2017 / ASHRAE 90.1)
Office,Warm & Humid,131.8,2.459,3.097,2.834,0.226,2477,63,5.41,4.87,11971.8,0.327,Physics-Calibrated Surrogate (ISO 13790 / ECBC 2017 / ASHRAE 90.1)
Office,Composite,111.0,2.936,1.408,1.849,0.647,2225,293,6.0,4.64,4888.1,0.618,Physics-Calibrated Surrogate (ISO 13790 / ECBC 2017 / ASHRAE 90.1)
Office,Temperate,141.3,3.477,0.52,5.056,0.539,770,627,4.48,4.22,1299.0,0.499,Physics-Calibrated Surrogate (ISO 13790 / ECBC 2017 / ASHRAE 90.1)
Office,Temperate,142.2,0.81,2.864,3.414,0.465,919,522,4.97,3.56,8643.7,0.683,Physics-Calibrated Surrogate (ISO 13790 / ECBC 2017 / ASHRAE 90.1)
Office,Cold,141.6,3.341,2.871,4.324,0.575,438,2419,4.43,3.91,11461.5,0.226,Physics-Calibrated Surrogate (ISO 13790 / ECBC 2017 / ASHRAE 90.1)
Office,Cold,114.3,0.766,1.301,3.932,0.282,204,2882,3.71,4.72,1473.4,0.133,Physics-Calibrated Surrogate (ISO 13790 / ECBC 2017 / ASHRAE 90.1)
Office,Warm & Humid,135.2,4.281,2.066,2.606,0.497,3190,38,4.55,3.75,10899.8,0.189,Physics-Calibrated Surrogate (ISO 13790 / ECBC 2017 / ASHRAE 90.1)
Office,Cold,142.2,3.595,2.424,3.375,0.78,262,2465,4.63,3.34,5263.3,0.131,Physics-Calibrated Surrogate (ISO 13790 / ECBC 2017 / ASHRAE 90.1)
Office,Hot & Dry,148.3,3.243,1.013,5.444,0.24,4104,165,6.64,3.3,3556.7,0.206,Physics-Calibrated Surrogate (ISO 13790 / ECBC 2017 / ASHRAE 90.1)
Office,Temperate,103.4,1.92,3.177,2.299,0.295,966,172,4.66,4.92,2421.7,0.123,Physics-Calibrated Surrogate (ISO 13790 / ECBC 2017 / ASHRAE 90.1)
Office,Composite,126.0,3.238,1.133,4.968,0.199,1285,315,6.1,4.48,4030.5,0.379,Physics-Calibrated Surrogate (ISO 13790 / ECBC 2017 / ASHRAE 90.1)
Office,Warm & Humid,186.8,4.125,2.548,5.27,0.374,2487,96,4.95,3.45,5311.2,0.75,Physics-Calibrated Surrogate (ISO 13790 / ECBC 2017 / ASHRAE 90.1)
Office,Temperate,139.3,3.749,1.607,4.546,0.339,804,575,4.83,2.75,5107.6,0.79,Physics-Calibrated Surrogate (ISO 13790 / ECBC 2017 / ASHRAE 90.1)
Office,Temperate,100.9,4.295,2.703,3.175,0.188,413,478,4.53,2.92,4884.6,0.451,Physics-Calibrated Surrogate (ISO 13790 / ECBC 2017 / ASHRAE 90.1)
Office,Composite,155.3,2.944,2.814,4.796,0.399,1572,332,5.22,3.94,10371.1,0.799,Physics-Calibrated Surrogate (ISO 13790 / ECBC 2017 / ASHRAE 90.1)
Office,Cold,121.7,1.223,1.187,4.038,0.524,304,1930,3.9,3.05,10913.1,0.126,Physics-Calibrated Surrogate (ISO 13790 / ECBC 2017 / ASHRAE 90.1)
Office,Warm & Humid,149.0,2.248,0.347,4.555,0.38,3185,94,5.15,4.13,3618.5,0.763,Physics-Calibrated Surrogate (ISO 13790 / ECBC 2017 / ASHRAE 90.1)
Office,Temperate,109.1,4.194,3.17,1.613,0.242,963,631,4.54,3.74,4350.9,0.425,Physics-Calibrated Surrogate (ISO 13790 / ECBC 2017 / ASHRAE 90.1)
Office,Warm & Humid,206.2,4.486,1.407,3.955,0.749,3478,86,4.69,2.79,7814.5,0.765,Physics-Calibrated Surrogate (ISO 13790 / ECBC 2017 / ASHRAE 90.1)
Office,Hot & Dry,225.5,3.526,0.7,4.665,0.683,3216,146,6.48,2.65,2048.6,0.463,Physics-Calibrated Surrogate (ISO 13790 / ECBC 2017 / ASHRAE 90.1)
Office,Temperate,97.4,0.834,0.498,4.467,0.296,1085,280,4.73,3.27,2714.1,0.622,Physics-Calibrated Surrogate (ISO 13790 / ECBC 2017 / ASHRAE 90.1)
Office,Temperate,112.7,2.226,2.725,3.922,0.367,632,565,5.34,4.99,10084.0,0.75,Physics-Calibrated Surrogate (ISO 13790 / ECBC 2017 / ASHRAE 90.1)
Office,Hot & Dry,184.0,3.304,0.273,3.175,0.678,3032,135,6.84,3.96,1196.5,0.721,Physics-Calibrated Surrogate (ISO 13790 / ECBC 2017 / ASHRAE 90.1)
Office,Warm & Humid,127.6,2.963,1.011,1.44,0.157,2478,106,5.23,2.56,3360.0,0.402,Physics-Calibrated Surrogate (ISO 13790 / ECBC 2017 / ASHRAE 90.1)
Office,Cold,149.8,1.12,0.292,1.936,0.419,397,1693,3.76,3.05,710.1,0.708,Physics-Calibrated Surrogate (ISO 13790 / ECBC 2017 / ASHRAE 90.1)
Office,Cold,144.2,3.115,2.605,3.902,0.465,207,1519,3.89,4.4,5364.9,0.692,Physics-Calibrated Surrogate (ISO 13790 / ECBC 2017 / ASHRAE 90.1)
Office,Composite,139.0,1.827,1.401,5.769,0.846,1305,869,4.99,2.79,5043.4,0.224,Physics-Calibrated Surrogate (ISO 13790 / ECBC 2017 / ASHRAE 90.1)
Office,Warm & Humid,134.2,4.12,0.781,4.907,0.241,2916,99,4.62,3.11,5447.1,0.511,Physics-Calibrated Surrogate (ISO 13790 / ECBC 2017 / ASHRAE 90.1)
Office,Warm & Humid,208.4,3.407,3.067,4.117,0.741,2741,145,5.1,3.15,11989.5,0.687,Physics-Calibrated Surrogate (ISO 13790 / ECBC 2017 / ASHRAE 90.1)
Office,Hot & Dry,174.6,4.093,2.877,2.646,0.831,4137,384,6.51,3.22,11793.5,0.144,Physics-Calibrated Surrogate (ISO 13790 / ECBC 2017 / ASHRAE 90.1)
Office,Cold,226.6,1.799,2.804,4.687,0.787,477,2915,4.46,2.54,1880.0,0.472,Physics-Calibrated Surrogate (ISO 13790 / ECBC 2017 / ASHRAE 90.1)
Office,Temperate,123.0,2.209,1.738,3.352,0.173,1027,378,5.14,3.1,8567.1,0.601,Physics-Calibrated Surrogate (ISO 13790 / ECBC 2017 / ASHRAE 90.1)
Office,Composite,131.0,3.24,0.17,3.368,0.233,2096,498,5.18,4.62,2092.1,0.184,Physics-Calibrated Surrogate (ISO 13790 / ECBC 2017 / ASHRAE 90.1)
Office,Composite,134.5,1.542,0.375,5.32,0.634,2686,582,4.97,2.8,6240.9,0.336,Physics-Calibrated Surrogate (ISO 13790 / ECBC 2017 / ASHRAE 90.1)
Office,Composite,153.0,4.481,2.597,2.247,0.221,1940,880,4.93,3.54,5123.1,0.77,Physics-Calibrated Surrogate (ISO 13790 / ECBC 2017 / ASHRAE 90.1)
Office,Cold,192.0,4.491,0.97,5.074,0.726,403,2285,5.06,3.08,11875.6,0.712,Physics-Calibrated Surrogate (ISO 13790 / ECBC 2017 / ASHRAE 90.1)
Office,Hot & Dry,175.1,1.659,3.02,3.931,0.513,4481,437,5.65,4.36,8979.1,0.415,Physics-Calibrated Surrogate (ISO 13790 / ECBC 2017 / ASHRAE 90.1)
Office,Cold,116.2,2.334,0.454,1.793,0.318,574,2548,4.85,4.65,5284.8,0.165,Physics-Calibrated Surrogate (ISO 13790 / ECBC 2017 / ASHRAE 90.1)
Office,Temperate,113.6,3.332,3.478,1.805,0.185,402,460,4.63,4.24,3633.1,0.484,Physics-Calibrated Surrogate (ISO 13790 / ECBC 2017 / ASHRAE 90.1)
Office,Cold,144.4,0.876,2.124,5.331,0.705,407,2575,4.11,3.87,1022.8,0.21,Physics-Calibrated Surrogate (ISO 13790 / ECBC 2017 / ASHRAE 90.1)
Office,Temperate,106.7,1.647,1.447,4.064,0.261,539,315,4.54,4.65,9145.7,0.166,Physics-Calibrated Surrogate (ISO 13790 / ECBC 2017 / ASHRAE 90.1)
Office,Cold,160.6,1.986,1.587,5.652,0.657,184,2476,3.76,3.53,1687.9,0.501,Physics-Calibrated Surrogate (ISO 13790 / ECBC 2017 / ASHRAE 90.1)
Office,Temperate,148.9,2.005,0.254,5.65,0.84,303,744,5.09,3.87,10134.0,0.595,Physics-Calibrated Surrogate (ISO 13790 / ECBC 2017 / ASHRAE 90.1)
Office,Temperate,105.9,4.098,1.912,4.841,0.231,1004,498,4.31,4.82,1724.9,0.189,Physics-Calibrated Surrogate (ISO 13790 / ECBC 2017 / ASHRAE 90.1)
Office,Warm & Humid,140.7,4.122,3.217,2.713,0.644,2247,136,4.84,4.19,2861.4,0.285,Physics-Calibrated Surrogate (ISO 13790 / ECBC 2017 / ASHRAE 90.1)
Office,Composite,218.1,1.361,3.358,1.339,0.821,2749,607,4.84,3.04,4832.5,0.587,Physics-Calibrated Surrogate (ISO 13790 / ECBC 2017 / ASHRAE 90.1)
Office,Composite,119.0,2.919,1.348,5.084,0.467,2203,111,5.99,4.32,6908.0,0.245,Physics-Calibrated Surrogate (ISO 13790 / ECBC 2017 / ASHRAE 90.1)
Office,Composite,117.7,3.032,2.686,4.648,0.507,1448,173,5.02,4.53,3694.3,0.331,Physics-Calibrated Surrogate (ISO 13790 / ECBC 2017 / ASHRAE 90.1)
Office,Hot & Dry,120.2,1.175,0.57,2.072,0.172,3495,331,5.53,4.19,7111.5,0.249,Physics-Calibrated Surrogate (ISO 13790 / ECBC 2017 / ASHRAE 90.1)
Office,Hot & Dry,168.5,2.302,3.234,4.53,0.613,4425,387,5.6,3.6,5306.1,0.272,Physics-Calibrated Surrogate (ISO 13790 / ECBC 2017 / ASHRAE 90.1)
Office,Cold,111.4,1.186,0.399,2.529,0.589,139,1381,4.49,3.92,7694.3,0.136,Physics-Calibrated Surrogate (ISO 13790 / ECBC 2017 / ASHRAE 90.1)
Office,Hot & Dry,170.8,1.083,0.744,5.216,0.67,3273,356,5.71,4.15,10264.3,0.532,Physics-Calibrated Surrogate (ISO 13790 / ECBC 2017 / ASHRAE 90.1)
Office,Cold,134.4,3.185,1.119,5.109,0.456,629,2411,3.55,4.92,1798.0,0.402,Physics-Calibrated Surrogate (ISO 13790 / ECBC 2017 / ASHRAE 90.1)
Office,Hot & Dry,208.9,3.817,3.09,2.579,0.726,3189,350,6.02,2.89,9158.7,0.397,Physics-Calibrated Surrogate (ISO 13790 / ECBC 2017 / ASHRAE 90.1)
Office,Warm & Humid,115.1,3.642,2.266,2.662,0.313,2298,61,5.25,4.7,7155.0,0.245,Physics-Calibrated Surrogate (ISO 13790 / ECBC 2017 / ASHRAE 90.1)
Office,Temperate,107.9,3.553,0.85,3.285,0.259,600,166,4.33,4.89,7254.6,0.417,Physics-Calibrated Surrogate (ISO 13790 / ECBC 2017 / ASHRAE 90.1)
Office,Hot & Dry,191.1,0.606,2.841,2.19,0.377,4364,209,6.54,3.8,5368.4,0.746,Physics-Calibrated Surrogate (ISO 13790 / ECBC 2017 / ASHRAE 90.1)
Office,Warm & Humid,176.5,2.879,3.034,4.665,0.537,3000,134,5.21,3.41,3158.5,0.341,Physics-Calibrated Surrogate (ISO 13790 / ECBC 2017 / ASHRAE 90.1)
Office,Hot & Dry,167.6,2.336,0.504,2.478,0.773,2973,108,6.52,3.87,937.0,0.524,Physics-Calibrated Surrogate (ISO 13790 / ECBC 2017 / ASHRAE 90.1)
Office,Composite,98.6,4.106,0.783,2.38,0.187,1328,128,5.69,4.91,9939.0,0.141,Physics-Calibrated Surrogate (ISO 13790 / ECBC 2017 / ASHRAE 90.1)
Office,Temperate,149.2,1.625,2.805,1.8,0.684,1139,264,4.41,2.67,3867.6,0.576,Physics-Calibrated Surrogate (ISO 13790 / ECBC 2017 / ASHRAE 90.1)
Office,Temperate,120.0,3.92,1.797,1.788,0.153,924,642,4.54,4.19,7645.4,0.465,Physics-Calibrated Surrogate (ISO 13790 / ECBC 2017 / ASHRAE 90.1)
Office,Hot & Dry,133.0,1.712,1.42,3.342,0.477,3561,239,5.75,3.14,5867.2,0.17,Physics-Calibrated Surrogate (ISO 13790 / ECBC 2017 / ASHRAE 90.1)
Office,Cold,136.5,4.368,2.736,5.332,0.384,572,1314,3.69,4.98,2939.4,0.431,Physics-Calibrated Surrogate (ISO 13790 / ECBC 2017 / ASHRAE 90.1)
Office,Warm & Humid,109.5,0.776,0.261,1.681,0.297,2683,15,5.61,4.93,11163.5,0.163,Physics-Calibrated Surrogate (ISO 13790 / ECBC 2017 / ASHRAE 90.1)
Office,Cold,148.1,2.541,2.909,5.716,0.438,323,2000,4.51,4.41,4117.3,0.493,Physics-Calibrated Surrogate (ISO 13790 / ECBC 2017 / ASHRAE 90.1)
Office,Temperate,133.6,3.023,2.059,1.971,0.736,392,559,4.29,4.9,2438.9,0.654,Physics-Calibrated Surrogate (ISO 13790 / ECBC 2017 / ASHRAE 90.1)
Office,Hot & Dry,176.7,1.198,1.55,2.542,0.686,3086,425,6.08,4.41,6109.9,0.793,Physics-Calibrated Surrogate (ISO 13790 / ECBC 2017 / ASHRAE 90.1)
Office,Hot & Dry,134.3,2.924,3.129,2.165,0.837,2657,295,6.07,4.25,10710.9,0.383,Physics-Calibrated Surrogate (ISO 13790 / ECBC 2017 / ASHRAE 90.1)
Office,Temperate,122.9,2.928,3.2,2.46,0.504,1155,552,5.43,4.9,7279.3,0.341,Physics-Calibrated Surrogate (ISO 13790 / ECBC 2017 / ASHRAE 90.1)
Office,Temperate,123.7,3.9,1.406,3.325,0.159,1072,408,4.22,3.5,9931.8,0.716,Physics-Calibrated Surrogate (ISO 13790 / ECBC 2017 / ASHRAE 90.1)
Office,Warm & Humid,166.7,3.618,2.775,1.718,0.788,2975,148,4.68,2.99,7254.7,0.241,Physics-Calibrated Surrogate (ISO 13790 / ECBC 2017 / ASHRAE 90.1)
Office,Hot & Dry,144.7,0.743,0.781,3.502,0.705,3575,224,6.82,2.88,11500.5,0.34,Physics-Calibrated Surrogate (ISO 13790 / ECBC 2017 / ASHRAE 90.1)
Office,Composite,120.2,3.618,0.365,2.093,0.609,1360,354,5.45,4.64,9838.4,0.209,Physics-Calibrated Surrogate (ISO 13790 / ECBC 2017 / ASHRAE 90.1)
Office,Hot & Dry,194.7,3.549,0.637,3.334,0.692,3565,403,6.31,3.34,2933.1,0.668,Physics-Calibrated Surrogate (ISO 13790 / ECBC 2017 / ASHRAE 90.1)
Office,Temperate,112.5,3.832,0.318,3.024,0.409,314,325,5.28,3.21,4587.7,0.297,Physics-Calibrated Surrogate (ISO 13790 / ECBC 2017 / ASHRAE 90.1)
Office,Hot & Dry,155.0,0.362,2.656,1.621,0.332,3997,239,6.8,3.88,8472.7,0.537,Physics-Calibrated Surrogate (ISO 13790 / ECBC 2017 / ASHRAE 90.1)
Office,Hot & Dry,223.0,4.251,2.373,5.208,0.729,3039,405,6.94,3.4,3499.3,0.578,Physics-Calibrated Surrogate (ISO 13790 / ECBC 2017 / ASHRAE 90.1)
Office,Hot & Dry,164.9,2.978,1.168,3.686,0.283,2952,432,5.89,2.97,6689.3,0.473,Physics-Calibrated Surrogate (ISO 13790 / ECBC 2017 / ASHRAE 90.1)
Office,Cold,138.0,1.983,0.748,1.206,0.747,279,3259,4.46,4.29,3606.1,0.375,Physics-Calibrated Surrogate (ISO 13790 / ECBC 2017 / ASHRAE 90.1)
Office,Warm & Humid,157.2,1.413,2.061,3.235,0.539,2900,56,5.41,3.79,11260.4,0.566,Physics-Calibrated Surrogate (ISO 13790 / ECBC 2017 / ASHRAE 90.1)
Office,Warm & Humid,184.5,1.877,3.431,2.598,0.336,3371,9,4.52,2.82,4160.4,0.358,Physics-Calibrated Surrogate (ISO 13790 / ECBC 2017 / ASHRAE 90.1)
Office,Temperate,146.4,3.77,0.292,3.131,0.473,1090,308,5.0,4.48,2284.3,0.504,Physics-Calibrated Surrogate (ISO 13790 / ECBC 2017 / ASHRAE 90.1)
Office,Warm & Humid,117.2,2.084,1.118,1.992,0.684,2807,58,4.69,4.98,3102.8,0.428,Physics-Calibrated Surrogate (ISO 13790 / ECBC 2017 / ASHRAE 90.1)
Office,Composite,121.1,3.478,1.671,2.176,0.291,1654,297,5.63,4.65,4510.0,0.329,Physics-Calibrated Surrogate (ISO 13790 / ECBC 2017 / ASHRAE 90.1)
Office,Hot & Dry,155.9,3.787,3.008,2.211,0.195,2796,172,6.06,4.35,3629.0,0.162,Physics-Calibrated Surrogate (ISO 13790 / ECBC 2017 / ASHRAE 90.1)
Office,Warm & Humid,119.8,1.17,1.275,1.817,0.202,2938,25,4.79,4.98,9618.4,0.663,Physics-Calibrated Surrogate (ISO 13790 / ECBC 2017 / ASHRAE 90.1)
Office,Temperate,144.7,3.051,1.409,5.719,0.616,922,526,5.25,4.89,690.2,0.231,Physics-Calibrated Surrogate (ISO 13790 / ECBC 2017 / ASHRAE 90.1)
Office,Cold,144.0,1.814,3.463,4.802,0.2,534,2503,4.14,4.68,3610.0,0.308,Physics-Calibrated Surrogate (ISO 13790 / ECBC 2017 / ASHRAE 90.1)
Office,Cold,116.6,2.785,0.192,1.206,0.581,210,2557,4.6,2.97,5146.2,0.111,Physics-Calibrated Surrogate (ISO 13790 / ECBC 2017 / ASHRAE 90.1)
Office,Temperate,145.9,1.964,0.798,3.671,0.745,752,652,4.63,2.62,6999.9,0.383,Physics-Calibrated Surrogate (ISO 13790 / ECBC 2017 / ASHRAE 90.1)
Office,Temperate,117.5,2.274,0.216,4.574,0.442,1099,449,4.74,3.81,9691.8,0.314,Physics-Calibrated Surrogate (ISO 13790 / ECBC 2017 / ASHRAE 90.1)
Office,Cold,142.7,1.534,2.682,2.96,0.438,125,1765,4.58,4.18,7184.2,0.65,Physics-Calibrated Surrogate (ISO 13790 / ECBC 2017 / ASHRAE 90.1)
Office,Warm & Humid,182.0,3.708,0.518,1.76,0.566,3164,112,5.26,3.36,1997.2,0.777,Physics-Calibrated Surrogate (ISO 13790 / ECBC 2017 / ASHRAE 90.1)
Office,Cold,120.9,1.902,2.971,5.372,0.2,254,1474,3.66,4.09,2344.0,0.16,Physics-Calibrated Surrogate (ISO 13790 / ECBC 2017 / ASHRAE 90.1)
Office,Cold,148.6,2.088,0.402,1.345,0.637,270,3148,5.0,3.6,7845.0,0.371,Physics-Calibrated Surrogate (ISO 13790 / ECBC 2017 / ASHRAE 90.1)
Office,Temperate,106.8,0.832,1.442,3.64,0.569,332,603,4.81,4.84,7121.1,0.37,Physics-Calibrated Surrogate (ISO 13790 / ECBC 2017 / ASHRAE 90.1)
Office,Composite,128.7,3.027,0.424,1.823,0.259,2439,705,5.17,4.08,3705.1,0.737,Physics-Calibrated Surrogate (ISO 13790 / ECBC 2017 / ASHRAE 90.1)
Office,Temperate,112.9,0.468,1.755,3.957,0.205,564,759,5.14,3.22,5326.0,0.168,Physics-Calibrated Surrogate (ISO 13790 / ECBC 2017 / ASHRAE 90.1)
Office,Temperate,114.7,3.705,1.53,4.634,0.433,1039,398,5.13,4.2,2976.3,0.605,Physics-Calibrated Surrogate (ISO 13790 / ECBC 2017 / ASHRAE 90.1)
Office,Cold,162.7,3.212,3.222,3.015,0.276,625,3324,4.2,3.21,2404.6,0.243,Physics-Calibrated Surrogate (ISO 13790 / ECBC 2017 / ASHRAE 90.1)
Office,Composite,144.7,1.986,2.558,5.23,0.455,2619,790,6.09,3.84,6310.4,0.273,Physics-Calibrated Surrogate (ISO 13790 / ECBC 2017 / ASHRAE 90.1)
Office,Temperate,90.3,0.602,0.466,3.881,0.186,1000,142,5.19,3.34,4194.4,0.172,Physics-Calibrated Surrogate (ISO 13790 / ECBC 2017 / ASHRAE 90.1)
Office,Cold,160.5,4.028,0.996,2.919,0.742,344,2985,3.88,4.04,1972.6,0.408,Physics-Calibrated Surrogate (ISO 13790 / ECBC 2017 / ASHRAE 90.1)
Office,Composite,175.6,2.463,2.877,4.522,0.581,1309,370,5.4,2.88,7302.6,0.614,Physics-Calibrated Surrogate (ISO 13790 / ECBC 2017 / ASHRAE 90.1)
Office,Composite,120.3,2.301,0.317,4.006,0.435,1335,173,5.08,3.29,9607.6,0.62,Physics-Calibrated Surrogate (ISO 13790 / ECBC 2017 / ASHRAE 90.1)
Office,Warm & Humid,134.8,2.505,0.429,5.052,0.579,2406,105,5.69,2.93,9452.7,0.139,Physics-Calibrated Surrogate (ISO 13790 / ECBC 2017 / ASHRAE 90.1)
Office,Warm & Humid,133.8,1.674,2.255,1.994,0.331,2889,144,5.24,3.67,4019.7,0.252,Physics-Calibrated Surrogate (ISO 13790 / ECBC 2017 / ASHRAE 90.1)
Office,Warm & Humid,186.7,2.747,1.785,2.058,0.776,2726,84,5.7,3.12,9103.0,0.566,Physics-Calibrated Surrogate (ISO 13790 / ECBC 2017 / ASHRAE 90.1)
Office,Temperate,108.5,0.529,2.35,5.05,0.411,1196,434,4.24,4.69,2076.3,0.221,Physics-Calibrated Surrogate (ISO 13790 / ECBC 2017 / ASHRAE 90.1)
Office,Warm & Humid,125.0,2.876,2.702,3.71,0.589,2559,0,4.7,4.84,7636.4,0.394,Physics-Calibrated Surrogate (ISO 13790 / ECBC 2017 / ASHRAE 90.1)
Office,Hot & Dry,143.1,2.061,0.747,5.452,0.684,3710,52,5.77,3.7,4825.7,0.427,Physics-Calibrated Surrogate (ISO 13790 / ECBC 2017 / ASHRAE 90.1)
Office,Warm & Humid,159.1,1.936,2.466,4.397,0.451,3469,46,5.32,4.23,501.4,0.113,Physics-Calibrated Surrogate (ISO 13790 / ECBC 2017 / ASHRAE 90.1)
Office,Cold,139.5,1.457,1.429,2.924,0.321,217,2676,4.34,3.58,2736.4,0.625,Physics-Calibrated Surrogate (ISO 13790 / ECBC 2017 / ASHRAE 90.1)
Office,Hot & Dry,164.7,4.064,0.514,3.375,0.675,3184,150,6.65,4.03,2323.4,0.515,Physics-Calibrated Surrogate (ISO 13790 / ECBC 2017 / ASHRAE 90.1)
Office,Cold,105.5,2.039,2.207,2.182,0.354,392,1460,5.17,4.64,4825.7,0.24,Physics-Calibrated Surrogate (ISO 13790 / ECBC 2017 / ASHRAE 90.1)
Office,Temperate,113.9,4.276,0.411,4.077,0.447,997,405,5.23,3.89,7405.2,0.17,Physics-Calibrated Surrogate (ISO 13790 / ECBC 2017 / ASHRAE 90.1)
Office,Composite,246.3,4.379,2.784,3.697,0.82,2732,671,5.53,2.88,3257.8,0.724,Physics-Calibrated Surrogate (ISO 13790 / ECBC 2017 / ASHRAE 90.1)
Office,Warm & Humid,141.7,1.755,1.286,3.802,0.354,3253,96,5.54,2.79,8209.6,0.189,Physics-Calibrated Surrogate (ISO 13790 / ECBC 2017 / ASHRAE 90.1)
Office,Cold,139.9,3.572,1.289,2.022,0.559,219,2796,4.38,4.16,5108.0,0.465,Physics-Calibrated Surrogate (ISO 13790 / ECBC 2017 / ASHRAE 90.1)
Office,Composite,146.9,2.625,3.189,4.073,0.362,1272,196,5.04,3.24,11603.5,0.469,Physics-Calibrated Surrogate (ISO 13790 / ECBC 2017 / ASHRAE 90.1)
Office,Temperate,110.7,3.455,0.622,1.659,0.543,1012,485,4.29,3.53,3585.7,0.156,Physics-Calibrated Surrogate (ISO 13790 / ECBC 2017 / ASHRAE 90.1)
Office,Temperate,170.8,3.971,3.122,1.25,0.77,1041,723,4.69,3.18,1729.6,0.446,Physics-Calibrated Surrogate (ISO 13790 / ECBC 2017 / ASHRAE 90.1)
Office,Warm & Humid,139.6,1.528,1.498,4.717,0.321,2801,63,5.37,4.6,4247.2,0.502,Physics-Calibrated Surrogate (ISO 13790 / ECBC 2017 / ASHRAE 90.1)
Office,Composite,180.2,3.289,3.226,2.343,0.579,1818,649,6.12,3.5,8334.4,0.552,Physics-Calibrated Surrogate (ISO 13790 / ECBC 2017 / ASHRAE 90.1)
Office,Temperate,92.5,2.527,3.17,4.445,0.708,477,441,4.68,4.2,7649.7,0.145,Physics-Calibrated Surrogate (ISO 13790 / ECBC 2017 / ASHRAE 90.1)
Office,Temperate,164.7,0.659,1.639,5.107,0.581,314,150,4.89,3.23,2983.1,0.719,Physics-Calibrated Surrogate (ISO 13790 / ECBC 2017 / ASHRAE 90.1)
Office,Hot & Dry,142.7,0.416,2.91,2.118,0.193,3821,456,6.01,3.09,11979.3,0.102,Physics-Calibrated Surrogate (ISO 13790 / ECBC 2017 / ASHRAE 90.1)
Office,Composite,200.4,3.723,1.233,5.718,0.646,2141,586,5.13,2.66,6287.6,0.748,Physics-Calibrated Surrogate (ISO 13790 / ECBC 2017 / ASHRAE 90.1)
Office,Temperate,110.8,1.793,3.164,1.744,0.367,514,409,4.78,4.45,10282.1,0.154,Physics-Calibrated Surrogate (ISO 13790 / ECBC 2017 / ASHRAE 90.1)
Office,Composite,121.7,3.21,3.057,2.886,0.18,1445,113,4.95,4.94,4910.4,0.758,Physics-Calibrated Surrogate (ISO 13790 / ECBC 2017 / ASHRAE 90.1)
Office,Cold,114.6,4.333,1.075,2.334,0.545,678,1468,3.56,4.53,4196.3,0.634,Physics-Calibrated Surrogate (ISO 13790 / ECBC 2017 / ASHRAE 90.1)
Office,Warm & Humid,94.2,0.468,0.823,2.056,0.328,2306,102,5.38,3.26,6812.8,0.102,Physics-Calibrated Surrogate (ISO 13790 / ECBC 2017 / ASHRAE 90.1)
Office,Hot & Dry,119.6,3.351,1.678,3.717,0.53,3660,400,5.89,4.94,9157.1,0.356,Physics-Calibrated Surrogate (ISO 13790 / ECBC 2017 / ASHRAE 90.1)
Office,Cold,186.5,2.477,3.258,3.074,0.849,687,2352,3.8,3.95,6946.0,0.787,Physics-Calibrated Surrogate (ISO 13790 / ECBC 2017 / ASHRAE 90.1)
Office,Temperate,128.0,1.511,0.801,5.68,0.403,850,734,5.27,4.0,3670.9,0.658,Physics-Calibrated Surrogate (ISO 13790 / ECBC 2017 / ASHRAE 90.1)
Office,Composite,148.7,4.007,3.314,1.663,0.34,2638,127,5.51,4.95,3590.6,0.471,Physics-Calibrated Surrogate (ISO 13790 / ECBC 2017 / ASHRAE 90.1)
Office,Temperate,124.1,1.254,0.164,2.778,0.828,946,349,4.42,4.24,6065.9,0.591,Physics-Calibrated Surrogate (ISO 13790 / ECBC 2017 / ASHRAE 90.1)
Office,Hot & Dry,128.8,3.701,0.579,4.674,0.3,3930,269,5.88,4.94,11719.7,0.704,Physics-Calibrated Surrogate (ISO 13790 / ECBC 2017 / ASHRAE 90.1)
Office,Warm & Humid,148.5,4.118,3.398,1.999,0.306,3149,48,5.43,3.81,7801.9,0.371,Physics-Calibrated Surrogate (ISO 13790 / ECBC 2017 / ASHRAE 90.1)
Office,Composite,183.6,1.125,2.344,4.35,0.803,1437,379,5.47,2.87,8880.2,0.497,Physics-Calibrated Surrogate (ISO 13790 / ECBC 2017 / ASHRAE 90.1)
Office,Hot & Dry,228.4,4.185,2.99,2.933,0.552,4417,280,5.76,2.57,10468.0,0.376,Physics-Calibrated Surrogate (ISO 13790 / ECBC 2017 / ASHRAE 90.1)
Office,Cold,139.3,1.291,1.695,3.374,0.389,324,2981,4.65,4.89,4563.7,0.666,Physics-Calibrated Surrogate (ISO 13790 / ECBC 2017 / ASHRAE 90.1)
Office,Warm & Humid,161.9,3.729,1.156,3.196,0.208,2711,120,4.98,2.76,8236.9,0.747,Physics-Calibrated Surrogate (ISO 13790 / ECBC 2017 / ASHRAE 90.1)
Office,Composite,116.5,2.558,2.137,3.7,0.219,1433,489,4.97,3.3,11021.1,0.198,Physics-Calibrated Surrogate (ISO 13790 / ECBC 2017 / ASHRAE 90.1)
Office,Warm & Humid,154.6,3.349,2.797,2.529,0.421,3329,12,5.23,4.07,8094.1,0.683,Physics-Calibrated Surrogate (ISO 13790 / ECBC 2017 / ASHRAE 90.1)
Office,Cold,109.0,1.086,1.839,5.106,0.315,143,1917,3.66,4.84,1028.2,0.178,Physics-Calibrated Surrogate (ISO 13790 / ECBC 2017 / ASHRAE 90.1)
Office,Temperate,128.1,1.75,0.773,1.222,0.506,424,164,5.3,3.89,11953.9,0.456,Physics-Calibrated Surrogate (ISO 13790 / ECBC 2017 / ASHRAE 90.1)
Office,Hot & Dry,146.1,3.03,3.18,1.593,0.302,4362,267,5.85,4.61,6731.5,0.254,Physics-Calibrated Surrogate (ISO 13790 / ECBC 2017 / ASHRAE 90.1)
Office,Warm & Humid,163.2,2.093,3.439,4.806,0.778,2361,40,5.36,3.6,10155.7,0.352,Physics-Calibrated Surrogate (ISO 13790 / ECBC 2017 / ASHRAE 90.1)
Office,Composite,193.0,3.87,2.171,1.87,0.659,2448,679,5.6,3.02,3380.8,0.318,Physics-Calibrated Surrogate (ISO 13790 / ECBC 2017 / ASHRAE 90.1)
Office,Hot & Dry,119.3,0.721,0.647,4.429,0.658,3936,277,6.96,4.19,11566.2,0.264,Physics-Calibrated Surrogate (ISO 13790 / ECBC 2017 / ASHRAE 90.1)
Office,Cold,113.7,4.463,1.595,5.201,0.778,211,1792,3.96,4.59,6338.0,0.321,Physics-Calibrated Surrogate (ISO 13790 / ECBC 2017 / ASHRAE 90.1)
Office,Warm & Humid,125.4,2.581,3.455,3.189,0.599,2384,30,4.82,4.92,8375.1,0.231,Physics-Calibrated Surrogate (ISO 13790 / ECBC 2017 / ASHRAE 90.1)
Office,Warm & Humid,117.3,3.541,0.367,4.057,0.315,2785,49,5.4,3.89,5345.4,0.698,Physics-Calibrated Surrogate (ISO 13790 / ECBC 2017 / ASHRAE 90.1)
Office,Warm & Humid,112.5,1.66,0.887,5.668,0.659,3465,50,4.65,3.37,6816.7,0.101,Physics-Calibrated Surrogate (ISO 13790 / ECBC 2017 / ASHRAE 90.1)
Office,Cold,134.7,2.886,2.273,3.689,0.799,621,2376,3.86,4.83,6668.9,0.685,Physics-Calibrated Surrogate (ISO 13790 / ECBC 2017 / ASHRAE 90.1)
Office,Cold,156.3,0.83,1.615,4.568,0.628,184,2739,3.89,3.2,1637.4,0.403,Physics-Calibrated Surrogate (ISO 13790 / ECBC 2017 / ASHRAE 90.1)
Office,Composite,134.8,2.372,1.142,2.7,0.823,2312,829,5.43,2.96,8080.0,0.135,Physics-Calibrated Surrogate (ISO 13790 / ECBC 2017 / ASHRAE 90.1)
Office,Hot & Dry,110.5,1.586,0.98,2.968,0.189,4228,171,6.91,4.52,9475.1,0.745,Physics-Calibrated Surrogate (ISO 13790 / ECBC 2017 / ASHRAE 90.1)
Office,Temperate,104.5,1.829,2.384,3.256,0.804,659,294,4.92,4.64,3895.7,0.238,Physics-Calibrated Surrogate (ISO 13790 / ECBC 2017 / ASHRAE 90.1)
Office,Warm & Humid,121.2,1.864,1.216,4.057,0.265,2295,113,4.83,4.61,4886.6,0.349,Physics-Calibrated Surrogate (ISO 13790 / ECBC 2017 / ASHRAE 90.1)
Office,Cold,165.6,1.277,2.85,2.025,0.719,541,2771,4.84,4.85,6892.5,0.7,Physics-Calibrated Surrogate (ISO 13790 / ECBC 2017 / ASHRAE 90.1)
Office,Warm & Humid,170.4,3.982,2.498,4.216,0.664,2529,101,5.14,3.41,4646.7,0.711,Physics-Calibrated Surrogate (ISO 13790 / ECBC 2017 / ASHRAE 90.1)
Office,Hot & Dry,126.4,0.493,0.174,5.745,0.611,3663,125,5.76,3.41,6810.3,0.437,Physics-Calibrated Surrogate (ISO 13790 / ECBC 2017 / ASHRAE 90.1)
Office,Hot & Dry,173.5,4.296,2.285,4.823,0.64,2597,352,6.65,3.01,10799.1,0.348,Physics-Calibrated Surrogate (ISO 13790 / ECBC 2017 / ASHRAE 90.1)
Office,Cold,139.7,1.611,1.105,4.56,0.344,348,3492,4.37,4.29,8575.5,0.434,Physics-Calibrated Surrogate (ISO 13790 / ECBC 2017 / ASHRAE 90.1)
Office,Temperate,102.1,4.227,1.125,3.595,0.424,1197,317,4.54,4.9,4278.8,0.176,Physics-Calibrated Surrogate (ISO 13790 / ECBC 2017 / ASHRAE 90.1)
Office,Composite,214.1,4.134,2.679,2.245,0.772,2637,801,5.41,3.47,4849.0,0.623,Physics-Calibrated Surrogate (ISO 13790 / ECBC 2017 / ASHRAE 90.1)
Office,Cold,136.4,2.898,0.37,4.443,0.53,143,3279,3.51,3.81,3417.5,0.446,Physics-Calibrated Surrogate (ISO 13790 / ECBC 2017 / ASHRAE 90.1)
Office,Hot & Dry,152.1,3.462,2.354,3.873,0.521,2923,441,6.96,4.61,2599.1,0.353,Physics-Calibrated Surrogate (ISO 13790 / ECBC 2017 / ASHRAE 90.1)
Office,Composite,99.6,0.412,0.458,4.355,0.45,1404,514,5.15,4.66,4339.2,0.43,Physics-Calibrated Surrogate (ISO 13790 / ECBC 2017 / ASHRAE 90.1)
Office,Composite,139.4,2.531,2.437,2.292,0.456,2209,425,4.93,4.64,9480.7,0.794,Physics-Calibrated Surrogate (ISO 13790 / ECBC 2017 / ASHRAE 90.1)
Office,Cold,137.2,3.722,3.257,4.433,0.322,618,1592,3.56,3.76,5149.8,0.649,Physics-Calibrated Surrogate (ISO 13790 / ECBC 2017 / ASHRAE 90.1)
Office,Composite,129.6,3.645,1.264,3.926,0.496,1523,259,4.97,4.86,11194.8,0.486,Physics-Calibrated Surrogate (ISO 13790 / ECBC 2017 / ASHRAE 90.1)
Office,Hot & Dry,133.3,1.433,1.528,2.32,0.24,4258,460,6.2,4.64,11170.2,0.28,Physics-Calibrated Surrogate (ISO 13790 / ECBC 2017 / ASHRAE 90.1)
Office,Hot & Dry,123.2,1.634,3.47,3.143,0.242,2922,149,5.68,4.92,10554.4,0.142,Physics-Calibrated Surrogate (ISO 13790 / ECBC 2017 / ASHRAE 90.1)
Office,Cold,177.8,0.521,3.129,2.208,0.625,313,2966,4.02,3.96,5893.7,0.712,Physics-Calibrated Surrogate (ISO 13790 / ECBC 2017 / ASHRAE 90.1)
Office,Hot & Dry,150.6,3.707,0.875,4.893,0.43,2518,95,5.65,2.97,4490.8,0.477,Physics-Calibrated Surrogate (ISO 13790 / ECBC 2017 / ASHRAE 90.1)
Office,Warm & Humid,140.7,3.719,3.346,2.259,0.327,2667,84,5.46,4.85,4135.7,0.439,Physics-Calibrated Surrogate (ISO 13790 / ECBC 2017 / ASHRAE 90.1)
Office,Temperate,110.8,2.559,2.765,2.648,0.487,1125,371,4.24,4.92,11235.5,0.469,Physics-Calibrated Surrogate (ISO 13790 / ECBC 2017 / ASHRAE 90.1)
Office,Warm & Humid,144.3,4.103,0.685,1.332,0.786,3179,81,5.76,4.55,4627.7,0.384,Physics-Calibrated Surrogate (ISO 13790 / ECBC 2017 / ASHRAE 90.1)
Office,Temperate,108.3,1.323,0.325,5.52,0.281,1097,292,4.79,3.0,5225.3,0.489,Physics-Calibrated Surrogate (ISO 13790 / ECBC 2017 / ASHRAE 90.1)
Office,Hot & Dry,129.3,2.077,2.017,5.288,0.378,3666,286,6.07,2.83,8362.9,0.26,Physics-Calibrated Surrogate (ISO 13790 / ECBC 2017 / ASHRAE 90.1)
Office,Temperate,125.1,1.36,0.533,1.848,0.747,552,495,5.27,3.97,11887.9,0.362,Physics-Calibrated Surrogate (ISO 13790 / ECBC 2017 / ASHRAE 90.1)
Office,Warm & Humid,135.7,2.651,0.224,5.506,0.782,2799,23,4.56,3.86,10531.2,0.392,Physics-Calibrated Surrogate (ISO 13790 / ECBC 2017 / ASHRAE 90.1)
Office,Cold,152.6,2.453,1.743,4.167,0.54,546,1727,4.26,4.11,7547.8,0.582,Physics-Calibrated Surrogate (ISO 13790 / ECBC 2017 / ASHRAE 90.1)
Office,Composite,166.2,1.494,2.131,3.715,0.54,1760,177,6.16,4.31,2157.9,0.711,Physics-Calibrated Surrogate (ISO 13790 / ECBC 2017 / ASHRAE 90.1)
Office,Warm & Humid,154.7,2.857,2.454,3.368,0.763,3015,22,4.59,3.61,9387.3,0.275,Physics-Calibrated Surrogate (ISO 13790 / ECBC 2017 / ASHRAE 90.1)
Office,Cold,158.6,4.383,2.021,2.917,0.772,497,2422,3.54,3.63,1534.8,0.301,Physics-Calibrated Surrogate (ISO 13790 / ECBC 2017 / ASHRAE 90.1)
Office,Warm & Humid,148.4,1.565,1.105,2.992,0.15,3353,74,5.41,3.67,1100.8,0.474,Physics-Calibrated Surrogate (ISO 13790 / ECBC 2017 / ASHRAE 90.1)
Office,Hot & Dry,199.2,0.66,3.322,2.542,0.309,3679,162,6.64,2.82,2438.5,0.542,Physics-Calibrated Surrogate (ISO 13790 / ECBC 2017 / ASHRAE 90.1)
Office,Temperate,124.1,0.762,2.025,2.336,0.834,1008,575,5.16,4.49,6243.2,0.432,Physics-Calibrated Surrogate (ISO 13790 / ECBC 2017 / ASHRAE 90.1)
Office,Temperate,131.9,1.197,3.185,5.336,0.222,969,720,4.6,2.86,3123.0,0.322,Physics-Calibrated Surrogate (ISO 13790 / ECBC 2017 / ASHRAE 90.1)
Office,Cold,136.2,3.692,0.78,2.175,0.388,659,2067,5.11,3.3,11472.8,0.793,Physics-Calibrated Surrogate (ISO 13790 / ECBC 2017 / ASHRAE 90.1)
Office,Temperate,147.4,3.598,1.991,4.328,0.807,502,146,4.74,4.1,2210.9,0.56,Physics-Calibrated Surrogate (ISO 13790 / ECBC 2017 / ASHRAE 90.1)
Office,Temperate,112.2,1.463,0.984,2.279,0.285,727,496,5.15,3.94,2948.5,0.155,Physics-Calibrated Surrogate (ISO 13790 / ECBC 2017 / ASHRAE 90.1)
Office,Warm & Humid,137.5,4.406,2.798,3.455,0.211,3390,14,4.52,3.98,6039.3,0.139,Physics-Calibrated Surrogate (ISO 13790 / ECBC 2017 / ASHRAE 90.1)
Office,Cold,175.1,3.673,3.096,5.513,0.434,234,3228,4.47,3.92,9863.4,0.638,Physics-Calibrated Surrogate (ISO 13790 / ECBC 2017 / ASHRAE 90.1)
Office,Composite,138.1,1.235,2.526,1.59,0.669,1433,507,5.3,4.23,3731.8,0.284,Physics-Calibrated Surrogate (ISO 13790 / ECBC 2017 / ASHRAE 90.1)
Office,Warm & Humid,175.4,4.353,2.098,5.38,0.716,2422,56,5.49,4.74,10579.6,0.696,Physics-Calibrated Surrogate (ISO 13790 / ECBC 2017 / ASHRAE 90.1)
Office,Warm & Humid,142.9,1.447,3.193,3.337,0.447,2998,77,4.89,4.62,5468.6,0.47,Physics-Calibrated Surrogate (ISO 13790 / ECBC 2017 / ASHRAE 90.1)
Office,Warm & Humid,110.8,1.037,0.978,5.679,0.428,2483,3,5.13,4.0,8005.9,0.185,Physics-Calibrated Surrogate (ISO 13790 / ECBC 2017 / ASHRAE 90.1)
Office,Composite,120.9,3.188,3.476,3.02,0.587,2341,511,5.46,4.91,5084.6,0.196,Physics-Calibrated Surrogate (ISO 13790 / ECBC 2017 / ASHRAE 90.1)
Office,Hot & Dry,142.1,1.472,0.69,3.161,0.242,2915,137,6.61,4.25,1973.6,0.458,Physics-Calibrated Surrogate (ISO 13790 / ECBC 2017 / ASHRAE 90.1)
Office,Hot & Dry,120.7,2.824,0.687,2.169,0.348,4402,376,6.69,3.77,2808.6,0.388,Physics-Calibrated Surrogate (ISO 13790 / ECBC 2017 / ASHRAE 90.1)
Office,Temperate,107.7,1.366,1.26,3.502,0.16,1086,526,5.18,4.76,11008.0,0.683,Physics-Calibrated Surrogate (ISO 13790 / ECBC 2017 / ASHRAE 90.1)
Office,Cold,127.0,1.409,1.091,3.1,0.248,137,2586,3.89,3.77,2812.4,0.735,Physics-Calibrated Surrogate (ISO 13790 / ECBC 2017 / ASHRAE 90.1)
Office,Cold,187.7,3.168,2.711,5.063,0.355,461,3359,4.64,4.83,654.6,0.243,Physics-Calibrated Surrogate (ISO 13790 / ECBC 2017 / ASHRAE 90.1)
Office,Composite,150.7,2.488,2.563,4.429,0.466,2335,803,5.34,3.81,2340.9,0.168,Physics-Calibrated Surrogate (ISO 13790 / ECBC 2017 / ASHRAE 90.1)
Office,Hot & Dry,191.6,0.885,2.094,5.285,0.481,3779,452,6.78,4.37,3154.4,0.694,Physics-Calibrated Surrogate (ISO 13790 / ECBC 2017 / ASHRAE 90.1)
Office,Cold,152.5,0.901,2.019,2.051,0.177,152,2894,3.79,2.59,1049.8,0.273,Physics-Calibrated Surrogate (ISO 13790 / ECBC 2017 / ASHRAE 90.1)
Office,Temperate,119.8,4.417,2.215,2.044,0.625,970,113,4.67,4.41,10783.6,0.149,Physics-Calibrated Surrogate (ISO 13790 / ECBC 2017 / ASHRAE 90.1)
Office,Composite,145.4,3.42,0.227,5.611,0.391,1428,702,6.13,2.97,4607.3,0.556,Physics-Calibrated Surrogate (ISO 13790 / ECBC 2017 / ASHRAE 90.1)
Office,Composite,181.4,3.271,0.417,3.049,0.603,2510,766,6.16,3.38,9551.7,0.774,Physics-Calibrated Surrogate (ISO 13790 / ECBC 2017 / ASHRAE 90.1)
Office,Hot & Dry,118.2,3.044,2.447,4.352,0.169,3613,153,6.38,4.75,5629.4,0.256,Physics-Calibrated Surrogate (ISO 13790 / ECBC 2017 / ASHRAE 90.1)
Office,Warm & Humid,104.8,1.695,0.181,2.121,0.229,3163,145,5.53,4.61,2745.6,0.52,Physics-Calibrated Surrogate (ISO 13790 / ECBC 2017 / ASHRAE 90.1)
Office,Warm & Humid,99.2,0.732,0.41,3.929,0.283,3184,134,4.51,3.4,3764.2,0.184,Physics-Calibrated Surrogate (ISO 13790 / ECBC 2017 / ASHRAE 90.1)
Office,Composite,150.5,3.452,0.395,1.612,0.606,2415,679,6.08,3.72,6226.3,0.379,Physics-Calibrated Surrogate (ISO 13790 / ECBC 2017 / ASHRAE 90.1)
Office,Hot & Dry,165.9,3.545,1.039,2.16,0.811,4239,195,6.75,2.55,10985.0,0.278,Physics-Calibrated Surrogate (ISO 13790 / ECBC 2017 / ASHRAE 90.1)
Office,Warm & Humid,141.0,2.759,1.316,4.224,0.161,3385,101,4.86,2.66,4533.1,0.252,Physics-Calibrated Surrogate (ISO 13790 / ECBC 2017 / ASHRAE 90.1)
Office,Hot & Dry,143.6,2.795,3.042,1.932,0.161,3350,219,5.79,3.62,4191.2,0.394,Physics-Calibrated Surrogate (ISO 13790 / ECBC 2017 / ASHRAE 90.1)
Office,Warm & Humid,209.1,0.764,2.276,4.293,0.626,2228,122,5.54,3.16,1650.5,0.754,Physics-Calibrated Surrogate (ISO 13790 / ECBC 2017 / ASHRAE 90.1)
Office,Cold,152.2,0.914,3.136,3.268,0.535,626,3373,4.62,4.74,2187.1,0.689,Physics-Calibrated Surrogate (ISO 13790 / ECBC 2017 / ASHRAE 90.1)
Office,Warm & Humid,121.7,1.456,3.046,3.994,0.15,2799,104,5.08,4.51,3310.2,0.469,Physics-Calibrated Surrogate (ISO 13790 / ECBC 2017 / ASHRAE 90.1)
Office,Temperate,116.2,4.383,0.869,2.06,0.468,510,757,4.93,4.37,2652.6,0.66,Physics-Calibrated Surrogate (ISO 13790 / ECBC 2017 / ASHRAE 90.1)
Office,Temperate,118.9,2.617,1.211,1.781,0.489,1176,500,4.43,3.81,975.0,0.666,Physics-Calibrated Surrogate (ISO 13790 / ECBC 2017 / ASHRAE 90.1)
Office,Cold,101.7,2.664,0.985,4.958,0.227,339,3195,4.02,4.57,9504.3,0.308,Physics-Calibrated Surrogate (ISO 13790 / ECBC 2017 / ASHRAE 90.1)
Office,Temperate,99.1,3.449,0.389,3.35,0.273,448,519,4.34,2.85,11289.7,0.131,Physics-Calibrated Surrogate (ISO 13790 / ECBC 2017 / ASHRAE 90.1)
Office,Temperate,94.7,3.059,1.088,1.332,0.44,322,519,5.15,3.58,8441.4,0.18,Physics-Calibrated Surrogate (ISO 13790 / ECBC 2017 / ASHRAE 90.1)
Office,Warm & Humid,149.0,3.185,2.052,2.807,0.644,3057,108,4.9,3.84,4125.7,0.142,Physics-Calibrated Surrogate (ISO 13790 / ECBC 2017 / ASHRAE 90.1)
Office,Composite,124.2,3.966,1.522,1.98,0.68,2650,754,5.0,4.58,2301.3,0.548,Physics-Calibrated Surrogate (ISO 13790 / ECBC 2017 / ASHRAE 90.1)
Office,Composite,178.0,3.13,1.446,4.341,0.778,2494,598,5.73,3.33,8156.5,0.59,Physics-Calibrated Surrogate (ISO 13790 / ECBC 2017 / ASHRAE 90.1)
Office,Temperate,99.0,0.891,1.894,5.014,0.178,719,666,5.21,4.99,11731.1,0.251,Physics-Calibrated Surrogate (ISO 13790 / ECBC 2017 / ASHRAE 90.1)
Office,Temperate,115.8,2.12,1.687,5.66,0.357,598,651,5.34,4.07,4492.4,0.493,Physics-Calibrated Surrogate (ISO 13790 / ECBC 2017 / ASHRAE 90.1)
Office,Warm & Humid,151.2,3.51,2.575,3.799,0.478,3394,125,4.63,4.72,1300.3,0.208,Physics-Calibrated Surrogate (ISO 13790 / ECBC 2017 / ASHRAE 90.1)
Office,Warm & Humid,118.8,0.4,0.323,5.61,0.344,3363,113,5.1,4.68,10443.8,0.748,Physics-Calibrated Surrogate (ISO 13790 / ECBC 2017 / ASHRAE 90.1)
Office,Composite,150.7,3.821,3.436,4.167,0.762,1603,124,6.0,4.0,6835.3,0.387,Physics-Calibrated Surrogate (ISO 13790 / ECBC 2017 / ASHRAE 90.1)
Office,Warm & Humid,168.0,1.161,3.147,5.472,0.833,2312,149,4.63,4.85,1667.9,0.593,Physics-Calibrated Surrogate (ISO 13790 / ECBC 2017 / ASHRAE 90.1)
Office,Cold,117.0,3.486,0.477,1.385,0.677,490,2483,5.01,3.56,10289.8,0.403,Physics-Calibrated Surrogate (ISO 13790 / ECBC 2017 / ASHRAE 90.1)
Office,Hot & Dry,215.9,4.312,1.154,2.529,0.71,4463,299,6.84,3.19,5440.0,0.474,Physics-Calibrated Surrogate (ISO 13790 / ECBC 2017 / ASHRAE 90.1)
Office,Composite,152.6,1.579,1.825,3.143,0.27,1542,350,6.13,3.4,1199.0,0.729,Physics-Calibrated Surrogate (ISO 13790 / ECBC 2017 / ASHRAE 90.1)
Office,Hot & Dry,159.5,1.339,0.926,5.57,0.169,2743,424,6.26,2.85,6690.8,0.62,Physics-Calibrated Surrogate (ISO 13790 / ECBC 2017 / ASHRAE 90.1)
Office,Composite,111.5,3.526,0.192,2.199,0.196,2733,434,6.0,4.45,9444.8,0.272,Physics-Calibrated Surrogate (ISO 13790 / ECBC 2017 / ASHRAE 90.1)
Office,Composite,120.6,0.953,2.327,1.587,0.277,2079,164,4.81,3.69,6264.2,0.593,Physics-Calibrated Surrogate (ISO 13790 / ECBC 2017 / ASHRAE 90.1)
Office,Warm & Humid,192.6,3.321,0.574,1.425,0.765,2848,72,5.35,2.7,5537.4,0.643,Physics-Calibrated Surrogate (ISO 13790 / ECBC 2017 / ASHRAE 90.1)
Office,Cold,164.3,3.928,0.563,5.091,0.377,215,2909,5.13,3.98,4756.9,0.689,Physics-Calibrated Surrogate (ISO 13790 / ECBC 2017 / ASHRAE 90.1)
Office,Temperate,175.5,2.225,0.276,3.464,0.779,682,732,5.35,2.98,9809.2,0.65,Physics-Calibrated Surrogate (ISO 13790 / ECBC 2017 / ASHRAE 90.1)
Office,Composite,138.4,1.083,1.369,1.794,0.47,2690,839,4.86,3.18,2229.0,0.396,Physics-Calibrated Surrogate (ISO 13790 / ECBC 2017 / ASHRAE 90.1)
Office,Hot & Dry,132.0,0.469,2.921,3.995,0.517,3942,374,6.37,4.86,5602.7,0.115,Physics-Calibrated Surrogate (ISO 13790 / ECBC 2017 / ASHRAE 90.1)
Office,Hot & Dry,133.4,4.294,3.293,1.257,0.271,2614,465,6.64,4.55,9415.2,0.383,Physics-Calibrated Surrogate (ISO 13790 / ECBC 2017 / ASHRAE 90.1)
Office,Composite,161.1,2.762,1.149,1.886,0.731,1978,542,5.23,4.59,909.7,0.755,Physics-Calibrated Surrogate (ISO 13790 / ECBC 2017 / ASHRAE 90.1)
Office,Composite,136.5,0.667,2.263,3.519,0.519,1400,102,5.23,4.82,598.4,0.684,Physics-Calibrated Surrogate (ISO 13790 / ECBC 2017 / ASHRAE 90.1)
Office,Temperate,143.9,3.686,1.617,3.751,0.71,933,430,4.24,4.03,965.8,0.529,Physics-Calibrated Surrogate (ISO 13790 / ECBC 2017 / ASHRAE 90.1)
Office,Cold,234.3,1.129,3.336,3.676,0.62,691,2335,4.75,2.75,7640.1,0.778,Physics-Calibrated Surrogate (ISO 13790 / ECBC 2017 / ASHRAE 90.1)
Office,Temperate,175.7,4.069,0.221,5.15,0.794,360,777,4.91,3.38,1515.2,0.797,Physics-Calibrated Surrogate (ISO 13790 / ECBC 2017 / ASHRAE 90.1)
Office,Composite,134.1,2.083,0.638,5.023,0.394,2766,846,5.72,3.5,4413.7,0.326,Physics-Calibrated Surrogate (ISO 13790 / ECBC 2017 / ASHRAE 90.1)
Office,Composite,126.5,1.864,1.395,2.097,0.23,1231,276,5.04,4.35,5942.0,0.78,Physics-Calibrated Surrogate (ISO 13790 / ECBC 2017 / ASHRAE 90.1)
Office,Cold,195.3,1.73,1.195,5.367,0.56,427,1784,3.91,3.04,961.3,0.79,Physics-Calibrated Surrogate (ISO 13790 / ECBC 2017 / ASHRAE 90.1)
Office,Warm & Humid,112.4,2.654,1.422,1.422,0.621,2201,14,4.68,4.97,5314.6,0.717,Physics-Calibrated Surrogate (ISO 13790 / ECBC 2017 / ASHRAE 90.1)
Office,Hot & Dry,176.6,3.954,2.65,2.208,0.2,4264,362,6.75,4.29,2912.0,0.33,Physics-Calibrated Surrogate (ISO 13790 / ECBC 2017 / ASHRAE 90.1)
Office,Temperate,121.3,0.509,1.906,1.351,0.478,603,723,4.79,4.71,9108.4,0.732,Physics-Calibrated Surrogate (ISO 13790 / ECBC 2017 / ASHRAE 90.1)
Office,Composite,115.1,0.564,1.417,5.151,0.305,2112,750,5.25,2.88,10194.0,0.226,Physics-Calibrated Surrogate (ISO 13790 / ECBC 2017 / ASHRAE 90.1)
Office,Hot & Dry,174.2,3.771,1.665,3.609,0.838,2680,126,6.02,2.65,5098.4,0.353,Physics-Calibrated Surrogate (ISO 13790 / ECBC 2017 / ASHRAE 90.1)
Office,Hot & Dry,184.0,1.706,3.231,4.207,0.345,3854,254,6.38,3.68,3138.2,0.552,Physics-Calibrated Surrogate (ISO 13790 / ECBC 2017 / ASHRAE 90.1)
Office,Composite,177.0,1.593,0.574,4.7,0.746,1812,583,5.64,3.14,7016.7,0.558,Physics-Calibrated Surrogate (ISO 13790 / ECBC 2017 / ASHRAE 90.1)
Office,Warm & Humid,160.0,2.225,2.993,4.69,0.571,2243,117,5.22,3.37,1830.7,0.381,Physics-Calibrated Surrogate (ISO 13790 / ECBC 2017 / ASHRAE 90.1)
Office,Composite,133.8,2.536,3.005,2.774,0.385,1688,700,5.38,4.96,2614.2,0.759,Physics-Calibrated Surrogate (ISO 13790 / ECBC 2017 / ASHRAE 90.1)
Office,Hot & Dry,128.1,2.243,1.553,4.785,0.398,3920,460,5.83,4.96,6042.4,0.13,Physics-Calibrated Surrogate (ISO 13790 / ECBC 2017 / ASHRAE 90.1)
Office,Warm & Humid,179.0,2.336,2.947,5.505,0.842,2843,138,5.79,3.49,9920.1,0.489,Physics-Calibrated Surrogate (ISO 13790 / ECBC 2017 / ASHRAE 90.1)
Office,Composite,160.0,3.882,2.759,4.103,0.51,1424,540,4.92,4.27,3625.0,0.638,Physics-Calibrated Surrogate (ISO 13790 / ECBC 2017 / ASHRAE 90.1)
Office,Warm & Humid,118.7,4.403,0.373,5.332,0.369,3491,59,4.79,3.97,4538.9,0.114,Physics-Calibrated Surrogate (ISO 13790 / ECBC 2017 / ASHRAE 90.1)
Office,Cold,103.2,1.698,1.077,4.217,0.234,130,1532,5.01,4.7,5840.3,0.461,Physics-Calibrated Surrogate (ISO 13790 / ECBC 2017 / ASHRAE 90.1)
Office,Cold,152.4,1.618,0.971,4.658,0.162,696,2917,4.37,3.17,3331.7,0.705,Physics-Calibrated Surrogate (ISO 13790 / ECBC 2017 / ASHRAE 90.1)
Office,Composite,171.9,2.883,2.905,3.713,0.303,2335,313,5.9,3.86,4344.0,0.717,Physics-Calibrated Surrogate (ISO 13790 / ECBC 2017 / ASHRAE 90.1)
Office,Cold,119.4,4.434,2.97,4.829,0.381,392,1533,4.65,3.84,8372.3,0.252,Physics-Calibrated Surrogate (ISO 13790 / ECBC 2017 / ASHRAE 90.1)
Office,Warm & Humid,113.9,3.978,0.851,4.082,0.207,3128,79,5.69,4.7,10370.2,0.239,Physics-Calibrated Surrogate (ISO 13790 / ECBC 2017 / ASHRAE 90.1)
Office,Temperate,145.1,1.591,2.024,5.491,0.364,684,394,4.73,2.62,982.4,0.578,Physics-Calibrated Surrogate (ISO 13790 / ECBC 2017 / ASHRAE 90.1)
Office,Temperate,163.1,3.689,2.243,2.439,0.349,710,790,4.41,2.81,5009.6,0.691,Physics-Calibrated Surrogate (ISO 13790 / ECBC 2017 / ASHRAE 90.1)
Office,Hot & Dry,174.2,2.281,1.051,1.458,0.436,2601,143,6.87,2.63,6319.1,0.481,Physics-Calibrated Surrogate (ISO 13790 / ECBC 2017 / ASHRAE 90.1)
Office,Composite,188.9,4.057,0.786,2.78,0.579,2679,301,5.55,2.74,2044.4,0.753,Physics-Calibrated Surrogate (ISO 13790 / ECBC 2017 / ASHRAE 90.1)
Office,Cold,125.0,2.546,2.011,1.691,0.825,427,1996,4.69,3.93,2257.8,0.176,Physics-Calibrated Surrogate (ISO 13790 / ECBC 2017 / ASHRAE 90.1)
Office,Hot & Dry,177.5,3.949,1.347,5.299,0.566,3306,184,5.53,4.51,1212.7,0.722,Physics-Calibrated Surrogate (ISO 13790 / ECBC 2017 / ASHRAE 90.1)
Office,Cold,119.8,1.134,1.915,3.671,0.458,225,3010,3.68,4.43,11901.1,0.271,Physics-Calibrated Surrogate (ISO 13790 / ECBC 2017 / ASHRAE 90.1)
Office,Cold,170.6,0.461,2.054,3.033,0.835,179,1576,4.35,3.77,3661.0,0.574,Physics-Calibrated Surrogate (ISO 13790 / ECBC 2017 / ASHRAE 90.1)
Office,Warm & Humid,168.3,2.46,2.95,4.597,0.336,2309,51,5.62,2.54,10487.4,0.43,Physics-Calibrated Surrogate (ISO 13790 / ECBC 2017 / ASHRAE 90.1)
Office,Composite,173.1,1.916,0.596,2.974,0.81,2659,487,6.14,4.72,11643.1,0.538,Physics-Calibrated Surrogate (ISO 13790 / ECBC 2017 / ASHRAE 90.1)
Office,Hot & Dry,188.9,1.185,2.954,2.534,0.281,4094,314,6.05,3.52,7740.0,0.572,Physics-Calibrated Surrogate (ISO 13790 / ECBC 2017 / ASHRAE 90.1)
Office,Hot & Dry,113.6,1.265,0.277,4.044,0.242,2568,183,6.43,3.36,9462.9,0.497,Physics-Calibrated Surrogate (ISO 13790 / ECBC 2017 / ASHRAE 90.1)
Office,Composite,157.8,1.533,2.673,2.208,0.499,2178,261,6.19,4.56,4951.4,0.734,Physics-Calibrated Surrogate (ISO 13790 / ECBC 2017 / ASHRAE 90.1)
Office,Temperate,133.5,3.208,2.261,4.897,0.466,827,660,4.71,3.8,2016.3,0.455,Physics-Calibrated Surrogate (ISO 13790 / ECBC 2017 / ASHRAE 90.1)
Office,Cold,125.3,1.722,0.901,2.852,0.311,577,2637,4.21,3.95,9242.4,0.222,Physics-Calibrated Surrogate (ISO 13790 / ECBC 2017 / ASHRAE 90.1)
Office,Warm & Humid,137.3,2.794,0.375,4.487,0.642,3448,53,5.66,3.39,4128.8,0.251,Physics-Calibrated Surrogate (ISO 13790 / ECBC 2017 / ASHRAE 90.1)
Office,Cold,143.6,2.717,0.563,4.375,0.662,689,1430,4.5,2.61,10187.1,0.299,Physics-Calibrated Surrogate (ISO 13790 / ECBC 2017 / ASHRAE 90.1)
Office,Warm & Humid,133.4,1.351,0.533,5.265,0.29,2782,18,5.49,4.56,754.6,0.469,Physics-Calibrated Surrogate (ISO 13790 / ECBC 2017 / ASHRAE 90.1)
Office,Temperate,137.0,2.26,1.556,5.293,0.456,419,196,5.26,2.69,2803.1,0.505,Physics-Calibrated Surrogate (ISO 13790 / ECBC 2017 / ASHRAE 90.1)
Office,Composite,118.7,3.621,0.403,1.516,0.526,1838,131,5.76,2.9,5880.8,0.165,Physics-Calibrated Surrogate (ISO 13790 / ECBC 2017 / ASHRAE 90.1)
Office,Temperate,115.0,0.423,1.128,3.708,0.344,359,576,4.65,3.88,2686.0,0.556,Physics-Calibrated Surrogate (ISO 13790 / ECBC 2017 / ASHRAE 90.1)
Office,Temperate,122.3,3.584,0.975,4.281,0.377,1157,434,4.58,3.77,11114.5,0.328,Physics-Calibrated Surrogate (ISO 13790 / ECBC 2017 / ASHRAE 90.1)
Office,Cold,122.6,1.353,0.918,2.349,0.525,490,1719,3.92,3.95,7076.2,0.113,Physics-Calibrated Surrogate (ISO 13790 / ECBC 2017 / ASHRAE 90.1)
Office,Warm & Humid,189.3,3.548,2.96,2.888,0.683,2341,77,4.94,3.71,1324.0,0.76,Physics-Calibrated Surrogate (ISO 13790 / ECBC 2017 / ASHRAE 90.1)
Office,Temperate,131.1,1.563,2.064,1.89,0.699,875,388,4.26,3.33,5573.2,0.416,Physics-Calibrated Surrogate (ISO 13790 / ECBC 2017 / ASHRAE 90.1)
Office,Cold,118.3,3.131,0.96,3.668,0.431,489,1735,4.07,4.85,2025.8,0.668,Physics-Calibrated Surrogate (ISO 13790 / ECBC 2017 / ASHRAE 90.1)
Office,Composite,118.3,2.371,0.848,1.949,0.18,1428,260,5.38,3.9,7432.7,0.8,Physics-Calibrated Surrogate (ISO 13790 / ECBC 2017 / ASHRAE 90.1)
Office,Cold,143.3,1.745,3.468,2.922,0.683,584,1212,4.68,3.63,9022.7,0.281,Physics-Calibrated Surrogate (ISO 13790 / ECBC 2017 / ASHRAE 90.1)
Office,Hot & Dry,147.3,2.597,3.491,3.804,0.181,2972,434,6.22,4.49,6813.2,0.239,Physics-Calibrated Surrogate (ISO 13790 / ECBC 2017 / ASHRAE 90.1)
Office,Warm & Humid,124.0,1.079,0.885,2.386,0.546,2710,21,5.47,3.76,6970.7,0.158,Physics-Calibrated Surrogate (ISO 13790 / ECBC 2017 / ASHRAE 90.1)
Office,Hot & Dry,241.9,3.231,1.393,2.034,0.797,3547,76,6.75,2.76,7803.7,0.734,Physics-Calibrated Surrogate (ISO 13790 / ECBC 2017 / ASHRAE 90.1)
Office,Temperate,114.0,4.149,1.51,4.316,0.659,851,338,4.55,4.21,7927.1,0.262,Physics-Calibrated Surrogate (ISO 13790 / ECBC 2017 / ASHRAE 90.1)
Office,Hot & Dry,150.9,3.213,0.18,2.068,0.632,3419,210,6.82,2.66,11692.8,0.312,Physics-Calibrated Surrogate (ISO 13790 / ECBC 2017 / ASHRAE 90.1)
Office,Warm & Humid,116.4,4.039,1.73,4.622,0.248,2574,133,5.63,4.18,9422.4,0.159,Physics-Calibrated Surrogate (ISO 13790 / ECBC 2017 / ASHRAE 90.1)
Office,Hot & Dry,138.3,3.668,2.674,4.401,0.491,2857,164,6.05,3.41,7172.0,0.235,Physics-Calibrated Surrogate (ISO 13790 / ECBC 2017 / ASHRAE 90.1)
Office,Temperate,136.6,1.244,1.082,2.029,0.781,1095,698,4.3,2.92,8346.5,0.346,Physics-Calibrated Surrogate (ISO 13790 / ECBC 2017 / ASHRAE 90.1)
Office,Temperate,124.6,2.801,1.298,2.24,0.598,1179,609,4.33,3.64,9786.2,0.195,Physics-Calibrated Surrogate (ISO 13790 / ECBC 2017 / ASHRAE 90.1)
Office,Cold,158.9,3.844,0.481,5.77,0.43,672,3006,5.09,2.91,11490.2,0.7,Physics-Calibrated Surrogate (ISO 13790 / ECBC 2017 / ASHRAE 90.1)
Office,Cold,132.4,0.592,1.775,3.357,0.333,549,3403,4.31,4.8,6918.6,0.412,Physics-Calibrated Surrogate (ISO 13790 / ECBC 2017 / ASHRAE 90.1)
Office,Cold,130.0,0.769,1.627,2.828,0.306,424,2084,4.04,4.11,2527.8,0.386,Physics-Calibrated Surrogate (ISO 13790 / ECBC 2017 / ASHRAE 90.1)
Office,Hot & Dry,150.9,0.763,0.242,2.459,0.339,3659,479,6.87,4.55,833.4,0.64,Physics-Calibrated Surrogate (ISO 13790 / ECBC 2017 / ASHRAE 90.1)
Office,Warm & Humid,118.5,3.191,0.91,1.362,0.192,3412,107,4.66,3.43,11109.2,0.157,Physics-Calibrated Surrogate (ISO 13790 / ECBC 2017 / ASHRAE 90.1)
Office,Warm & Humid,152.0,2.009,1.594,5.652,0.627,2964,89,5.47,3.29,6135.5,0.401,Physics-Calibrated Surrogate (ISO 13790 / ECBC 2017 / ASHRAE 90.1)
Office,Cold,141.3,3.951,1.446,2.809,0.849,656,1217,4.31,3.71,9136.8,0.364,Physics-Calibrated Surrogate (ISO 13790 / ECBC 2017 / ASHRAE 90.1)
Office,Warm & Humid,127.6,0.794,0.739,4.764,0.51,2958,58,4.88,2.53,6522.5,0.155,Physics-Calibrated Surrogate (ISO 13790 / ECBC 2017 / ASHRAE 90.1)
Office,Warm & Humid,119.8,1.154,2.028,2.684,0.726,2454,124,5.5,4.46,8766.0,0.132,Physics-Calibrated Surrogate (ISO 13790 / ECBC 2017 / ASHRAE 90.1)
Office,Cold,129.8,2.012,0.914,1.924,0.581,647,2341,3.65,4.99,610.2,0.112,Physics-Calibrated Surrogate (ISO 13790 / ECBC 2017 / ASHRAE 90.1)
Office,Composite,121.7,3.903,0.345,3.622,0.528,2418,700,4.92,4.65,10943.8,0.475,Physics-Calibrated Surrogate (ISO 13790 / ECBC 2017 / ASHRAE 90.1)
Office,Warm & Humid,259.2,2.252,3.399,2.104,0.783,2987,124,5.33,2.53,5167.6,0.78,Physics-Calibrated Surrogate (ISO 13790 / ECBC 2017 / ASHRAE 90.1)
Office,Composite,164.8,4.492,3.421,5.624,0.835,1574,390,5.54,4.48,6864.6,0.372,Physics-Calibrated Surrogate (ISO 13790 / ECBC 2017 / ASHRAE 90.1)
Office,Hot & Dry,156.9,1.395,2.827,2.449,0.173,3986,64,5.73,3.79,2676.2,0.666,Physics-Calibrated Surrogate (ISO 13790 / ECBC 2017 / ASHRAE 90.1)
Office,Cold,148.3,3.661,2.3,4.277,0.733,280,1373,5.07,3.93,9504.4,0.227,Physics-Calibrated Surrogate (ISO 13790 / ECBC 2017 / ASHRAE 90.1)
Office,Temperate,105.2,2.855,1.363,4.661,0.413,452,782,4.5,3.72,1419.0,0.1,Physics-Calibrated Surrogate (ISO 13790 / ECBC 2017 / ASHRAE 90.1)
Office,Temperate,120.3,2.884,1.407,3.013,0.528,349,578,4.66,2.72,2540.9,0.307,Physics-Calibrated Surrogate (ISO 13790 / ECBC 2017 / ASHRAE 90.1)
Office,Hot & Dry,230.1,3.204,1.242,4.814,0.78,4364,489,6.02,3.05,10079.5,0.588,Physics-Calibrated Surrogate (ISO 13790 / ECBC 2017 / ASHRAE 90.1)
Office,Cold,130.9,3.982,0.687,3.718,0.394,574,2888,4.04,3.59,7776.9,0.789,Physics-Calibrated Surrogate (ISO 13790 / ECBC 2017 / ASHRAE 90.1)
Office,Hot & Dry,154.7,3.82,0.222,2.272,0.68,3667,468,5.74,3.97,642.8,0.22,Physics-Calibrated Surrogate (ISO 13790 / ECBC 2017 / ASHRAE 90.1)
Office,Hot & Dry,163.3,2.624,2.308,1.976,0.833,2535,315,5.58,3.72,10763.9,0.259,Physics-Calibrated Surrogate (ISO 13790 / ECBC 2017 / ASHRAE 90.1)
Office,Warm & Humid,172.6,0.622,2.515,3.011,0.341,2941,136,4.54,2.51,3586.4,0.429,Physics-Calibrated Surrogate (ISO 13790 / ECBC 2017 / ASHRAE 90.1)
Office,Cold,176.1,0.351,1.787,4.163,0.793,202,2934,4.46,3.45,3118.4,0.536,Physics-Calibrated Surrogate (ISO 13790 / ECBC 2017 / ASHRAE 90.1)
Office,Warm & Humid,174.7,2.702,3.456,4.999,0.335,3280,109,5.19,4.31,5998.2,0.572,Physics-Calibrated Surrogate (ISO 13790 / ECBC 2017 / ASHRAE 90.1)
Office,Cold,180.3,1.476,2.954,4.163,0.428,337,3224,3.75,3.56,5945.9,0.653,Physics-Calibrated Surrogate (ISO 13790 / ECBC 2017 / ASHRAE 90.1)
Office,Hot & Dry,140.0,1.357,1.713,5.33,0.255,4290,58,6.91,4.56,8038.9,0.262,Physics-Calibrated Surrogate (ISO 13790 / ECBC 2017 / ASHRAE 90.1)
Office,Cold,135.9,3.599,1.784,2.196,0.232,301,2398,3.99,3.75,3179.5,0.379,Physics-Calibrated Surrogate (ISO 13790 / ECBC 2017 / ASHRAE 90.1)
Office,Temperate,144.1,1.602,2.655,3.761,0.768,460,285,5.15,3.27,3773.5,0.322,Physics-Calibrated Surrogate (ISO 13790 / ECBC 2017 / ASHRAE 90.1)
Office,Composite,120.7,1.769,2.8,4.081,0.462,1458,154,4.86,2.73,5105.1,0.191,Physics-Calibrated Surrogate (ISO 13790 / ECBC 2017 / ASHRAE 90.1)
Office,Temperate,160.5,4.412,2.145,4.534,0.462,1027,231,5.32,2.65,3782.6,0.531,Physics-Calibrated Surrogate (ISO 13790 / ECBC 2017 / ASHRAE 90.1)
Office,Composite,114.4,2.46,2.15,3.305,0.389,1890,179,4.83,3.67,10416.5,0.21,Physics-Calibrated Surrogate (ISO 13790 / ECBC 2017 / ASHRAE 90.1)
Office,Warm & Humid,98.2,4.056,0.925,2.072,0.31,3378,9,5.14,4.8,7088.0,0.216,Physics-Calibrated Surrogate (ISO 13790 / ECBC 2017 / ASHRAE 90.1)
Office,Temperate,139.1,2.982,3.159,4.097,0.669,1095,203,4.68,4.59,3878.7,0.68,Physics-Calibrated Surrogate (ISO 13790 / ECBC 2017 / ASHRAE 90.1)
Office,Hot & Dry,173.7,1.069,2.18,2.173,0.58,2725,356,6.6,4.31,6784.8,0.768,Physics-Calibrated Surrogate (ISO 13790 / ECBC 2017 / ASHRAE 90.1)
Office,Warm & Humid,153.4,2.569,2.514,2.845,0.676,2305,136,4.93,4.05,6689.5,0.743,Physics-Calibrated Surrogate (ISO 13790 / ECBC 2017 / ASHRAE 90.1)
Office,Cold,136.1,3.191,1.371,5.518,0.614,354,1884,3.6,4.61,10346.8,0.772,Physics-Calibrated Surrogate (ISO 13790 / ECBC 2017 / ASHRAE 90.1)
Office,Warm & Humid,106.7,0.742,1.344,4.142,0.174,3107,48,5.23,4.23,9548.1,0.707,Physics-Calibrated Surrogate (ISO 13790 / ECBC 2017 / ASHRAE 90.1)
Office,Temperate,136.8,0.558,3.179,4.834,0.31,1192,149,5.49,3.48,9888.3,0.596,Physics-Calibrated Surrogate (ISO 13790 / ECBC 2017 / ASHRAE 90.1)
Office,Composite,128.3,2.217,0.838,2.157,0.256,1323,185,6.0,3.87,11197.6,0.652,Physics-Calibrated Surrogate (ISO 13790 / ECBC 2017 / ASHRAE 90.1)
Office,Temperate,119.2,1.324,0.225,4.92,0.494,839,186,5.17,3.27,8213.3,0.551,Physics-Calibrated Surrogate (ISO 13790 / ECBC 2017 / ASHRAE 90.1)
Office,Composite,138.9,1.54,2.627,4.872,0.292,2686,516,5.4,3.26,9402.8,0.429,Physics-Calibrated Surrogate (ISO 13790 / ECBC 2017 / ASHRAE 90.1)
Office,Hot & Dry,131.5,0.947,1.668,5.22,0.549,3065,269,5.85,4.7,6422.3,0.325,Physics-Calibrated Surrogate (ISO 13790 / ECBC 2017 / ASHRAE 90.1)
Office,Composite,174.6,0.508,1.823,2.36,0.788,2236,261,6.14,3.5,1650.1,0.438,Physics-Calibrated Surrogate (ISO 13790 / ECBC 2017 / ASHRAE 90.1)
Office,Temperate,132.7,3.059,2.194,4.458,0.612,908,453,4.72,2.79,1779.0,0.122,Physics-Calibrated Surrogate (ISO 13790 / ECBC 2017 / ASHRAE 90.1)
Office,Composite,154.3,4.36,2.14,4.885,0.335,1712,229,5.85,3.03,2817.6,0.339,Physics-Calibrated Surrogate (ISO 13790 / ECBC 2017 / ASHRAE 90.1)
Office,Hot & Dry,233.8,2.696,3.491,5.71,0.527,4478,472,6.98,3.64,8750.9,0.56,Physics-Calibrated Surrogate (ISO 13790 / ECBC 2017 / ASHRAE 90.1)
Office,Warm & Humid,128.9,3.371,1.702,2.69,0.576,2401,56,5.06,4.69,10189.8,0.664,Physics-Calibrated Surrogate (ISO 13790 / ECBC 2017 / ASHRAE 90.1)
Office,Cold,111.5,4.077,0.706,4.251,0.293,369,2451,4.58,3.54,2404.0,0.383,Physics-Calibrated Surrogate (ISO 13790 / ECBC 2017 / ASHRAE 90.1)
Office,Hot & Dry,120.3,0.902,0.237,2.29,0.692,4082,164,6.71,3.1,9937.2,0.237,Physics-Calibrated Surrogate (ISO 13790 / ECBC 2017 / ASHRAE 90.1)
Office,Cold,138.2,0.76,1.791,2.942,0.636,615,3099,3.92,4.54,4828.3,0.311,Physics-Calibrated Surrogate (ISO 13790 / ECBC 2017 / ASHRAE 90.1)
Office,Warm & Humid,119.9,1.992,2.33,3.624,0.412,3432,9,5.1,4.97,11260.2,0.374,Physics-Calibrated Surrogate (ISO 13790 / ECBC 2017 / ASHRAE 90.1)
Office,Warm & Humid,147.9,2.25,2.151,1.938,0.353,3375,82,5.27,4.04,2368.2,0.79,Physics-Calibrated Surrogate (ISO 13790 / ECBC 2017 / ASHRAE 90.1)
Office,Hot & Dry,177.4,2.486,3.005,4.455,0.585,3348,339,6.3,3.74,1456.7,0.3,Physics-Calibrated Surrogate (ISO 13790 / ECBC 2017 / ASHRAE 90.1)
Office,Hot & Dry,133.4,4.29,0.516,3.323,0.807,3069,304,6.19,3.08,11291.8,0.175,Physics-Calibrated Surrogate (ISO 13790 / ECBC 2017 / ASHRAE 90.1)
Office,Cold,145.5,3.483,1.362,4.596,0.431,383,2355,3.5,2.68,10646.2,0.114,Physics-Calibrated Surrogate (ISO 13790 / ECBC 2017 / ASHRAE 90.1)
Office,Temperate,127.8,2.426,1.366,2.383,0.676,581,493,5.22,3.35,11111.0,0.363,Physics-Calibrated Surrogate (ISO 13790 / ECBC 2017 / ASHRAE 90.1)
Office,Cold,169.4,3.151,2.201,1.873,0.736,450,3309,3.81,3.56,6710.0,0.593,Physics-Calibrated Surrogate (ISO 13790 / ECBC 2017 / ASHRAE 90.1)
Office,Temperate,117.5,3.093,1.044,1.738,0.161,1142,491,4.7,2.77,10959.0,0.686,Physics-Calibrated Surrogate (ISO 13790 / ECBC 2017 / ASHRAE 90.1)
Office,Warm & Humid,111.6,2.207,0.43,4.749,0.183,2539,6,5.08,4.29,8054.4,0.621,Physics-Calibrated Surrogate (ISO 13790 / ECBC 2017 / ASHRAE 90.1)
Office,Composite,140.9,2.937,2.605,3.009,0.655,1555,249,6.12,3.31,6391.3,0.179,Physics-Calibrated Surrogate (ISO 13790 / ECBC 2017 / ASHRAE 90.1)
Office,Composite,145.2,2.226,0.819,4.931,0.26,2215,435,5.28,3.03,11532.2,0.659,Physics-Calibrated Surrogate (ISO 13790 / ECBC 2017 / ASHRAE 90.1)
Office,Composite,142.5,1.048,2.494,1.326,0.637,1504,456,5.71,4.9,7620.3,0.675,Physics-Calibrated Surrogate (ISO 13790 / ECBC 2017 / ASHRAE 90.1)
Office,Hot & Dry,195.6,3.09,3.163,4.542,0.648,4441,140,6.37,3.45,8922.5,0.341,Physics-Calibrated Surrogate (ISO 13790 / ECBC 2017 / ASHRAE 90.1)
Office,Hot & Dry,134.3,1.448,1.147,3.779,0.331,2917,393,6.69,2.68,7108.4,0.159,Physics-Calibrated Surrogate (ISO 13790 / ECBC 2017 / ASHRAE 90.1)
Office,Cold,190.4,2.675,3.17,3.479,0.809,429,3235,4.27,4.73,1968.2,0.662,Physics-Calibrated Surrogate (ISO 13790 / ECBC 2017 / ASHRAE 90.1)
Office,Temperate,113.3,3.549,0.652,3.243,0.274,707,736,4.26,4.16,7275.8,0.605,Physics-Calibrated Surrogate (ISO 13790 / ECBC 2017 / ASHRAE 90.1)
Office,Hot & Dry,108.0,2.226,0.23,3.475,0.209,3899,336,5.85,4.96,3851.1,0.696,Physics-Calibrated Surrogate (ISO 13790 / ECBC 2017 / ASHRAE 90.1)
Office,Temperate,148.7,1.735,1.241,1.361,0.606,815,207,5.24,3.84,11141.3,0.712,Physics-Calibrated Surrogate (ISO 13790 / ECBC 2017 / ASHRAE 90.1)
Office,Warm & Humid,113.0,1.238,0.262,3.513,0.37,2335,73,4.72,2.95,611.2,0.151,Physics-Calibrated Surrogate (ISO 13790 / ECBC 2017 / ASHRAE 90.1)
Office,Cold,163.1,2.789,1.779,4.598,0.666,581,2461,3.78,3.57,4443.7,0.493,Physics-Calibrated Surrogate (ISO 13790 / ECBC 2017 / ASHRAE 90.1)
Office,Temperate,97.8,1.413,0.891,2.101,0.241,1187,355,4.29,4.83,4238.1,0.263,Physics-Calibrated Surrogate (ISO 13790 / ECBC 2017 / ASHRAE 90.1)
Office,Hot & Dry,176.1,2.755,1.251,1.324,0.461,3573,53,6.19,2.76,838.4,0.338,Physics-Calibrated Surrogate (ISO 13790 / ECBC 2017 / ASHRAE 90.1)
Office,Temperate,90.6,2.08,0.199,5.245,0.258,1132,745,5.36,4.65,11173.5,0.267,Physics-Calibrated Surrogate (ISO 13790 / ECBC 2017 / ASHRAE 90.1)
Office,Composite,108.4,0.432,1.393,1.994,0.327,2235,615,6.04,4.69,793.8,0.384,Physics-Calibrated Surrogate (ISO 13790 / ECBC 2017 / ASHRAE 90.1)
Office,Composite,105.7,2.594,0.946,4.324,0.494,1215,376,5.63,4.43,2134.2,0.282,Physics-Calibrated Surrogate (ISO 13790 / ECBC 2017 / ASHRAE 90.1)
Office,Hot & Dry,191.1,4.418,3.227,4.497,0.448,3782,259,5.63,2.98,2934.2,0.157,Physics-Calibrated Surrogate (ISO 13790 / ECBC 2017 / ASHRAE 90.1)
Office,Cold,136.4,1.901,2.558,5.266,0.154,504,1691,4.11,4.83,6766.0,0.441,Physics-Calibrated Surrogate (ISO 13790 / ECBC 2017 / ASHRAE 90.1)
Office,Cold,154.6,3.061,3.065,5.305,0.601,427,2388,4.92,3.81,2542.6,0.211,Physics-Calibrated Surrogate (ISO 13790 / ECBC 2017 / ASHRAE 90.1)
Office,Cold,174.4,2.701,3.292,1.235,0.551,497,3135,4.53,4.29,5025.0,0.775,Physics-Calibrated Surrogate (ISO 13790 / ECBC 2017 / ASHRAE 90.1)
Office,Hot & Dry,155.4,1.201,0.803,1.573,0.707,2822,360,5.84,3.31,8841.5,0.471,Physics-Calibrated Surrogate (ISO 13790 / ECBC 2017 / ASHRAE 90.1)
Office,Hot & Dry,208.0,2.032,0.94,5.03,0.585,4118,95,6.51,2.59,3854.2,0.42,Physics-Calibrated Surrogate (ISO 13790 / ECBC 2017 / ASHRAE 90.1)
Office,Hot & Dry,141.5,3.978,1.69,2.167,0.756,3590,227,6.55,3.54,9076.1,0.277,Physics-Calibrated Surrogate (ISO 13790 / ECBC 2017 / ASHRAE 90.1)
Office,Temperate,131.5,1.601,0.253,1.89,0.543,603,404,5.27,2.89,11681.4,0.371,Physics-Calibrated Surrogate (ISO 13790 / ECBC 2017 / ASHRAE 90.1)
Office,Composite,179.0,3.832,2.702,2.828,0.848,1859,541,5.54,3.59,7684.5,0.63,Physics-Calibrated Surrogate (ISO 13790 / ECBC 2017 / ASHRAE 90.1)
Office,Temperate,119.0,0.524,2.457,1.54,0.292,1159,131,4.37,2.73,1896.6,0.297,Physics-Calibrated Surrogate (ISO 13790 / ECBC 2017 / ASHRAE 90.1)
Office,Composite,100.2,1.413,0.406,4.781,0.199,1697,147,6.03,3.89,10573.2,0.223,Physics-Calibrated Surrogate (ISO 13790 / ECBC 2017 / ASHRAE 90.1)
Office,Warm & Humid,249.1,2.702,3.068,4.169,0.812,3410,132,5.79,3.2,9203.0,0.686,Physics-Calibrated Surrogate (ISO 13790 / ECBC 2017 / ASHRAE 90.1)
Office,Composite,138.0,2.282,3.007,4.169,0.181,1931,254,6.17,3.86,6178.3,0.373,Physics-Calibrated Surrogate (ISO 13790 / ECBC 2017 / ASHRAE 90.1)
Office,Hot & Dry,256.5,3.569,2.577,4.423,0.542,4484,78,6.5,2.65,5437.9,0.694,Physics-Calibrated Surrogate (ISO 13790 / ECBC 2017 / ASHRAE 90.1)
Office,Temperate,154.4,3.154,0.941,2.934,0.505,617,564,4.59,3.82,3191.7,0.681,Physics-Calibrated Surrogate (ISO 13790 / ECBC 2017 / ASHRAE 90.1)
Office,Temperate,103.4,3.038,1.123,5.68,0.466,532,153,5.13,2.78,2882.6,0.211,Physics-Calibrated Surrogate (ISO 13790 / ECBC 2017 / ASHRAE 90.1)
Office,Warm & Humid,133.7,2.167,0.191,1.812,0.745,3183,13,5.75,4.95,5231.5,0.343,Physics-Calibrated Surrogate (ISO 13790 / ECBC 2017 / ASHRAE 90.1)
Office,Hot & Dry,159.5,2.676,1.147,3.889,0.458,3811,60,6.83,3.26,11722.1,0.49,Physics-Calibrated Surrogate (ISO 13790 / ECBC 2017 / ASHRAE 90.1)
Office,Hot & Dry,182.8,2.069,2.945,3.391,0.841,3377,117,6.4,3.6,7498.6,0.372,Physics-Calibrated Surrogate (ISO 13790 / ECBC 2017 / ASHRAE 90.1)
Office,Cold,167.6,1.485,2.077,3.273,0.545,376,2295,4.95,2.89,11338.3,0.798,Physics-Calibrated Surrogate (ISO 13790 / ECBC 2017 / ASHRAE 90.1)
Office,Hot & Dry,130.1,3.8,1.315,1.358,0.342,3575,86,5.9,4.97,1916.3,0.368,Physics-Calibrated Surrogate (ISO 13790 / ECBC 2017 / ASHRAE 90.1)
Office,Temperate,94.9,1.764,2.106,5.205,0.338,301,214,5.21,2.8,6706.6,0.204,Physics-Calibrated Surrogate (ISO 13790 / ECBC 2017 / ASHRAE 90.1)
Office,Cold,150.9,2.59,0.97,5.299,0.227,141,3170,3.89,2.6,5090.6,0.515,Physics-Calibrated Surrogate (ISO 13790 / ECBC 2017 / ASHRAE 90.1)
Office,Temperate,134.9,2.893,2.076,2.026,0.453,475,151,4.86,3.36,11445.4,0.589,Physics-Calibrated Surrogate (ISO 13790 / ECBC 2017 / ASHRAE 90.1)
Office,Temperate,117.7,3.301,2.01,1.701,0.802,301,249,4.25,3.63,8774.1,0.296,Physics-Calibrated Surrogate (ISO 13790 / ECBC 2017 / ASHRAE 90.1)
Office,Cold,177.1,2.149,1.457,4.294,0.633,685,2920,4.01,2.61,2804.1,0.48,Physics-Calibrated Surrogate (ISO 13790 / ECBC 2017 / ASHRAE 90.1)
Office,Warm & Humid,104.9,0.667,0.218,4.509,0.457,2920,81,4.57,4.47,11956.8,0.616,Physics-Calibrated Surrogate (ISO 13790 / ECBC 2017 / ASHRAE 90.1)
Office,Temperate,123.6,2.737,2.435,2.752,0.417,316,211,4.44,4.34,9495.2,0.769,Physics-Calibrated Surrogate (ISO 13790 / ECBC 2017 / ASHRAE 90.1)
Office,Warm & Humid,167.1,2.888,3.191,4.491,0.637,2577,119,5.18,3.97,10665.6,0.486,Physics-Calibrated Surrogate (ISO 13790 / ECBC 2017 / ASHRAE 90.1)
Office,Cold,125.3,1.646,0.806,4.94,0.741,660,2473,4.56,3.15,911.4,0.112,Physics-Calibrated Surrogate (ISO 13790 / ECBC 2017 / ASHRAE 90.1)
Office,Composite,143.4,1.921,1.288,4.119,0.564,1306,364,5.72,3.23,5278.0,0.542,Physics-Calibrated Surrogate (ISO 13790 / ECBC 2017 / ASHRAE 90.1)
Office,Warm & Humid,113.9,1.323,0.799,3.511,0.451,3324,56,5.32,4.32,11017.1,0.125,Physics-Calibrated Surrogate (ISO 13790 / ECBC 2017 / ASHRAE 90.1)
Office,Temperate,139.7,1.869,2.775,3.255,0.755,709,388,4.45,4.26,3807.1,0.788,Physics-Calibrated Surrogate (ISO 13790 / ECBC 2017 / ASHRAE 90.1)
Office,Hot & Dry,204.0,3.017,3.4,2.785,0.395,4197,236,6.46,3.86,9084.3,0.749,Physics-Calibrated Surrogate (ISO 13790 / ECBC 2017 / ASHRAE 90.1)
Office,Temperate,148.9,1.045,0.195,3.121,0.616,746,673,5.48,3.77,5860.6,0.625,Physics-Calibrated Surrogate (ISO 13790 / ECBC 2017 / ASHRAE 90.1)
Office,Composite,118.2,2.751,1.32,5.08,0.403,2176,431,5.52,3.15,11804.7,0.141,Physics-Calibrated Surrogate (ISO 13790 / ECBC 2017 / ASHRAE 90.1)
Office,Composite,161.6,0.538,2.12,4.679,0.439,2353,856,5.72,3.55,3425.1,0.402,Physics-Calibrated Surrogate (ISO 13790 / ECBC 2017 / ASHRAE 90.1)
Office,Warm & Humid,133.6,0.608,2.16,3.622,0.511,2294,10,5.13,4.68,6586.4,0.764,Physics-Calibrated Surrogate (ISO 13790 / ECBC 2017 / ASHRAE 90.1)
Office,Composite,127.1,0.982,0.561,5.642,0.347,2741,114,4.99,4.77,10216.9,0.433,Physics-Calibrated Surrogate (ISO 13790 / ECBC 2017 / ASHRAE 90.1)
Office,Warm & Humid,150.8,4.063,0.95,2.117,0.497,3397,21,5.06,4.75,5719.1,0.716,Physics-Calibrated Surrogate (ISO 13790 / ECBC 2017 / ASHRAE 90.1)
Office,Warm & Humid,142.3,4.316,2.712,3.064,0.674,3145,10,4.99,4.87,6316.5,0.555,Physics-Calibrated Surrogate (ISO 13790 / ECBC 2017 / ASHRAE 90.1)
Office,Hot & Dry,202.8,1.432,2.156,3.242,0.568,3508,485,6.57,3.23,6496.0,0.578,Physics-Calibrated Surrogate (ISO 13790 / ECBC 2017 / ASHRAE 90.1)
Office,Temperate,112.9,4.186,0.887,2.627,0.2,504,123,4.89,3.75,11300.8,0.608,Physics-Calibrated Surrogate (ISO 13790 / ECBC 2017 / ASHRAE 90.1)
Office,Warm & Humid,152.0,0.989,1.309,4.972,0.419,2288,119,4.67,4.02,1287.1,0.413,Physics-Calibrated Surrogate (ISO 13790 / ECBC 2017 / ASHRAE 90.1)
Office,Composite,110.7,3.13,0.295,5.054,0.269,2169,628,5.74,4.24,9164.7,0.272,Physics-Calibrated Surrogate (ISO 13790 / ECBC 2017 / ASHRAE 90.1)
Office,Composite,114.2,1.738,2.051,2.511,0.415,2068,811,5.04,4.54,8888.6,0.266,Physics-Calibrated Surrogate (ISO 13790 / ECBC 2017 / ASHRAE 90.1)
Office,Warm & Humid,127.9,1.905,2.319,5.645,0.507,2417,107,5.53,4.97,952.2,0.402,Physics-Calibrated Surrogate (ISO 13790 / ECBC 2017 / ASHRAE 90.1)
Office,Composite,133.9,2.739,3.345,4.192,0.621,1478,440,5.66,2.95,11447.6,0.317,Physics-Calibrated Surrogate (ISO 13790 / ECBC 2017 / ASHRAE 90.1)
Office,Composite,146.2,2.588,3.247,3.833,0.199,1301,631,5.44,3.88,1222.8,0.734,Physics-Calibrated Surrogate (ISO 13790 / ECBC 2017 / ASHRAE 90.1)
Office,Temperate,135.7,2.319,3.247,4.511,0.228,1085,274,4.84,2.94,10534.5,0.483,Physics-Calibrated Surrogate (ISO 13790 / ECBC 2017 / ASHRAE 90.1)
Office,Temperate,168.5,0.756,3.37,4.651,0.592,1079,670,5.02,3.29,5549.8,0.576,Physics-Calibrated Surrogate (ISO 13790 / ECBC 2017 / ASHRAE 90.1)
Office,Warm & Humid,127.4,1.959,1.571,2.314,0.379,3048,43,5.77,4.96,5930.3,0.376,Physics-Calibrated Surrogate (ISO 13790 / ECBC 2017 / ASHRAE 90.1)
Office,Warm & Humid,127.6,0.846,2.475,5.42,0.658,2798,4,4.92,2.69,6523.1,0.18,Physics-Calibrated Surrogate (ISO 13790 / ECBC 2017 / ASHRAE 90.1)
Office,Hot & Dry,122.8,0.738,0.155,3.275,0.259,3022,303,6.27,4.34,2721.9,0.708,Physics-Calibrated Surrogate (ISO 13790 / ECBC 2017 / ASHRAE 90.1)
Office,Hot & Dry,126.3,2.421,2.49,3.698,0.617,3237,188,6.6,4.54,10281.0,0.134,Physics-Calibrated Surrogate (ISO 13790 / ECBC 2017 / ASHRAE 90.1)
Office,Hot & Dry,241.6,2.927,2.293,5.578,0.838,3749,492,6.2,4.13,5516.4,0.697,Physics-Calibrated Surrogate (ISO 13790 / ECBC 2017 / ASHRAE 90.1)
Office,Composite,147.6,3.335,2.441,5.632,0.301,2460,608,5.7,3.88,9402.5,0.382,Physics-Calibrated Surrogate (ISO 13790 / ECBC 2017 / ASHRAE 90.1)
Office,Hot & Dry,164.6,2.267,1.536,3.859,0.33,3050,382,5.78,3.38,5919.2,0.722,Physics-Calibrated Surrogate (ISO 13790 / ECBC 2017 / ASHRAE 90.1)
Office,Warm & Humid,114.9,1.769,2.152,1.853,0.604,3106,30,5.51,4.66,3443.5,0.205,Physics-Calibrated Surrogate (ISO 13790 / ECBC 2017 / ASHRAE 90.1)
Office,Temperate,156.5,0.703,1.475,3.568,0.729,766,527,4.39,2.69,7470.4,0.442,Physics-Calibrated Surrogate (ISO 13790 / ECBC 2017 / ASHRAE 90.1)
Office,Hot & Dry,161.1,2.804,3.034,2.192,0.273,2819,424,5.75,3.13,5979.5,0.534,Physics-Calibrated Surrogate (ISO 13790 / ECBC 2017 / ASHRAE 90.1)
Office,Hot & Dry,137.0,3.96,1.863,3.8,0.154,2554,238,5.53,3.04,5048.5,0.759,Physics-Calibrated Surrogate (ISO 13790 / ECBC 2017 / ASHRAE 90.1)
Office,Warm & Humid,147.6,2.767,1.191,5.796,0.674,3026,129,5.67,4.04,8761.1,0.344,Physics-Calibrated Surrogate (ISO 13790 / ECBC 2017 / ASHRAE 90.1)
Office,Warm & Humid,160.2,0.653,3.115,2.437,0.321,2343,103,5.01,3.24,11200.5,0.538,Physics-Calibrated Surrogate (ISO 13790 / ECBC 2017 / ASHRAE 90.1)
Office,Hot & Dry,176.1,3.587,2.374,4.343,0.487,4261,291,5.97,4.17,9493.7,0.223,Physics-Calibrated Surrogate (ISO 13790 / ECBC 2017 / ASHRAE 90.1)
Office,Hot & Dry,138.3,1.175,2.189,4.526,0.412,3392,319,5.81,3.96,5967.1,0.46,Physics-Calibrated Surrogate (ISO 13790 / ECBC 2017 / ASHRAE 90.1)
Office,Composite,159.1,1.402,0.929,2.569,0.459,2203,645,6.08,3.29,11490.0,0.749,Physics-Calibrated Surrogate (ISO 13790 / ECBC 2017 / ASHRAE 90.1)
Office,Warm & Humid,159.0,3.615,1.936,3.859,0.187,2262,92,5.56,3.14,870.1,0.133,Physics-Calibrated Surrogate (ISO 13790 / ECBC 2017 / ASHRAE 90.1)
Office,Cold,110.4,4.479,0.811,1.628,0.203,151,1980,3.84,4.59,9623.2,0.4,Physics-Calibrated Surrogate (ISO 13790 / ECBC 2017 / ASHRAE 90.1)
Office,Warm & Humid,173.2,1.343,1.399,4.627,0.493,2439,11,5.64,2.88,10584.6,0.664,Physics-Calibrated Surrogate (ISO 13790 / ECBC 2017 / ASHRAE 90.1)
Office,Cold,147.9,1.311,2.695,3.796,0.749,372,2821,4.87,4.74,2977.7,0.469,Physics-Calibrated Surrogate (ISO 13790 / ECBC 2017 / ASHRAE 90.1)
Office,Composite,109.4,0.737,1.533,5.633,0.43,1624,493,6.16,3.41,11755.6,0.191,Physics-Calibrated Surrogate (ISO 13790 / ECBC 2017 / ASHRAE 90.1)
Office,Warm & Humid,147.2,3.902,1.872,4.344,0.203,2451,45,5.28,3.62,2371.7,0.484,Physics-Calibrated Surrogate (ISO 13790 / ECBC 2017 / ASHRAE 90.1)
Office,Warm & Humid,160.2,2.428,2.109,1.507,0.606,2741,9,4.87,3.72,1382.8,0.317,Physics-Calibrated Surrogate (ISO 13790 / ECBC 2017 / ASHRAE 90.1)
Office,Hot & Dry,191.4,3.794,2.686,3.584,0.603,3782,484,6.33,3.52,11367.8,0.463,Physics-Calibrated Surrogate (ISO 13790 / ECBC 2017 / ASHRAE 90.1)
Office,Temperate,123.0,0.807,1.862,1.564,0.561,718,404,4.47,2.58,6565.6,0.243,Physics-Calibrated Surrogate (ISO 13790 / ECBC 2017 / ASHRAE 90.1)
Office,Temperate,151.7,0.693,0.828,2.626,0.669,873,610,5.33,2.56,2961.5,0.517,Physics-Calibrated Surrogate (ISO 13790 / ECBC 2017 / ASHRAE 90.1)
Office,Cold,128.2,1.879,3.155,1.279,0.639,557,2108,4.87,4.89,8118.7,0.329,Physics-Calibrated Surrogate (ISO 13790 / ECBC 2017 / ASHRAE 90.1)
Office,Hot & Dry,153.0,2.96,2.874,2.567,0.3,2857,470,5.9,4.17,5461.2,0.365,Physics-Calibrated Surrogate (ISO 13790 / ECBC 2017 / ASHRAE 90.1)
Office,Temperate,120.8,0.684,1.599,2.246,0.328,346,306,5.31,3.76,6491.5,0.535,Physics-Calibrated Surrogate (ISO 13790 / ECBC 2017 / ASHRAE 90.1)
Office,Composite,167.4,1.367,0.921,4.012,0.516,2272,723,5.4,2.52,11686.2,0.492,Physics-Calibrated Surrogate (ISO 13790 / ECBC 2017 / ASHRAE 90.1)
Office,Hot & Dry,203.8,4.229,3.04,2.513,0.26,3735,197,6.49,3.62,1291.0,0.353,Physics-Calibrated Surrogate (ISO 13790 / ECBC 2017 / ASHRAE 90.1)
Office,Cold,114.7,4.092,0.281,3.57,0.184,544,3268,4.9,2.68,7066.6,0.122,Physics-Calibrated Surrogate (ISO 13790 / ECBC 2017 / ASHRAE 90.1)
Office,Cold,161.4,2.267,3.157,3.536,0.632,499,3493,4.55,4.95,9638.8,0.723,Physics-Calibrated Surrogate (ISO 13790 / ECBC 2017 / ASHRAE 90.1)
Office,Warm & Humid,145.3,1.849,0.802,3.258,0.587,3424,35,5.47,2.85,5991.5,0.363,Physics-Calibrated Surrogate (ISO 13790 / ECBC 2017 / ASHRAE 90.1)
Office,Temperate,158.8,2.894,2.897,3.963,0.824,313,197,5.43,4.07,2048.6,0.637,Physics-Calibrated Surrogate (ISO 13790 / ECBC 2017 / ASHRAE 90.1)
Office,Warm & Humid,170.3,2.853,2.717,4.604,0.613,3459,34,4.76,4.57,10730.4,0.738,Physics-Calibrated Surrogate (ISO 13790 / ECBC 2017 / ASHRAE 90.1)
Office,Temperate,97.5,4.376,0.354,1.697,0.504,871,123,4.49,3.82,7649.9,0.513,Physics-Calibrated Surrogate (ISO 13790 / ECBC 2017 / ASHRAE 90.1)
Office,Composite,145.8,3.873,1.137,1.235,0.358,1277,691,5.91,3.2,4581.6,0.768,Physics-Calibrated Surrogate (ISO 13790 / ECBC 2017 / ASHRAE 90.1)
Office,Warm & Humid,126.3,0.69,1.415,2.659,0.525,3206,44,4.59,4.15,5919.9,0.484,Physics-Calibrated Surrogate (ISO 13790 / ECBC 2017 / ASHRAE 90.1)
Office,Composite,188.3,3.936,1.619,2.953,0.803,2785,361,6.04,4.29,5667.4,0.726,Physics-Calibrated Surrogate (ISO 13790 / ECBC 2017 / ASHRAE 90.1)
Office,Hot & Dry,161.8,2.944,2.397,2.867,0.673,2833,52,5.65,4.68,11746.0,0.458,Physics-Calibrated Surrogate (ISO 13790 / ECBC 2017 / ASHRAE 90.1)
Office,Cold,156.8,3.671,2.366,2.694,0.511,599,2293,4.84,3.61,4146.5,0.698,Physics-Calibrated Surrogate (ISO 13790 / ECBC 2017 / ASHRAE 90.1)
Office,Hot & Dry,227.6,2.58,2.554,5.25,0.599,4063,476,6.68,3.45,750.0,0.268,Physics-Calibrated Surrogate (ISO 13790 / ECBC 2017 / ASHRAE 90.1)
Office,Temperate,117.2,0.876,2.069,1.62,0.293,331,720,4.94,2.58,11013.2,0.468,Physics-Calibrated Surrogate (ISO 13790 / ECBC 2017 / ASHRAE 90.1)
Office,Hot & Dry,221.2,0.625,0.901,4.299,0.776,4005,366,6.2,2.58,11228.9,0.604,Physics-Calibrated Surrogate (ISO 13790 / ECBC 2017 / ASHRAE 90.1)
Office,Composite,117.3,0.579,0.3,4.984,0.736,1992,800,5.13,4.32,3423.1,0.1,Physics-Calibrated Surrogate (ISO 13790 / ECBC 2017 / ASHRAE 90.1)
Office,Temperate,109.4,3.0,0.495,5.361,0.548,432,518,5.16,4.45,11036.2,0.42,Physics-Calibrated Surrogate (ISO 13790 / ECBC 2017 / ASHRAE 90.1)
Office,Temperate,122.3,1.518,1.932,4.886,0.482,784,176,4.26,4.11,11495.9,0.397,Physics-Calibrated Surrogate (ISO 13790 / ECBC 2017 / ASHRAE 90.1)
Office,Composite,150.3,2.957,1.331,1.553,0.677,1753,896,4.85,4.32,10061.7,0.695,Physics-Calibrated Surrogate (ISO 13790 / ECBC 2017 / ASHRAE 90.1)
Office,Warm & Humid,152.7,3.327,0.991,1.923,0.345,2667,50,5.14,2.5,4647.7,0.489,Physics-Calibrated Surrogate (ISO 13790 / ECBC 2017 / ASHRAE 90.1)
Office,Composite,123.0,3.613,2.512,2.682,0.382,1511,864,5.11,3.91,11934.4,0.217,Physics-Calibrated Surrogate (ISO 13790 / ECBC 2017 / ASHRAE 90.1)
Office,Hot & Dry,209.9,3.666,2.565,4.419,0.821,2867,278,6.93,3.99,6977.5,0.589,Physics-Calibrated Surrogate (ISO 13790 / ECBC 2017 / ASHRAE 90.1)
Office,Temperate,102.2,4.302,2.063,2.611,0.415,710,344,4.6,4.29,845.7,0.125,Physics-Calibrated Surrogate (ISO 13790 / ECBC 2017 / ASHRAE 90.1)
Office,Composite,155.8,2.963,2.123,5.41,0.779,2558,751,5.78,4.93,3886.0,0.484,Physics-Calibrated Surrogate (ISO 13790 / ECBC 2017 / ASHRAE 90.1)
Office,Warm & Humid,157.5,4.345,1.459,3.043,0.616,3386,50,5.51,4.52,6776.8,0.403,Physics-Calibrated Surrogate (ISO 13790 / ECBC 2017 / ASHRAE 90.1)
Office,Hot & Dry,161.3,0.305,3.278,2.608,0.288,3139,307,5.8,3.17,8322.8,0.255,Physics-Calibrated Surrogate (ISO 13790 / ECBC 2017 / ASHRAE 90.1)
Office,Composite,141.0,1.542,0.544,3.062,0.349,2722,571,4.9,2.57,1105.7,0.305,Physics-Calibrated Surrogate (ISO 13790 / ECBC 2017 / ASHRAE 90.1)
Office,Cold,167.2,3.988,1.657,1.763,0.414,575,3154,5.13,2.84,4839.5,0.533,Physics-Calibrated Surrogate (ISO 13790 / ECBC 2017 / ASHRAE 90.1)
Office,Composite,115.7,1.303,1.03,2.306,0.286,2726,358,4.8,4.6,10533.0,0.411,Physics-Calibrated Surrogate (ISO 13790 / ECBC 2017 / ASHRAE 90.1)
Office,Warm & Humid,114.8,2.748,2.199,4.552,0.683,2558,61,5.54,4.43,6543.7,0.164,Physics-Calibrated Surrogate (ISO 13790 / ECBC 2017 / ASHRAE 90.1)
Office,Composite,114.3,2.509,0.997,1.911,0.295,1724,858,4.97,3.5,8839.1,0.49,Physics-Calibrated Surrogate (ISO 13790 / ECBC 2017 / ASHRAE 90.1)
Office,Cold,142.9,1.708,1.848,4.571,0.289,188,3153,3.9,3.05,5684.9,0.168,Physics-Calibrated Surrogate (ISO 13790 / ECBC 2017 / ASHRAE 90.1)
Office,Warm & Humid,157.0,3.058,2.842,4.135,0.195,2402,64,5.59,3.36,6239.5,0.557,Physics-Calibrated Surrogate (ISO 13790 / ECBC 2017 / ASHRAE 90.1)
Office,Hot & Dry,143.2,3.434,0.556,2.219,0.416,3309,179,5.87,3.4,5199.8,0.461,Physics-Calibrated Surrogate (ISO 13790 / ECBC 2017 / ASHRAE 90.1)
Office,Temperate,110.8,2.12,1.812,5.74,0.359,329,538,4.54,4.04,6098.0,0.423,Physics-Calibrated Surrogate (ISO 13790 / ECBC 2017 / ASHRAE 90.1)
Office,Temperate,95.9,1.846,1.749,3.189,0.658,970,439,4.25,3.99,9875.6,0.19,Physics-Calibrated Surrogate (ISO 13790 / ECBC 2017 / ASHRAE 90.1)
Office,Cold,146.3,1.486,2.107,3.939,0.694,193,3354,3.79,3.76,9652.1,0.101,Physics-Calibrated Surrogate (ISO 13790 / ECBC 2017 / ASHRAE 90.1)
Office,Hot & Dry,130.1,0.361,2.243,1.738,0.689,3541,157,5.72,4.66,8532.9,0.202,Physics-Calibrated Surrogate (ISO 13790 / ECBC 2017 / ASHRAE 90.1)
Office,Hot & Dry,122.4,1.763,2.555,2.2,0.335,2555,409,6.03,4.37,6145.6,0.233,Physics-Calibrated Surrogate (ISO 13790 / ECBC 2017 / ASHRAE 90.1)
Office,Hot & Dry,149.7,1.378,1.639,4.232,0.458,3138,351,6.6,4.24,8474.4,0.655,Physics-Calibrated Surrogate (ISO 13790 / ECBC 2017 / ASHRAE 90.1)
Office,Hot & Dry,186.4,2.191,1.694,3.359,0.767,3897,288,6.46,4.55,2581.3,0.478,Physics-Calibrated Surrogate (ISO 13790 / ECBC 2017 / ASHRAE 90.1)
Office,Cold,116.1,0.489,0.692,1.339,0.663,105,1421,4.04,3.12,2107.4,0.153,Physics-Calibrated Surrogate (ISO 13790 / ECBC 2017 / ASHRAE 90.1)
Office,Warm & Humid,147.5,1.809,1.758,5.642,0.32,3480,131,5.39,4.3,3589.7,0.671,Physics-Calibrated Surrogate (ISO 13790 / ECBC 2017 / ASHRAE 90.1)
Office,Warm & Humid,206.5,1.098,2.567,2.732,0.558,2393,70,5.48,2.6,3009.0,0.659,Physics-Calibrated Surrogate (ISO 13790 / ECBC 2017 / ASHRAE 90.1)
Office,Temperate,122.5,2.982,0.69,5.71,0.643,615,342,4.73,4.38,11790.8,0.366,Physics-Calibrated Surrogate (ISO 13790 / ECBC 2017 / ASHRAE 90.1)
Office,Cold,169.7,2.519,1.419,2.984,0.539,289,2098,5.0,2.85,5216.9,0.53,Physics-Calibrated Surrogate (ISO 13790 / ECBC 2017 / ASHRAE 90.1)
Office,Composite,157.0,0.877,0.369,5.209,0.662,2660,538,6.18,3.29,4541.7,0.551,Physics-Calibrated Surrogate (ISO 13790 / ECBC 2017 / ASHRAE 90.1)
Office,Cold,159.8,1.368,2.851,4.651,0.673,197,3033,3.97,4.89,10419.6,0.79,Physics-Calibrated Surrogate (ISO 13790 / ECBC 2017 / ASHRAE 90.1)
Office,Hot & Dry,171.7,3.579,2.449,3.275,0.444,2619,323,6.22,2.68,6036.5,0.323,Physics-Calibrated Surrogate (ISO 13790 / ECBC 2017 / ASHRAE 90.1)
Office,Warm & Humid,114.9,0.573,1.45,1.87,0.311,2574,71,5.19,4.05,11386.3,0.374,Physics-Calibrated Surrogate (ISO 13790 / ECBC 2017 / ASHRAE 90.1)
Office,Temperate,93.6,4.431,0.838,1.673,0.369,731,267,4.69,4.71,11554.9,0.328,Physics-Calibrated Surrogate (ISO 13790 / ECBC 2017 / ASHRAE 90.1)
Office,Temperate,122.9,2.888,3.077,3.504,0.382,558,536,4.97,4.99,4322.4,0.623,Physics-Calibrated Surrogate (ISO 13790 / ECBC 2017 / ASHRAE 90.1)
Office,Warm & Humid,180.8,0.333,3.238,1.45,0.336,2893,32,5.61,3.79,11213.5,0.751,Physics-Calibrated Surrogate (ISO 13790 / ECBC 2017 / ASHRAE 90.1)
Office,Composite,154.1,3.711,0.762,3.932,0.558,2354,769,5.95,3.82,10624.4,0.695,Physics-Calibrated Surrogate (ISO 13790 / ECBC 2017 / ASHRAE 90.1)
Office,Temperate,137.6,0.616,1.976,4.281,0.809,819,179,5.31,4.35,2110.3,0.381,Physics-Calibrated Surrogate (ISO 13790 / ECBC 2017 / ASHRAE 90.1)
Office,Warm & Humid,163.1,3.219,2.803,2.075,0.662,3493,107,5.41,4.89,1052.3,0.334,Physics-Calibrated Surrogate (ISO 13790 / ECBC 2017 / ASHRAE 90.1)
Office,Warm & Humid,142.2,3.002,1.513,3.468,0.636,3472,131,5.43,4.88,3204.1,0.544,Physics-Calibrated Surrogate (ISO 13790 / ECBC 2017 / ASHRAE 90.1)
Office,Temperate,126.7,3.299,2.805,3.473,0.75,664,339,4.93,3.87,11925.1,0.419,Physics-Calibrated Surrogate (ISO 13790 / ECBC 2017 / ASHRAE 90.1)
Office,Warm & Humid,119.9,3.536,0.287,5.015,0.529,2550,133,5.0,3.82,5682.8,0.109,Physics-Calibrated Surrogate (ISO 13790 / ECBC 2017 / ASHRAE 90.1)
Office,Composite,202.7,3.593,2.766,5.465,0.843,2035,535,5.64,3.95,8107.0,0.729,Physics-Calibrated Surrogate (ISO 13790 / ECBC 2017 / ASHRAE 90.1)
Office,Temperate,107.4,0.582,2.599,3.505,0.408,718,301,5.22,2.76,818.8,0.14,Physics-Calibrated Surrogate (ISO 13790 / ECBC 2017 / ASHRAE 90.1)
Office,Cold,152.0,3.962,0.99,5.148,0.498,473,2275,3.78,3.99,11213.4,0.763,Physics-Calibrated Surrogate (ISO 13790 / ECBC 2017 / ASHRAE 90.1)
Office,Hot & Dry,136.4,3.864,0.717,4.447,0.253,2887,459,6.04,4.46,9880.5,0.67,Physics-Calibrated Surrogate (ISO 13790 / ECBC 2017 / ASHRAE 90.1)
Office,Hot & Dry,155.3,1.819,2.684,2.897,0.651,4250,368,6.13,3.42,5610.4,0.132,Physics-Calibrated Surrogate (ISO 13790 / ECBC 2017 / ASHRAE 90.1)
Office,Composite,209.2,4.286,3.466,3.427,0.478,2265,887,4.95,4.11,878.5,0.526,Physics-Calibrated Surrogate (ISO 13790 / ECBC 2017 / ASHRAE 90.1)
Office,Cold,119.2,2.223,0.205,2.001,0.492,115,1804,4.29,4.56,7855.4,0.419,Physics-Calibrated Surrogate (ISO 13790 / ECBC 2017 / ASHRAE 90.1)
Office,Cold,176.2,0.63,2.561,2.799,0.846,574,1661,3.68,3.26,11520.4,0.698,Physics-Calibrated Surrogate (ISO 13790 / ECBC 2017 / ASHRAE 90.1)
Office,Warm & Humid,149.5,0.641,3.213,3.458,0.464,2872,95,5.42,4.93,1206.2,0.743,Physics-Calibrated Surrogate (ISO 13790 / ECBC 2017 / ASHRAE 90.1)
Office,Hot & Dry,185.6,0.937,2.703,4.331,0.53,3349,256,6.79,4.53,6687.3,0.715,Physics-Calibrated Surrogate (ISO 13790 / ECBC 2017 / ASHRAE 90.1)
Office,Temperate,120.3,4.335,1.737,2.363,0.396,448,641,5.33,4.71,2970.4,0.44,Physics-Calibrated Surrogate (ISO 13790 / ECBC 2017 / ASHRAE 90.1)
Office,Temperate,103.2,0.551,0.209,5.239,0.716,607,714,4.86,3.92,2600.9,0.186,Physics-Calibrated Surrogate (ISO 13790 / ECBC 2017 / ASHRAE 90.1)
Office,Temperate,133.1,0.942,2.101,3.971,0.286,485,365,4.72,2.99,11340.5,0.339,Physics-Calibrated Surrogate (ISO 13790 / ECBC 2017 / ASHRAE 90.1)
Office,Hot & Dry,163.0,3.55,3.1,2.401,0.217,2694,463,6.21,2.84,5502.4,0.306,Physics-Calibrated Surrogate (ISO 13790 / ECBC 2017 / ASHRAE 90.1)
Office,Cold,124.8,1.039,0.682,3.097,0.203,288,2710,4.37,4.39,10298.6,0.549,Physics-Calibrated Surrogate (ISO 13790 / ECBC 2017 / ASHRAE 90.1)
Office,Hot & Dry,185.9,3.67,2.258,4.825,0.638,2769,456,6.26,2.98,8653.0,0.499,Physics-Calibrated Surrogate (ISO 13790 / ECBC 2017 / ASHRAE 90.1)
Office,Temperate,154.3,2.331,1.505,2.907,0.589,1047,671,5.31,2.53,4000.5,0.311,Physics-Calibrated Surrogate (ISO 13790 / ECBC 2017 / ASHRAE 90.1)
Office,Temperate,145.8,1.017,1.193,1.293,0.688,781,336,5.26,3.5,4519.0,0.517,Physics-Calibrated Surrogate (ISO 13790 / ECBC 2017 / ASHRAE 90.1)
Office,Hot & Dry,170.7,3.693,1.011,3.869,0.388,4096,340,6.42,3.82,3156.4,0.489,Physics-Calibrated Surrogate (ISO 13790 / ECBC 2017 / ASHRAE 90.1)
Office,Composite,142.5,3.346,3.007,1.999,0.306,1328,733,6.19,3.72,6983.4,0.677,Physics-Calibrated Surrogate (ISO 13790 / ECBC 2017 / ASHRAE 90.1)
Office,Temperate,153.5,1.638,2.738,5.669,0.81,513,246,4.23,3.16,5654.7,0.528,Physics-Calibrated Surrogate (ISO 13790 / ECBC 2017 / ASHRAE 90.1)
Office,Warm & Humid,122.2,3.12,2.86,5.377,0.72,2561,39,5.25,4.93,2110.0,0.213,Physics-Calibrated Surrogate (ISO 13790 / ECBC 2017 / ASHRAE 90.1)
Office,Cold,165.4,3.08,1.998,2.46,0.707,532,2163,4.89,2.93,3575.7,0.46,Physics-Calibrated Surrogate (ISO 13790 / ECBC 2017 / ASHRAE 90.1)
Office,Temperate,106.9,1.071,0.183,3.37,0.45,636,458,4.67,3.08,8012.8,0.264,Physics-Calibrated Surrogate (ISO 13790 / ECBC 2017 / ASHRAE 90.1)
Office,Cold,121.9,0.332,0.319,4.006,0.588,175,1921,4.47,4.7,11963.5,0.701,Physics-Calibrated Surrogate (ISO 13790 / ECBC 2017 / ASHRAE 90.1)
Office,Hot & Dry,119.7,2.566,0.682,3.486,0.213,3255,135,6.71,4.85,11112.5,0.266,Physics-Calibrated Surrogate (ISO 13790 / ECBC 2017 / ASHRAE 90.1)
Office,Composite,122.0,1.554,1.873,3.069,0.181,1948,815,5.91,4.89,1213.5,0.157,Physics-Calibrated Surrogate (ISO 13790 / ECBC 2017 / ASHRAE 90.1)
Office,Hot & Dry,138.6,2.218,0.22,1.917,0.697,3661,407,5.51,4.41,1134.2,0.235,Physics-Calibrated Surrogate (ISO 13790 / ECBC 2017 / ASHRAE 90.1)
Office,Composite,190.3,4.253,2.246,1.883,0.626,2137,250,5.88,2.76,4573.5,0.586,Physics-Calibrated Surrogate (ISO 13790 / ECBC 2017 / ASHRAE 90.1)
Office,Warm & Humid,173.4,4.093,0.22,3.383,0.802,2241,46,5.0,3.49,1155.6,0.367,Physics-Calibrated Surrogate (ISO 13790 / ECBC 2017 / ASHRAE 90.1)
Office,Warm & Humid,155.4,0.747,0.857,2.903,0.716,2956,85,4.52,3.17,7512.8,0.745,Physics-Calibrated Surrogate (ISO 13790 / ECBC 2017 / ASHRAE 90.1)
Office,Composite,129.3,1.844,2.77,1.966,0.184,1255,306,6.12,3.49,6948.6,0.561,Physics-Calibrated Surrogate (ISO 13790 / ECBC 2017 / ASHRAE 90.1)
Office,Warm & Humid,156.9,3.52,2.529,4.59,0.223,2580,18,4.54,4.23,1170.0,0.573,Physics-Calibrated Surrogate (ISO 13790 / ECBC 2017 / ASHRAE 90.1)
Office,Warm & Humid,172.0,2.098,1.033,4.7,0.522,2722,146,4.9,2.67,5180.6,0.502,Physics-Calibrated Surrogate (ISO 13790 / ECBC 2017 / ASHRAE 90.1)
Office,Hot & Dry,114.9,0.431,1.059,2.204,0.185,2712,328,6.89,3.73,1825.9,0.323,Physics-Calibrated Surrogate (ISO 13790 / ECBC 2017 / ASHRAE 90.1)
Office,Temperate,87.6,0.922,0.309,4.15,0.195,929,122,5.3,4.33,5114.1,0.401,Physics-Calibrated Surrogate (ISO 13790 / ECBC 2017 / ASHRAE 90.1)
Office,Hot & Dry,157.6,0.925,2.575,2.059,0.667,2532,84,6.16,3.7,9694.9,0.423,Physics-Calibrated Surrogate (ISO 13790 / ECBC 2017 / ASHRAE 90.1)
Office,Composite,156.7,2.811,1.381,4.443,0.669,2511,494,5.25,4.24,1532.7,0.376,Physics-Calibrated Surrogate (ISO 13790 / ECBC 2017 / ASHRAE 90.1)
Office,Temperate,119.0,1.705,3.391,2.841,0.248,787,632,4.21,3.5,6885.2,0.753,Physics-Calibrated Surrogate (ISO 13790 / ECBC 2017 / ASHRAE 90.1)
Office,Composite,170.0,1.605,3.457,2.56,0.778,1709,678,5.55,3.26,776.8,0.278,Physics-Calibrated Surrogate (ISO 13790 / ECBC 2017 / ASHRAE 90.1)
Office,Warm & Humid,180.0,3.286,1.851,4.079,0.64,2730,91,5.09,3.13,9373.9,0.69,Physics-Calibrated Surrogate (ISO 13790 / ECBC 2017 / ASHRAE 90.1)
Office,Temperate,149.8,3.081,1.983,5.256,0.464,321,483,4.8,2.65,8562.3,0.616,Physics-Calibrated Surrogate (ISO 13790 / ECBC 2017 / ASHRAE 90.1)
Office,Temperate,116.7,3.701,2.908,4.46,0.242,378,695,4.24,4.17,11245.3,0.203,Physics-Calibrated Surrogate (ISO 13790 / ECBC 2017 / ASHRAE 90.1)
Office,Composite,147.2,4.047,3.062,5.79,0.56,2316,619,5.38,4.38,5592.9,0.158,Physics-Calibrated Surrogate (ISO 13790 / ECBC 2017 / ASHRAE 90.1)
Office,Composite,128.4,3.309,3.168,1.792,0.336,2707,484,6.17,4.8,8531.5,0.392,Physics-Calibrated Surrogate (ISO 13790 / ECBC 2017 / ASHRAE 90.1)
Office,Warm & Humid,155.2,4.225,0.652,3.131,0.788,2884,80,4.99,3.37,3752.0,0.449,Physics-Calibrated Surrogate (ISO 13790 / ECBC 2017 / ASHRAE 90.1)
Office,Cold,150.4,4.432,1.603,3.435,0.362,184,1447,4.16,3.29,10218.6,0.792,Physics-Calibrated Surrogate (ISO 13790 / ECBC 2017 / ASHRAE 90.1)
Office,Cold,191.9,3.704,1.23,3.527,0.675,542,3042,4.71,2.98,6667.5,0.729,Physics-Calibrated Surrogate (ISO 13790 / ECBC 2017 / ASHRAE 90.1)
Office,Composite,192.1,3.962,3.408,4.711,0.576,1461,586,6.08,3.41,8828.2,0.671,Physics-Calibrated Surrogate (ISO 13790 / ECBC 2017 / ASHRAE 90.1)
Office,Temperate,124.1,2.761,2.79,4.563,0.316,975,380,4.45,3.59,7525.6,0.667,Physics-Calibrated Surrogate (ISO 13790 / ECBC 2017 / ASHRAE 90.1)
Office,Cold,134.4,1.673,2.259,4.237,0.664,184,2108,3.59,4.74,4796.6,0.605,Physics-Calibrated Surrogate (ISO 13790 / ECBC 2017 / ASHRAE 90.1)
Office,Cold,170.0,3.46,2.634,1.384,0.623,404,3424,5.0,4.1,8560.5,0.395,Physics-Calibrated Surrogate (ISO 13790 / ECBC 2017 / ASHRAE 90.1)
Office,Temperate,142.2,4.144,1.076,2.936,0.612,1107,466,4.43,3.32,1447.0,0.717,Physics-Calibrated Surrogate (ISO 13790 / ECBC 2017 / ASHRAE 90.1)
Office,Warm & Humid,161.5,2.817,1.87,2.016,0.546,2723,53,4.58,3.6,5119.2,0.792,Physics-Calibrated Surrogate (ISO 13790 / ECBC 2017 / ASHRAE 90.1)
Office,Warm & Humid,135.4,3.529,2.689,4.285,0.464,3192,96,4.81,4.73,7109.2,0.492,Physics-Calibrated Surrogate (ISO 13790 / ECBC 2017 / ASHRAE 90.1)
Office,Temperate,145.8,3.74,1.366,2.094,0.406,1198,605,5.06,3.04,4581.6,0.235,Physics-Calibrated Surrogate (ISO 13790 / ECBC 2017 / ASHRAE 90.1)
Office,Warm & Humid,127.6,0.519,0.483,4.428,0.408,2357,71,5.4,4.18,4250.7,0.53,Physics-Calibrated Surrogate (ISO 13790 / ECBC 2017 / ASHRAE 90.1)
Office,Hot & Dry,122.4,1.831,0.643,2.808,0.307,3887,262,6.1,4.49,2907.5,0.576,Physics-Calibrated Surrogate (ISO 13790 / ECBC 2017 / ASHRAE 90.1)
Office,Cold,154.6,1.088,2.753,5.462,0.721,495,2620,4.1,4.36,11937.3,0.41,Physics-Calibrated Surrogate (ISO 13790 / ECBC 2017 / ASHRAE 90.1)
Office,Temperate,137.5,3.12,1.702,5.023,0.219,1110,798,4.48,2.86,2480.2,0.147,Physics-Calibrated Surrogate (ISO 13790 / ECBC 2017 / ASHRAE 90.1)
Office,Cold,212.9,2.604,2.789,4.228,0.51,298,2700,4.01,2.72,1422.6,0.758,Physics-Calibrated Surrogate (ISO 13790 / ECBC 2017 / ASHRAE 90.1)
Office,Warm & Humid,171.0,3.177,2.4,1.886,0.392,2732,78,5.04,2.61,7734.8,0.648,Physics-Calibrated Surrogate (ISO 13790 / ECBC 2017 / ASHRAE 90.1)
Office,Composite,197.9,3.78,0.591,5.44,0.465,2289,772,5.57,3.43,1037.9,0.782,Physics-Calibrated Surrogate (ISO 13790 / ECBC 2017 / ASHRAE 90.1)
Office,Cold,218.0,2.616,2.87,3.646,0.397,385,3254,4.64,3.11,661.9,0.541,Physics-Calibrated Surrogate (ISO 13790 / ECBC 2017 / ASHRAE 90.1)
Office,Warm & Humid,200.3,2.266,0.865,5.499,0.708,3100,67,4.87,2.64,4678.9,0.701,Physics-Calibrated Surrogate (ISO 13790 / ECBC 2017 / ASHRAE 90.1)
Office,Hot & Dry,164.6,3.575,0.951,2.382,0.365,4367,428,5.74,4.0,3227.4,0.585,Physics-Calibrated Surrogate (ISO 13790 / ECBC 2017 / ASHRAE 90.1)
Office,Temperate,143.2,3.526,0.847,2.967,0.531,654,393,4.76,4.03,4966.7,0.772,Physics-Calibrated Surrogate (ISO 13790 / ECBC 2017 / ASHRAE 90.1)
Office,Hot & Dry,158.9,3.57,3.354,2.426,0.337,3502,314,6.26,4.72,10325.9,0.626,Physics-Calibrated Surrogate (ISO 13790 / ECBC 2017 / ASHRAE 90.1)
Office,Composite,157.8,3.117,1.81,5.399,0.576,1724,162,4.94,2.6,4367.9,0.437,Physics-Calibrated Surrogate (ISO 13790 / ECBC 2017 / ASHRAE 90.1)
Office,Cold,226.7,3.021,2.529,4.126,0.812,497,2682,4.04,3.02,4340.5,0.688,Physics-Calibrated Surrogate (ISO 13790 / ECBC 2017 / ASHRAE 90.1)
Office,Cold,137.5,1.889,2.703,3.613,0.159,623,2467,3.87,4.34,11556.9,0.474,Physics-Calibrated Surrogate (ISO 13790 / ECBC 2017 / ASHRAE 90.1)
Office,Composite,138.7,0.782,2.171,2.927,0.397,2277,868,6.14,4.57,3074.9,0.42,Physics-Calibrated Surrogate (ISO 13790 / ECBC 2017 / ASHRAE 90.1)
Office,Temperate,139.5,1.753,2.22,3.452,0.827,454,635,4.27,4.87,10656.3,0.689,Physics-Calibrated Surrogate (ISO 13790 / ECBC 2017 / ASHRAE 90.1)
Office,Temperate,110.9,1.017,0.857,4.714,0.645,1191,707,5.19,4.04,645.1,0.12,Physics-Calibrated Surrogate (ISO 13790 / ECBC 2017 / ASHRAE 90.1)
Office,Composite,147.5,4.251,2.664,1.206,0.686,2508,568,5.32,4.35,4811.9,0.193,Physics-Calibrated Surrogate (ISO 13790 / ECBC 2017 / ASHRAE 90.1)
Office,Hot & Dry,181.7,0.946,3.421,2.313,0.652,2784,178,6.18,2.86,9446.8,0.398,Physics-Calibrated Surrogate (ISO 13790 / ECBC 2017 / ASHRAE 90.1)
Office,Cold,123.0,0.562,3.068,2.052,0.308,191,3281,3.77,4.15,6928.6,0.565,Physics-Calibrated Surrogate (ISO 13790 / ECBC 2017 / ASHRAE 90.1)
Office,Composite,141.3,0.869,1.403,4.928,0.548,1249,797,4.98,2.77,9766.0,0.532,Physics-Calibrated Surrogate (ISO 13790 / ECBC 2017 / ASHRAE 90.1)
Office,Warm & Humid,158.8,2.72,2.047,2.405,0.575,2967,140,5.07,3.94,5483.4,0.734,Physics-Calibrated Surrogate (ISO 13790 / ECBC 2017 / ASHRAE 90.1)
Office,Composite,158.7,0.416,2.865,2.58,0.239,2742,462,6.19,2.78,8079.2,0.656,Physics-Calibrated Surrogate (ISO 13790 / ECBC 2017 / ASHRAE 90.1)
Office,Warm & Humid,184.5,1.141,2.888,4.623,0.752,2780,13,5.37,3.04,11628.1,0.398,Physics-Calibrated Surrogate (ISO 13790 / ECBC 2017 / ASHRAE 90.1)
Office,Hot & Dry,176.9,2.592,1.698,5.344,0.785,2690,261,6.31,4.55,1514.7,0.388,Physics-Calibrated Surrogate (ISO 13790 / ECBC 2017 / ASHRAE 90.1)
Office,Temperate,140.3,3.849,2.875,4.226,0.721,905,324,5.3,3.94,5791.2,0.516,Physics-Calibrated Surrogate (ISO 13790 / ECBC 2017 / ASHRAE 90.1)
Office,Composite,141.0,1.69,2.537,3.551,0.262,2365,562,4.86,4.74,3042.3,0.419,Physics-Calibrated Surrogate (ISO 13790 / ECBC 2017 / ASHRAE 90.1)
Office,Hot & Dry,136.4,2.246,1.616,5.135,0.185,4389,233,6.42,4.7,4351.1,0.575,Physics-Calibrated Surrogate (ISO 13790 / ECBC 2017 / ASHRAE 90.1)
Office,Hot & Dry,153.6,2.638,1.039,5.602,0.321,3533,52,5.63,4.76,4531.8,0.738,Physics-Calibrated Surrogate (ISO 13790 / ECBC 2017 / ASHRAE 90.1)
Office,Temperate,141.2,1.981,3.127,3.614,0.757,1023,140,5.26,4.07,10116.2,0.352,Physics-Calibrated Surrogate (ISO 13790 / ECBC 2017 / ASHRAE 90.1)
Office,Cold,155.8,2.948,2.549,4.219,0.744,658,1413,3.97,3.24,6273.7,0.511,Physics-Calibrated Surrogate (ISO 13790 / ECBC 2017 / ASHRAE 90.1)
Office,Composite,116.6,0.962,0.942,2.883,0.706,1251,587,5.74,4.34,9103.4,0.232,Physics-Calibrated Surrogate (ISO 13790 / ECBC 2017 / ASHRAE 90.1)
Office,Temperate,84.7,0.906,1.26,3.887,0.642,563,316,4.48,3.47,9491.3,0.295,Physics-Calibrated Surrogate (ISO 13790 / ECBC 2017 / ASHRAE 90.1)
Office,Hot & Dry,172.2,1.996,2.744,3.987,0.496,3919,444,6.88,4.78,2888.9,0.523,Physics-Calibrated Surrogate (ISO 13790 / ECBC 2017 / ASHRAE 90.1)
Office,Warm & Humid,142.5,4.33,2.604,1.709,0.298,3462,99,5.31,4.94,5549.6,0.441,Physics-Calibrated Surrogate (ISO 13790 / ECBC 2017 / ASHRAE 90.1)
Office,Hot & Dry,169.6,3.439,2.654,3.582,0.61,3305,192,6.16,3.78,4224.5,0.317,Physics-Calibrated Surrogate (ISO 13790 / ECBC 2017 / ASHRAE 90.1)
Office,Warm & Humid,115.9,2.359,0.975,3.534,0.249,2912,45,5.13,4.23,4886.5,0.682,Physics-Calibrated Surrogate (ISO 13790 / ECBC 2017 / ASHRAE 90.1)
Office,Cold,132.7,3.488,2.156,5.621,0.284,358,3026,4.84,4.86,7672.8,0.687,Physics-Calibrated Surrogate (ISO 13790 / ECBC 2017 / ASHRAE 90.1)
Office,Temperate,131.2,4.49,3.417,5.645,0.394,429,636,4.36,4.98,6711.2,0.528,Physics-Calibrated Surrogate (ISO 13790 / ECBC 2017 / ASHRAE 90.1)
Office,Hot & Dry,142.5,3.404,1.411,5.356,0.348,2633,446,6.64,4.92,5556.9,0.699,Physics-Calibrated Surrogate (ISO 13790 / ECBC 2017 / ASHRAE 90.1)
Office,Composite,145.0,1.799,1.994,4.45,0.629,2730,600,5.81,3.79,2129.7,0.427,Physics-Calibrated Surrogate (ISO 13790 / ECBC 2017 / ASHRAE 90.1)
Office,Cold,105.6,3.857,1.248,4.429,0.182,143,1718,3.94,3.46,9048.1,0.352,Physics-Calibrated Surrogate (ISO 13790 / ECBC 2017 / ASHRAE 90.1)
Office,Temperate,140.4,4.363,2.867,1.556,0.649,660,386,4.8,3.84,9985.6,0.59,Physics-Calibrated Surrogate (ISO 13790 / ECBC 2017 / ASHRAE 90.1)
Office,Hot & Dry,159.1,2.4,3.128,3.289,0.344,3370,239,6.79,4.79,7586.3,0.75,Physics-Calibrated Surrogate (ISO 13790 / ECBC 2017 / ASHRAE 90.1)
Office,Hot & Dry,151.5,1.599,2.032,5.393,0.464,3173,403,6.63,4.2,11159.5,0.621,Physics-Calibrated Surrogate (ISO 13790 / ECBC 2017 / ASHRAE 90.1)
Office,Temperate,128.2,1.213,0.899,2.465,0.561,428,597,4.58,4.15,2037.2,0.64,Physics-Calibrated Surrogate (ISO 13790 / ECBC 2017 / ASHRAE 90.1)
Office,Cold,151.2,0.48,0.812,2.758,0.706,377,1728,5.11,4.47,2631.4,0.595,Physics-Calibrated Surrogate (ISO 13790 / ECBC 2017 / ASHRAE 90.1)
Office,Temperate,110.7,0.82,1.643,4.964,0.692,858,458,4.41,3.09,4339.2,0.12,Physics-Calibrated Surrogate (ISO 13790 / ECBC 2017 / ASHRAE 90.1)
Office,Warm & Humid,135.8,2.739,2.468,5.294,0.762,2265,55,5.46,4.94,11629.6,0.18,Physics-Calibrated Surrogate (ISO 13790 / ECBC 2017 / ASHRAE 90.1)
Office,Warm & Humid,140.2,1.377,0.338,4.951,0.584,3014,29,4.83,4.9,9909.7,0.79,Physics-Calibrated Surrogate (ISO 13790 / ECBC 2017 / ASHRAE 90.1)
Office,Temperate,109.6,1.381,3.251,1.849,0.828,425,654,4.75,3.76,5371.1,0.213,Physics-Calibrated Surrogate (ISO 13790 / ECBC 2017 / ASHRAE 90.1)
Office,Cold,165.1,4.038,1.944,2.476,0.766,620,2808,4.91,3.85,10593.2,0.55,Physics-Calibrated Surrogate (ISO 13790 / ECBC 2017 / ASHRAE 90.1)
Office,Hot & Dry,161.5,1.329,2.739,1.505,0.282,3139,50,6.59,3.4,684.9,0.206,Physics-Calibrated Surrogate (ISO 13790 / ECBC 2017 / ASHRAE 90.1)
Office,Temperate,103.2,2.196,1.439,4.801,0.262,575,130,5.47,4.94,1160.0,0.197,Physics-Calibrated Surrogate (ISO 13790 / ECBC 2017 / ASHRAE 90.1)
Office,Warm & Humid,155.1,3.432,0.775,2.283,0.705,2654,52,5.25,2.73,1174.2,0.205,Physics-Calibrated Surrogate (ISO 13790 / ECBC 2017 / ASHRAE 90.1)
Office,Warm & Humid,168.6,0.741,3.469,2.569,0.209,2566,69,4.62,2.51,10715.8,0.737,Physics-Calibrated Surrogate (ISO 13790 / ECBC 2017 / ASHRAE 90.1)
Office,Cold,125.9,4.25,0.462,2.608,0.474,682,3031,4.72,3.74,4526.9,0.614,Physics-Calibrated Surrogate (ISO 13790 / ECBC 2017 / ASHRAE 90.1)
Office,Temperate,162.9,3.122,1.796,4.798,0.496,906,639,4.76,2.78,9255.1,0.675,Physics-Calibrated Surrogate (ISO 13790 / ECBC 2017 / ASHRAE 90.1)
Office,Warm & Humid,154.8,1.349,1.708,3.793,0.85,2874,56,5.57,4.11,9470.7,0.459,Physics-Calibrated Surrogate (ISO 13790 / ECBC 2017 / ASHRAE 90.1)
Office,Composite,155.0,0.586,2.437,1.415,0.325,2281,362,5.49,3.38,11938.9,0.42,Physics-Calibrated Surrogate (ISO 13790 / ECBC 2017 / ASHRAE 90.1)
Office,Warm & Humid,196.7,2.398,2.525,2.207,0.683,3448,66,5.3,4.3,5231.5,0.745,Physics-Calibrated Surrogate (ISO 13790 / ECBC 2017 / ASHRAE 90.1)
Office,Hot & Dry,178.9,1.136,2.293,4.164,0.262,4007,359,5.5,3.1,6324.3,0.747,Physics-Calibrated Surrogate (ISO 13790 / ECBC 2017 / ASHRAE 90.1)
Office,Cold,137.1,0.508,3.103,2.779,0.749,546,1477,4.38,4.25,2046.4,0.462,Physics-Calibrated Surrogate (ISO 13790 / ECBC 2017 / ASHRAE 90.1)
Office,Cold,155.7,3.498,0.42,4.237,0.34,400,1754,5.06,3.11,4950.7,0.792,Physics-Calibrated Surrogate (ISO 13790 / ECBC 2017 / ASHRAE 90.1)
Office,Composite,139.4,0.817,1.403,4.242,0.606,2083,585,4.8,4.65,10451.8,0.676,Physics-Calibrated Surrogate (ISO 13790 / ECBC 2017 / ASHRAE 90.1)
Office,Hot & Dry,154.4,3.215,3.048,4.893,0.603,2699,291,5.53,4.62,11110.8,0.667,Physics-Calibrated Surrogate (ISO 13790 / ECBC 2017 / ASHRAE 90.1)
Office,Hot & Dry,224.0,2.168,2.583,4.339,0.245,3629,435,5.6,2.86,1414.2,0.632,Physics-Calibrated Surrogate (ISO 13790 / ECBC 2017 / ASHRAE 90.1)
Office,Warm & Humid,118.9,1.266,1.555,1.759,0.223,2734,141,4.52,4.74,3813.8,0.106,Physics-Calibrated Surrogate (ISO 13790 / ECBC 2017 / ASHRAE 90.1)
Office,Hot & Dry,143.9,2.435,1.879,2.411,0.614,4241,285,5.79,4.86,11842.1,0.111,Physics-Calibrated Surrogate (ISO 13790 / ECBC 2017 / ASHRAE 90.1)
Office,Cold,107.4,3.274,1.257,2.029,0.507,615,1364,4.46,3.76,11141.6,0.118,Physics-Calibrated Surrogate (ISO 13790 / ECBC 2017 / ASHRAE 90.1)
Office,Cold,127.3,0.924,0.165,5.663,0.81,529,2171,4.19,3.71,5201.3,0.322,Physics-Calibrated Surrogate (ISO 13790 / ECBC 2017 / ASHRAE 90.1)
Office,Cold,144.9,1.445,2.355,2.875,0.642,171,1781,5.15,4.21,8044.5,0.461,Physics-Calibrated Surrogate (ISO 13790 / ECBC 2017 / ASHRAE 90.1)
Office,Composite,161.7,3.329,2.345,1.96,0.844,1258,877,5.35,3.66,11487.8,0.407,Physics-Calibrated Surrogate (ISO 13790 / ECBC 2017 / ASHRAE 90.1)
Office,Temperate,123.4,0.454,2.827,1.835,0.306,1128,201,5.36,3.94,9613.6,0.626,Physics-Calibrated Surrogate (ISO 13790 / ECBC 2017 / ASHRAE 90.1)
Office,Temperate,137.6,2.012,2.733,3.189,0.798,919,519,5.07,3.76,11472.3,0.331,Physics-Calibrated Surrogate (ISO 13790 / ECBC 2017 / ASHRAE 90.1)
Office,Cold,137.0,3.771,1.982,2.66,0.67,495,2003,5.19,4.36,9159.4,0.386,Physics-Calibrated Surrogate (ISO 13790 / ECBC 2017 / ASHRAE 90.1)
Office,Cold,180.7,3.322,3.155,1.892,0.421,457,3005,4.9,3.66,8300.3,0.687,Physics-Calibrated Surrogate (ISO 13790 / ECBC 2017 / ASHRAE 90.1)
Office,Cold,135.1,0.514,3.206,5.263,0.83,584,2467,4.02,4.29,7606.1,0.293,Physics-Calibrated Surrogate (ISO 13790 / ECBC 2017 / ASHRAE 90.1)
Office,Hot & Dry,168.6,4.242,1.99,3.985,0.648,2602,383,5.52,3.3,11789.2,0.445,Physics-Calibrated Surrogate (ISO 13790 / ECBC 2017 / ASHRAE 90.1)
Office,Composite,148.1,3.133,0.388,3.939,0.304,2017,339,5.66,3.26,1099.3,0.171,Physics-Calibrated Surrogate (ISO 13790 / ECBC 2017 / ASHRAE 90.1)
Office,Composite,151.6,0.505,2.805,4.416,0.333,2280,743,5.95,4.32,7847.1,0.765,Physics-Calibrated Surrogate (ISO 13790 / ECBC 2017 / ASHRAE 90.1)
Office,Temperate,178.1,1.441,3.176,5.794,0.794,871,560,5.13,4.44,6747.9,0.68,Physics-Calibrated Surrogate (ISO 13790 / ECBC 2017 / ASHRAE 90.1)
Office,Warm & Humid,199.0,3.373,2.935,4.173,0.545,3100,101,5.09,3.43,6527.0,0.493,Physics-Calibrated Surrogate (ISO 13790 / ECBC 2017 / ASHRAE 90.1)
Office,Temperate,121.8,3.501,3.343,5.733,0.445,994,472,5.32,4.88,999.9,0.4,Physics-Calibrated Surrogate (ISO 13790 / ECBC 2017 / ASHRAE 90.1)
Office,Cold,123.6,4.069,1.667,3.066,0.178,546,1226,4.41,3.41,4365.4,0.332,Physics-Calibrated Surrogate (ISO 13790 / ECBC 2017 / ASHRAE 90.1)
Office,Temperate,114.5,3.38,1.362,2.057,0.382,1040,133,4.85,3.91,6188.7,0.222,Physics-Calibrated Surrogate (ISO 13790 / ECBC 2017 / ASHRAE 90.1)
Office,Temperate,107.2,3.631,0.889,4.183,0.168,962,274,4.7,4.62,10126.3,0.616,Physics-Calibrated Surrogate (ISO 13790 / ECBC 2017 / ASHRAE 90.1)
Office,Temperate,117.9,1.643,1.702,1.876,0.4,1120,576,5.0,4.64,9710.2,0.385,Physics-Calibrated Surrogate (ISO 13790 / ECBC 2017 / ASHRAE 90.1)
Office,Hot & Dry,245.8,1.028,0.637,5.409,0.767,2892,180,5.69,2.58,5135.4,0.798,Physics-Calibrated Surrogate (ISO 13790 / ECBC 2017 / ASHRAE 90.1)
Office,Composite,161.5,2.189,3.237,3.776,0.182,2088,825,4.86,3.52,3195.3,0.378,Physics-Calibrated Surrogate (ISO 13790 / ECBC 2017 / ASHRAE 90.1)
Office,Composite,143.9,1.743,1.562,4.91,0.783,2195,617,5.03,4.48,2582.2,0.5,Physics-Calibrated Surrogate (ISO 13790 / ECBC 2017 / ASHRAE 90.1)
Office,Composite,172.5,3.825,2.704,4.516,0.848,2250,496,5.5,3.15,7176.5,0.33,Physics-Calibrated Surrogate (ISO 13790 / ECBC 2017 / ASHRAE 90.1)
Office,Hot & Dry,194.4,2.801,2.914,3.709,0.304,3129,360,5.97,3.34,2346.7,0.727,Physics-Calibrated Surrogate (ISO 13790 / ECBC 2017 / ASHRAE 90.1)
Office,Warm & Humid,120.2,4.348,1.475,1.321,0.307,2813,105,5.77,4.86,11955.7,0.434,Physics-Calibrated Surrogate (ISO 13790 / ECBC 2017 / ASHRAE 90.1)
Office,Warm & Humid,146.4,3.91,2.13,5.35,0.632,2284,72,4.6,4.93,3793.6,0.162,Physics-Calibrated Surrogate (ISO 13790 / ECBC 2017 / ASHRAE 90.1)
Office,Hot & Dry,150.1,3.603,0.79,4.191,0.29,4243,271,6.77,3.96,7912.0,0.661,Physics-Calibrated Surrogate (ISO 13790 / ECBC 2017 / ASHRAE 90.1)
Office,Warm & Humid,130.6,1.066,2.716,2.257,0.353,2273,63,5.27,4.8,11032.7,0.685,Physics-Calibrated Surrogate (ISO 13790 / ECBC 2017 / ASHRAE 90.1)
Office,Cold,136.9,0.363,2.791,4.941,0.305,364,2209,3.7,2.88,5272.0,0.29,Physics-Calibrated Surrogate (ISO 13790 / ECBC 2017 / ASHRAE 90.1)
Office,Composite,167.7,3.565,2.096,2.519,0.664,2259,660,5.81,3.97,8638.0,0.474,Physics-Calibrated Surrogate (ISO 13790 / ECBC 2017 / ASHRAE 90.1)
Office,Temperate,138.1,3.918,3.175,5.301,0.716,1185,524,5.11,4.55,4182.0,0.324,Physics-Calibrated Surrogate (ISO 13790 / ECBC 2017 / ASHRAE 90.1)
Office,Hot & Dry,141.1,1.862,2.576,3.5,0.549,3215,159,6.68,4.28,9344.2,0.345,Physics-Calibrated Surrogate (ISO 13790 / ECBC 2017 / ASHRAE 90.1)
Office,Hot & Dry,180.0,0.525,1.858,2.893,0.524,4107,428,6.26,3.56,4434.6,0.498,Physics-Calibrated Surrogate (ISO 13790 / ECBC 2017 / ASHRAE 90.1)
Office,Composite,138.4,2.526,0.588,1.83,0.691,2565,488,6.11,4.64,11538.4,0.444,Physics-Calibrated Surrogate (ISO 13790 / ECBC 2017 / ASHRAE 90.1)
Office,Warm & Humid,127.2,1.386,1.369,5.217,0.269,2543,140,5.73,3.05,7382.6,0.197,Physics-Calibrated Surrogate (ISO 13790 / ECBC 2017 / ASHRAE 90.1)
Office,Temperate,138.5,2.109,3.259,3.6,0.284,1124,171,4.41,3.17,3037.4,0.265,Physics-Calibrated Surrogate (ISO 13790 / ECBC 2017 / ASHRAE 90.1)
Office,Hot & Dry,142.9,3.938,0.35,4.539,0.385,4422,470,6.52,4.21,7097.3,0.785,Physics-Calibrated Surrogate (ISO 13790 / ECBC 2017 / ASHRAE 90.1)
Office,Temperate,151.1,1.762,2.234,5.646,0.41,1045,476,5.12,2.58,10729.9,0.297,Physics-Calibrated Surrogate (ISO 13790 / ECBC 2017 / ASHRAE 90.1)
Office,Hot & Dry,195.8,1.726,0.564,4.17,0.848,3787,467,5.57,3.08,3862.7,0.707,Physics-Calibrated Surrogate (ISO 13790 / ECBC 2017 / ASHRAE 90.1)
Office,Warm & Humid,192.6,2.118,2.028,5.399,0.549,3420,108,4.68,3.02,8044.1,0.663,Physics-Calibrated Surrogate (ISO 13790 / ECBC 2017 / ASHRAE 90.1)
Office,Warm & Humid,144.9,1.693,3.271,5.209,0.481,3124,2,5.8,3.38,8004.2,0.361,Physics-Calibrated Surrogate (ISO 13790 / ECBC 2017 / ASHRAE 90.1)
Office,Warm & Humid,123.8,1.211,0.171,4.102,0.58,3072,39,4.9,2.97,5494.4,0.279,Physics-Calibrated Surrogate (ISO 13790 / ECBC 2017 / ASHRAE 90.1)
Office,Hot & Dry,205.7,3.413,2.184,2.541,0.798,3737,288,6.12,3.88,4657.9,0.617,Physics-Calibrated Surrogate (ISO 13790 / ECBC 2017 / ASHRAE 90.1)
Office,Temperate,107.3,2.452,1.764,4.656,0.347,331,599,4.65,3.05,10557.7,0.135,Physics-Calibrated Surrogate (ISO 13790 / ECBC 2017 / ASHRAE 90.1)
Office,Composite,125.3,0.861,0.927,3.176,0.65,1794,478,4.96,2.83,4814.7,0.137,Physics-Calibrated Surrogate (ISO 13790 / ECBC 2017 / ASHRAE 90.1)
Office,Cold,144.1,4.298,1.476,4.033,0.774,672,2492,4.25,4.58,8090.8,0.785,Physics-Calibrated Surrogate (ISO 13790 / ECBC 2017 / ASHRAE 90.1)
Office,Temperate,141.4,1.158,2.561,2.53,0.628,397,510,5.14,4.16,11652.4,0.703,Physics-Calibrated Surrogate (ISO 13790 / ECBC 2017 / ASHRAE 90.1)
Office,Composite,166.8,3.319,1.792,4.655,0.511,2761,259,4.9,2.72,4503.0,0.258,Physics-Calibrated Surrogate (ISO 13790 / ECBC 2017 / ASHRAE 90.1)
Office,Temperate,112.7,4.066,2.031,3.674,0.335,849,210,4.63,4.59,8998.2,0.276,Physics-Calibrated Surrogate (ISO 13790 / ECBC 2017 / ASHRAE 90.1)
Office,Hot & Dry,156.5,0.546,1.979,4.421,0.849,3633,214,6.59,3.4,8474.1,0.243,Physics-Calibrated Surrogate (ISO 13790 / ECBC 2017 / ASHRAE 90.1)
Office,Temperate,127.3,4.277,1.152,2.605,0.487,634,798,4.33,4.8,3596.4,0.499,Physics-Calibrated Surrogate (ISO 13790 / ECBC 2017 / ASHRAE 90.1)
Office,Cold,147.7,1.524,1.867,3.974,0.465,461,1368,3.78,2.98,5755.7,0.66,Physics-Calibrated Surrogate (ISO 13790 / ECBC 2017 / ASHRAE 90.1)
Office,Temperate,140.3,1.813,1.361,2.469,0.836,1041,748,5.5,4.68,5747.6,0.397,Physics-Calibrated Surrogate (ISO 13790 / ECBC 2017 / ASHRAE 90.1)
Office,Warm & Humid,165.4,4.297,0.526,5.034,0.559,2724,23,5.19,2.87,6059.9,0.583,Physics-Calibrated Surrogate (ISO 13790 / ECBC 2017 / ASHRAE 90.1)
Office,Composite,115.4,3.268,1.397,4.978,0.405,2636,463,5.31,3.43,3464.9,0.128,Physics-Calibrated Surrogate (ISO 13790 / ECBC 2017 / ASHRAE 90.1)
Office,Warm & Humid,103.9,2.687,0.163,2.637,0.296,2620,51,5.65,4.14,7286.6,0.268,Physics-Calibrated Surrogate (ISO 13790 / ECBC 2017 / ASHRAE 90.1)
Office,Hot & Dry,122.1,0.791,0.666,5.043,0.628,3320,295,5.57,3.71,4078.0,0.256,Physics-Calibrated Surrogate (ISO 13790 / ECBC 2017 / ASHRAE 90.1)
Office,Warm & Humid,126.2,0.577,0.293,3.082,0.653,2706,98,5.59,3.01,4877.4,0.145,Physics-Calibrated Surrogate (ISO 13790 / ECBC 2017 / ASHRAE 90.1)
Office,Warm & Humid,175.3,4.407,1.58,3.002,0.475,2213,55,5.11,2.69,4372.2,0.533,Physics-Calibrated Surrogate (ISO 13790 / ECBC 2017 / ASHRAE 90.1)
Office,Cold,170.6,3.449,1.592,3.304,0.5,639,2522,4.16,4.15,5760.8,0.793,Physics-Calibrated Surrogate (ISO 13790 / ECBC 2017 / ASHRAE 90.1)
Office,Temperate,135.0,0.831,0.328,4.731,0.616,1137,563,4.77,3.75,3594.1,0.59,Physics-Calibrated Surrogate (ISO 13790 / ECBC 2017 / ASHRAE 90.1)
Office,Hot & Dry,150.1,2.074,1.78,3.934,0.326,4060,113,5.86,2.91,7115.5,0.307,Physics-Calibrated Surrogate (ISO 13790 / ECBC 2017 / ASHRAE 90.1)
Office,Temperate,204.1,3.278,3.403,4.124,0.824,864,386,5.36,2.9,8508.2,0.729,Physics-Calibrated Surrogate (ISO 13790 / ECBC 2017 / ASHRAE 90.1)
Office,Cold,125.1,3.025,1.206,4.488,0.833,611,1320,4.21,4.74,2938.5,0.465,Physics-Calibrated Surrogate (ISO 13790 / ECBC 2017 / ASHRAE 90.1)
Office,Warm & Humid,113.6,4.452,2.529,3.594,0.423,2265,6,5.64,3.8,11159.8,0.117,Physics-Calibrated Surrogate (ISO 13790 / ECBC 2017 / ASHRAE 90.1)
Office,Cold,166.7,1.085,2.017,4.179,0.779,582,2255,4.47,3.63,2823.9,0.582,Physics-Calibrated Surrogate (ISO 13790 / ECBC 2017 / ASHRAE 90.1)
Office,Temperate,123.8,3.446,0.83,5.167,0.39,1092,521,4.28,4.87,7478.9,0.666,Physics-Calibrated Surrogate (ISO 13790 / ECBC 2017 / ASHRAE 90.1)
Office,Hot & Dry,149.2,1.788,2.955,3.629,0.171,4068,111,6.26,4.96,3239.1,0.489,Physics-Calibrated Surrogate (ISO 13790 / ECBC 2017 / ASHRAE 90.1)
Office,Cold,122.7,1.818,2.269,1.205,0.481,322,3458,3.71,4.74,10369.8,0.275,Physics-Calibrated Surrogate (ISO 13790 / ECBC 2017 / ASHRAE 90.1)
Office,Cold,130.8,3.15,2.919,2.447,0.531,137,2045,3.94,4.93,4235.1,0.752,Physics-Calibrated Surrogate (ISO 13790 / ECBC 2017 / ASHRAE 90.1)
Office,Composite,146.9,1.769,1.736,4.813,0.308,1846,670,5.36,3.04,7689.3,0.658,Physics-Calibrated Surrogate (ISO 13790 / ECBC 2017 / ASHRAE 90.1)
Office,Composite,144.1,2.749,0.333,1.588,0.292,2144,337,6.13,2.86,4605.9,0.632,Physics-Calibrated Surrogate (ISO 13790 / ECBC 2017 / ASHRAE 90.1)
Office,Temperate,95.4,4.477,2.741,4.542,0.403,469,461,5.15,3.86,11236.0,0.246,Physics-Calibrated Surrogate (ISO 13790 / ECBC 2017 / ASHRAE 90.1)
Office,Temperate,111.6,2.91,0.751,2.171,0.154,406,659,4.76,4.28,5690.7,0.693,Physics-Calibrated Surrogate (ISO 13790 / ECBC 2017 / ASHRAE 90.1)
Office,Hot & Dry,160.1,1.338,2.916,2.636,0.339,4162,180,5.74,4.75,6269.8,0.747,Physics-Calibrated Surrogate (ISO 13790 / ECBC 2017 / ASHRAE 90.1)
Office,Composite,151.8,4.052,0.773,1.773,0.502,1724,881,4.86,3.18,9708.8,0.681,Physics-Calibrated Surrogate (ISO 13790 / ECBC 2017 / ASHRAE 90.1)
Office,Composite,182.6,1.648,2.517,5.203,0.699,2017,298,4.89,3.83,1507.9,0.402,Physics-Calibrated Surrogate (ISO 13790 / ECBC 2017 / ASHRAE 90.1)
Office,Composite,127.8,0.688,1.853,3.216,0.272,2156,886,5.16,2.94,1488.8,0.292,Physics-Calibrated Surrogate (ISO 13790 / ECBC 2017 / ASHRAE 90.1)
Office,Composite,163.6,1.401,3.195,5.571,0.338,1798,613,4.89,4.39,7323.5,0.767,Physics-Calibrated Surrogate (ISO 13790 / ECBC 2017 / ASHRAE 90.1)
Office,Hot & Dry,132.5,0.74,1.902,3.834,0.347,4230,331,6.71,4.98,10857.9,0.579,Physics-Calibrated Surrogate (ISO 13790 / ECBC 2017 / ASHRAE 90.1)
Office,Temperate,138.6,2.492,3.342,3.978,0.574,676,464,4.41,2.82,6043.9,0.424,Physics-Calibrated Surrogate (ISO 13790 / ECBC 2017 / ASHRAE 90.1)
Office,Hot & Dry,158.6,1.062,2.466,1.571,0.18,3636,189,6.27,3.2,10140.4,0.79,Physics-Calibrated Surrogate (ISO 13790 / ECBC 2017 / ASHRAE 90.1)
Office,Cold,134.7,3.903,2.175,1.976,0.445,491,2356,5.06,4.82,4667.2,0.315,Physics-Calibrated Surrogate (ISO 13790 / ECBC 2017 / ASHRAE 90.1)
Office,Warm & Humid,146.2,3.869,1.246,2.762,0.777,2883,131,5.07,3.56,10734.5,0.427,Physics-Calibrated Surrogate (ISO 13790 / ECBC 2017 / ASHRAE 90.1)
Office,Temperate,128.1,4.084,3.088,1.415,0.363,387,240,5.19,3.61,1529.4,0.445,Physics-Calibrated Surrogate (ISO 13790 / ECBC 2017 / ASHRAE 90.1)
Office,Temperate,117.3,2.325,2.624,5.622,0.232,1153,357,4.44,4.27,4486.4,0.564,Physics-Calibrated Surrogate (ISO 13790 / ECBC 2017 / ASHRAE 90.1)
Office,Composite,166.9,3.416,3.407,3.956,0.319,2607,422,5.25,3.32,4432.8,0.73,Physics-Calibrated Surrogate (ISO 13790 / ECBC 2017 / ASHRAE 90.1)
Office,Warm & Humid,107.4,0.926,0.224,2.207,0.225,2661,80,5.37,4.46,6604.3,0.37,Physics-Calibrated Surrogate (ISO 13790 / ECBC 2017 / ASHRAE 90.1)
Office,Hot & Dry,125.9,4.058,0.302,2.128,0.676,3798,154,6.72,4.27,7165.8,0.265,Physics-Calibrated Surrogate (ISO 13790 / ECBC 2017 / ASHRAE 90.1)
Office,Hot & Dry,198.9,1.58,2.333,4.605,0.702,4498,355,5.95,4.99,3498.1,0.724,Physics-Calibrated Surrogate (ISO 13790 / ECBC 2017 / ASHRAE 90.1)
Office,Warm & Humid,155.9,2.14,2.07,4.63,0.691,2742,98,4.69,4.8,10998.1,0.568,Physics-Calibrated Surrogate (ISO 13790 / ECBC 2017 / ASHRAE 90.1)
Office,Cold,146.1,4.002,0.385,2.56,0.635,331,2416,3.68,2.59,6955.5,0.563,Physics-Calibrated Surrogate (ISO 13790 / ECBC 2017 / ASHRAE 90.1)
Office,Cold,127.6,3.644,0.432,3.614,0.296,414,3272,4.68,2.67,6333.0,0.269,Physics-Calibrated Surrogate (ISO 13790 / ECBC 2017 / ASHRAE 90.1)
Office,Warm & Humid,137.3,2.953,2.083,3.139,0.568,3483,11,5.47,4.87,8869.6,0.387,Physics-Calibrated Surrogate (ISO 13790 / ECBC 2017 / ASHRAE 90.1)
Office,Warm & Humid,133.0,3.763,3.456,2.581,0.233,2432,65,5.65,4.33,9324.6,0.503,Physics-Calibrated Surrogate (ISO 13790 / ECBC 2017 / ASHRAE 90.1)
Office,Temperate,106.4,1.801,2.481,5.585,0.824,808,599,4.63,3.89,5814.0,0.155,Physics-Calibrated Surrogate (ISO 13790 / ECBC 2017 / ASHRAE 90.1)
Office,Cold,104.8,0.565,0.401,2.358,0.275,574,1730,3.58,4.44,10066.5,0.317,Physics-Calibrated Surrogate (ISO 13790 / ECBC 2017 / ASHRAE 90.1)
Office,Cold,110.4,2.966,0.875,1.734,0.775,484,2341,4.62,4.1,10219.0,0.158,Physics-Calibrated Surrogate (ISO 13790 / ECBC 2017 / ASHRAE 90.1)
Office,Composite,120.7,2.877,0.983,2.583,0.579,2653,750,5.16,4.86,2687.8,0.421,Physics-Calibrated Surrogate (ISO 13790 / ECBC 2017 / ASHRAE 90.1)
Office,Composite,192.4,3.69,1.679,5.095,0.842,2652,336,5.31,2.68,3630.9,0.418,Physics-Calibrated Surrogate (ISO 13790 / ECBC 2017 / ASHRAE 90.1)
Office,Composite,199.1,3.112,3.205,5.673,0.498,1637,683,5.24,3.09,2624.0,0.752,Physics-Calibrated Surrogate (ISO 13790 / ECBC 2017 / ASHRAE 90.1)
Office,Hot & Dry,151.3,2.854,2.301,4.26,0.41,3821,382,6.56,4.51,965.1,0.136,Physics-Calibrated Surrogate (ISO 13790 / ECBC 2017 / ASHRAE 90.1)
Office,Hot & Dry,190.4,4.085,2.281,3.669,0.674,2622,76,6.85,3.09,6579.7,0.471,Physics-Calibrated Surrogate (ISO 13790 / ECBC 2017 / ASHRAE 90.1)
Office,Temperate,140.4,2.092,1.537,4.78,0.348,382,634,4.98,2.96,1534.4,0.317,Physics-Calibrated Surrogate (ISO 13790 / ECBC 2017 / ASHRAE 90.1)
Office,Cold,145.5,3.037,1.57,2.249,0.199,543,2871,4.97,3.84,7651.0,0.672,Physics-Calibrated Surrogate (ISO 13790 / ECBC 2017 / ASHRAE 90.1)
Office,Temperate,122.6,1.483,0.198,1.744,0.764,1191,600,4.63,4.59,10012.9,0.638,Physics-Calibrated Surrogate (ISO 13790 / ECBC 2017 / ASHRAE 90.1)
Office,Warm & Humid,107.9,1.527,1.928,1.759,0.152,3489,21,5.37,4.79,5186.6,0.209,Physics-Calibrated Surrogate (ISO 13790 / ECBC 2017 / ASHRAE 90.1)
Office,Temperate,124.1,2.885,0.385,5.562,0.552,391,665,5.27,3.77,4333.2,0.408,Physics-Calibrated Surrogate (ISO 13790 / ECBC 2017 / ASHRAE 90.1)
Office,Hot & Dry,136.7,1.685,1.933,1.597,0.311,3662,144,6.44,4.42,10603.7,0.511,Physics-Calibrated Surrogate (ISO 13790 / ECBC 2017 / ASHRAE 90.1)
Office,Cold,109.5,1.711,2.975,1.326,0.311,333,2029,4.84,4.76,3647.2,0.285,Physics-Calibrated Surrogate (ISO 13790 / ECBC 2017 / ASHRAE 90.1)
Office,Cold,132.2,3.805,2.733,4.944,0.513,126,1259,5.02,4.78,3445.5,0.394,Physics-Calibrated Surrogate (ISO 13790 / ECBC 2017 / ASHRAE 90.1)
Office,Hot & Dry,255.8,0.641,2.976,2.549,0.608,3048,391,6.56,2.6,6702.6,0.698,Physics-Calibrated Surrogate (ISO 13790 / ECBC 2017 / ASHRAE 90.1)
Office,Warm & Humid,137.0,1.472,3.33,2.853,0.153,2686,144,5.58,4.45,4220.8,0.277,Physics-Calibrated Surrogate (ISO 13790 / ECBC 2017 / ASHRAE 90.1)
Office,Hot & Dry,149.1,4.074,0.967,2.515,0.236,4366,311,6.41,4.4,6259.0,0.368,Physics-Calibrated Surrogate (ISO 13790 / ECBC 2017 / ASHRAE 90.1)
Office,Composite,157.8,1.765,2.69,1.355,0.536,1382,758,5.87,4.92,4615.7,0.661,Physics-Calibrated Surrogate (ISO 13790 / ECBC 2017 / ASHRAE 90.1)
Office,Warm & Humid,156.5,0.774,3.322,3.639,0.348,2702,30,5.64,3.38,7038.6,0.37,Physics-Calibrated Surrogate (ISO 13790 / ECBC 2017 / ASHRAE 90.1)
Office,Warm & Humid,139.0,1.101,1.664,5.526,0.697,2272,100,4.65,2.83,7417.1,0.381,Physics-Calibrated Surrogate (ISO 13790 / ECBC 2017 / ASHRAE 90.1)
Office,Composite,128.8,1.875,0.524,3.114,0.703,1942,669,6.11,3.6,6385.6,0.102,Physics-Calibrated Surrogate (ISO 13790 / ECBC 2017 / ASHRAE 90.1)
Office,Temperate,110.0,1.812,0.485,1.391,0.336,625,564,4.81,2.95,3563.2,0.764,Physics-Calibrated Surrogate (ISO 13790 / ECBC 2017 / ASHRAE 90.1)
Office,Temperate,121.6,1.443,3.038,1.368,0.455,438,334,4.26,2.79,4440.0,0.116,Physics-Calibrated Surrogate (ISO 13790 / ECBC 2017 / ASHRAE 90.1)
Office,Cold,130.8,2.072,1.579,5.426,0.553,192,1972,4.09,4.27,11360.6,0.596,Physics-Calibrated Surrogate (ISO 13790 / ECBC 2017 / ASHRAE 90.1)
Office,Composite,136.5,2.921,0.848,4.852,0.814,2693,476,5.81,4.73,7490.0,0.451,Physics-Calibrated Surrogate (ISO 13790 / ECBC 2017 / ASHRAE 90.1)
Office,Warm & Humid,85.5,2.463,0.291,1.519,0.155,2388,107,5.21,4.78,11156.4,0.475,Physics-Calibrated Surrogate (ISO 13790 / ECBC 2017 / ASHRAE 90.1)
Office,Cold,150.4,1.903,1.183,4.044,0.504,555,3093,4.16,3.31,7066.7,0.436,Physics-Calibrated Surrogate (ISO 13790 / ECBC 2017 / ASHRAE 90.1)
Office,Warm & Humid,133.1,3.551,0.4,5.03,0.176,2747,128,4.84,3.13,3250.1,0.719,Physics-Calibrated Surrogate (ISO 13790 / ECBC 2017 / ASHRAE 90.1)
Office,Composite,128.0,1.921,1.632,3.609,0.24,1678,300,5.67,3.4,2191.9,0.481,Physics-Calibrated Surrogate (ISO 13790 / ECBC 2017 / ASHRAE 90.1)
Office,Warm & Humid,106.4,1.141,0.324,3.216,0.715,2901,36,4.68,3.96,4918.7,0.181,Physics-Calibrated Surrogate (ISO 13790 / ECBC 2017 / ASHRAE 90.1)
Office,Composite,154.7,2.194,0.542,2.955,0.313,2646,493,5.91,2.75,4117.0,0.651,Physics-Calibrated Surrogate (ISO 13790 / ECBC 2017 / ASHRAE 90.1)
Office,Temperate,133.4,2.801,2.571,5.62,0.433,896,467,5.46,2.56,1471.6,0.148,Physics-Calibrated Surrogate (ISO 13790 / ECBC 2017 / ASHRAE 90.1)
Office,Hot & Dry,130.9,0.471,3.411,1.569,0.42,2825,221,6.54,4.12,11436.4,0.173,Physics-Calibrated Surrogate (ISO 13790 / ECBC 2017 / ASHRAE 90.1)
Office,Cold,188.2,0.98,2.47,5.685,0.578,364,1817,4.99,2.93,9117.2,0.701,Physics-Calibrated Surrogate (ISO 13790 / ECBC 2017 / ASHRAE 90.1)
Office,Hot & Dry,203.8,4.439,3.288,3.482,0.322,4354,440,6.73,3.96,1936.4,0.784,Physics-Calibrated Surrogate (ISO 13790 / ECBC 2017 / ASHRAE 90.1)
Office,Warm & Humid,156.5,3.272,3.129,2.529,0.52,2220,37,5.0,3.42,5774.5,0.54,Physics-Calibrated Surrogate (ISO 13790 / ECBC 2017 / ASHRAE 90.1)
Office,Warm & Humid,152.5,2.658,1.765,1.406,0.543,2961,58,4.54,3.52,10923.8,0.743,Physics-Calibrated Surrogate (ISO 13790 / ECBC 2017 / ASHRAE 90.1)
Office,Temperate,148.2,0.927,2.133,2.557,0.784,356,689,5.49,3.6,8718.5,0.357,Physics-Calibrated Surrogate (ISO 13790 / ECBC 2017 / ASHRAE 90.1)
Office,Temperate,148.6,0.979,0.194,3.943,0.81,1044,352,4.67,4.02,4114.1,0.598,Physics-Calibrated Surrogate (ISO 13790 / ECBC 2017 / ASHRAE 90.1)
Office,Hot & Dry,171.0,1.988,1.864,4.707,0.26,3874,165,6.97,4.41,2101.7,0.583,Physics-Calibrated Surrogate (ISO 13790 / ECBC 2017 / ASHRAE 90.1)
Office,Cold,130.4,1.001,2.827,3.357,0.629,110,1812,4.76,4.79,2714.3,0.64,Physics-Calibrated Surrogate (ISO 13790 / ECBC 2017 / ASHRAE 90.1)
Office,Hot & Dry,136.6,3.247,0.205,1.872,0.731,3988,70,6.95,4.11,8427.4,0.375,Physics-Calibrated Surrogate (ISO 13790 / ECBC 2017 / ASHRAE 90.1)
Office,Cold,131.9,0.805,1.134,5.7,0.456,181,1541,5.04,3.68,7763.1,0.379,Physics-Calibrated Surrogate (ISO 13790 / ECBC 2017 / ASHRAE 90.1)
Office,Hot & Dry,183.4,1.893,3.214,2.785,0.649,3647,405,6.7,2.75,11233.8,0.156,Physics-Calibrated Surrogate (ISO 13790 / ECBC 2017 / ASHRAE 90.1)
Office,Composite,151.0,4.379,1.326,5.192,0.215,2554,556,5.64,3.34,2045.3,0.374,Physics-Calibrated Surrogate (ISO 13790 / ECBC 2017 / ASHRAE 90.1)
Office,Hot & Dry,128.1,1.686,2.595,3.6,0.442,2587,155,6.65,4.53,1437.4,0.128,Physics-Calibrated Surrogate (ISO 13790 / ECBC 2017 / ASHRAE 90.1)
Office,Hot & Dry,119.9,2.345,0.983,1.973,0.664,3063,211,6.58,3.85,9827.9,0.197,Physics-Calibrated Surrogate (ISO 13790 / ECBC 2017 / ASHRAE 90.1)
Office,Composite,145.5,3.128,0.398,4.951,0.603,2085,168,6.17,2.93,7278.5,0.466,Physics-Calibrated Surrogate (ISO 13790 / ECBC 2017 / ASHRAE 90.1)
Office,Composite,91.1,2.0,0.283,2.454,0.431,1686,579,5.01,3.7,4722.0,0.187,Physics-Calibrated Surrogate (ISO 13790 / ECBC 2017 / ASHRAE 90.1)
Office,Temperate,121.5,1.622,2.607,4.597,0.841,614,216,5.3,4.07,7768.8,0.216,Physics-Calibrated Surrogate (ISO 13790 / ECBC 2017 / ASHRAE 90.1)
Office,Temperate,132.5,2.932,3.103,2.714,0.435,1172,529,4.57,4.77,8128.2,0.787,Physics-Calibrated Surrogate (ISO 13790 / ECBC 2017 / ASHRAE 90.1)
Office,Composite,153.8,4.304,1.194,2.623,0.488,1874,225,5.61,3.79,3921.5,0.479,Physics-Calibrated Surrogate (ISO 13790 / ECBC 2017 / ASHRAE 90.1)
Office,Temperate,173.1,1.18,0.278,5.213,0.677,533,643,5.29,3.08,4431.6,0.77,Physics-Calibrated Surrogate (ISO 13790 / ECBC 2017 / ASHRAE 90.1)
Office,Cold,115.8,3.349,1.427,3.604,0.354,554,1401,3.96,3.3,11279.9,0.109,Physics-Calibrated Surrogate (ISO 13790 / ECBC 2017 / ASHRAE 90.1)
Office,Cold,117.6,1.609,0.774,3.055,0.48,187,2423,5.13,4.74,7906.5,0.788,Physics-Calibrated Surrogate (ISO 13790 / ECBC 2017 / ASHRAE 90.1)
Office,Hot & Dry,154.1,0.476,1.085,2.556,0.756,2856,473,6.03,3.38,4307.1,0.349,Physics-Calibrated Surrogate (ISO 13790 / ECBC 2017 / ASHRAE 90.1)
Office,Warm & Humid,175.9,2.572,1.746,4.187,0.379,3398,2,4.66,2.63,11889.1,0.678,Physics-Calibrated Surrogate (ISO 13790 / ECBC 2017 / ASHRAE 90.1)
Office,Cold,124.3,4.236,3.145,1.465,0.268,171,1632,4.12,4.39,5717.2,0.598,Physics-Calibrated Surrogate (ISO 13790 / ECBC 2017 / ASHRAE 90.1)
Office,Hot & Dry,165.8,0.735,3.174,2.417,0.269,3632,366,5.53,3.97,6313.5,0.641,Physics-Calibrated Surrogate (ISO 13790 / ECBC 2017 / ASHRAE 90.1)
Office,Warm & Humid,159.4,1.872,0.602,4.455,0.72,2938,24,5.69,2.81,8241.9,0.482,Physics-Calibrated Surrogate (ISO 13790 / ECBC 2017 / ASHRAE 90.1)
Office,Hot & Dry,174.9,2.194,2.021,1.213,0.406,2739,341,6.47,2.85,5995.7,0.67,Physics-Calibrated Surrogate (ISO 13790 / ECBC 2017 / ASHRAE 90.1)
Office,Temperate,117.6,0.784,0.987,4.956,0.476,675,152,5.08,4.8,3739.8,0.111,Physics-Calibrated Surrogate (ISO 13790 / ECBC 2017 / ASHRAE 90.1)
Office,Cold,176.6,4.46,2.5,2.16,0.434,428,3111,5.19,3.34,10632.6,0.475,Physics-Calibrated Surrogate (ISO 13790 / ECBC 2017 / ASHRAE 90.1)
Office,Hot & Dry,178.0,2.926,3.179,5.373,0.245,3109,483,5.8,2.86,10995.8,0.558,Physics-Calibrated Surrogate (ISO 13790 / ECBC 2017 / ASHRAE 90.1)
Office,Hot & Dry,226.0,1.261,3.493,3.183,0.802,3911,352,6.5,3.58,5230.1,0.578,Physics-Calibrated Surrogate (ISO 13790 / ECBC 2017 / ASHRAE 90.1)
Office,Temperate,125.2,0.676,3.1,5.325,0.76,355,655,4.76,3.78,11532.4,0.223,Physics-Calibrated Surrogate (ISO 13790 / ECBC 2017 / ASHRAE 90.1)
Office,Cold,166.5,3.405,1.373,2.578,0.633,405,2534,4.23,3.56,1939.0,0.739,Physics-Calibrated Surrogate (ISO 13790 / ECBC 2017 / ASHRAE 90.1)
Office,Hot & Dry,146.8,1.874,0.785,1.269,0.199,3895,107,6.94,2.93,670.6,0.723,Physics-Calibrated Surrogate (ISO 13790 / ECBC 2017 / ASHRAE 90.1)
Office,Hot & Dry,173.4,4.027,1.99,5.554,0.154,2948,447,5.57,2.84,8460.5,0.673,Physics-Calibrated Surrogate (ISO 13790 / ECBC 2017 / ASHRAE 90.1)
Office,Hot & Dry,123.6,2.223,1.85,1.682,0.174,4353,335,6.07,4.38,8157.2,0.227,Physics-Calibrated Surrogate (ISO 13790 / ECBC 2017 / ASHRAE 90.1)
Office,Hot & Dry,176.9,3.226,0.943,2.683,0.795,3472,367,6.34,4.72,3068.6,0.76,Physics-Calibrated Surrogate (ISO 13790 / ECBC 2017 / ASHRAE 90.1)
Office,Cold,133.1,3.811,2.929,1.926,0.168,316,3124,4.63,4.96,6329.2,0.678,Physics-Calibrated Surrogate (ISO 13790 / ECBC 2017 / ASHRAE 90.1)
Office,Composite,160.7,1.441,3.477,2.043,0.3,2060,218,5.94,3.22,8157.4,0.615,Physics-Calibrated Surrogate (ISO 13790 / ECBC 2017 / ASHRAE 90.1)
Office,Warm & Humid,170.4,1.702,3.013,1.889,0.812,3107,1,5.4,3.77,11364.4,0.322,Physics-Calibrated Surrogate (ISO 13790 / ECBC 2017 / ASHRAE 90.1)
Office,Warm & Humid,122.9,0.698,3.088,1.343,0.831,2501,41,5.09,4.18,9457.3,0.208,Physics-Calibrated Surrogate (ISO 13790 / ECBC 2017 / ASHRAE 90.1)
Office,Composite,110.0,1.623,0.179,1.244,0.382,2009,296,5.39,4.32,1262.0,0.32,Physics-Calibrated Surrogate (ISO 13790 / ECBC 2017 / ASHRAE 90.1)
Office,Warm & Humid,164.2,0.44,1.675,1.894,0.727,2876,41,5.41,3.28,892.1,0.634,Physics-Calibrated Surrogate (ISO 13790 / ECBC 2017 / ASHRAE 90.1)
Office,Warm & Humid,214.4,0.987,1.28,3.984,0.784,3323,57,5.67,3.14,1310.1,0.731,Physics-Calibrated Surrogate (ISO 13790 / ECBC 2017 / ASHRAE 90.1)
Office,Hot & Dry,195.0,2.932,2.445,1.771,0.811,4165,321,5.61,3.35,2758.8,0.31,Physics-Calibrated Surrogate (ISO 13790 / ECBC 2017 / ASHRAE 90.1)
Office,Composite,211.5,1.383,2.461,2.622,0.741,2246,796,5.95,3.04,5054.8,0.512,Physics-Calibrated Surrogate (ISO 13790 / ECBC 2017 / ASHRAE 90.1)
Office,Composite,148.4,4.468,1.76,4.139,0.763,1619,476,5.28,2.5,8105.4,0.179,Physics-Calibrated Surrogate (ISO 13790 / ECBC 2017 / ASHRAE 90.1)
Office,Warm & Humid,137.1,4.157,0.562,4.056,0.584,2511,70,5.63,4.67,729.9,0.139,Physics-Calibrated Surrogate (ISO 13790 / ECBC 2017 / ASHRAE 90.1)
Office,Temperate,120.4,0.656,3.417,4.449,0.158,1110,489,5.47,4.26,3131.4,0.284,Physics-Calibrated Surrogate (ISO 13790 / ECBC 2017 / ASHRAE 90.1)
Office,Hot & Dry,115.4,0.477,0.393,2.32,0.164,3819,380,6.42,3.11,2027.9,0.277,Physics-Calibrated Surrogate (ISO 13790 / ECBC 2017 / ASHRAE 90.1)
Office,Cold,130.7,3.814,0.697,1.302,0.786,432,2324,5.1,3.94,7446.1,0.281,Physics-Calibrated Surrogate (ISO 13790 / ECBC 2017 / ASHRAE 90.1)
Office,Cold,118.9,2.838,0.851,4.599,0.436,561,1451,3.7,3.78,9413.7,0.629,Physics-Calibrated Surrogate (ISO 13790 / ECBC 2017 / ASHRAE 90.1)
Office,Warm & Humid,195.6,2.491,0.692,3.662,0.789,3185,82,4.59,2.54,2053.6,0.565,Physics-Calibrated Surrogate (ISO 13790 / ECBC 2017 / ASHRAE 90.1)
Office,Hot & Dry,173.4,0.878,0.275,4.873,0.651,4295,294,5.77,3.27,3761.0,0.532,Physics-Calibrated Surrogate (ISO 13790 / ECBC 2017 / ASHRAE 90.1)
Office,Composite,115.3,1.036,1.446,5.639,0.336,1227,365,5.19,3.34,5074.5,0.292,Physics-Calibrated Surrogate (ISO 13790 / ECBC 2017 / ASHRAE 90.1)
Office,Composite,131.6,0.635,0.623,3.844,0.572,1601,743,5.03,4.22,736.0,0.648,Physics-Calibrated Surrogate (ISO 13790 / ECBC 2017 / ASHRAE 90.1)
Office,Hot & Dry,112.9,2.949,0.296,1.361,0.449,3435,349,5.58,4.53,6223.6,0.333,Physics-Calibrated Surrogate (ISO 13790 / ECBC 2017 / ASHRAE 90.1)
Office,Hot & Dry,125.7,1.91,0.63,3.462,0.377,4141,360,5.82,4.66,4898.9,0.509,Physics-Calibrated Surrogate (ISO 13790 / ECBC 2017 / ASHRAE 90.1)
Office,Hot & Dry,181.9,4.454,2.581,1.427,0.643,4012,121,6.36,3.53,1924.9,0.22,Physics-Calibrated Surrogate (ISO 13790 / ECBC 2017 / ASHRAE 90.1)
Office,Warm & Humid,119.2,2.434,0.189,2.584,0.804,2354,120,4.88,3.28,4023.4,0.213,Physics-Calibrated Surrogate (ISO 13790 / ECBC 2017 / ASHRAE 90.1)
Office,Cold,124.2,0.884,2.038,1.461,0.615,140,1989,4.53,3.1,11100.7,0.214,Physics-Calibrated Surrogate (ISO 13790 / ECBC 2017 / ASHRAE 90.1)
Office,Cold,113.8,0.71,1.908,2.412,0.412,470,1414,4.2,4.83,9234.6,0.712,Physics-Calibrated Surrogate (ISO 13790 / ECBC 2017 / ASHRAE 90.1)
Office,Composite,210.2,1.569,2.665,5.115,0.625,2264,850,6.18,3.13,10914.2,0.71,Physics-Calibrated Surrogate (ISO 13790 / ECBC 2017 / ASHRAE 90.1)
Office,Cold,217.3,3.657,2.58,2.13,0.633,620,2217,4.24,2.53,1586.6,0.618,Physics-Calibrated Surrogate (ISO 13790 / ECBC 2017 / ASHRAE 90.1)
Office,Temperate,113.6,1.78,1.821,5.565,0.809,1042,197,5.29,2.95,4989.5,0.108,Physics-Calibrated Surrogate (ISO 13790 / ECBC 2017 / ASHRAE 90.1)
Office,Temperate,102.3,0.688,1.356,2.461,0.508,577,750,4.37,4.95,6686.5,0.273,Physics-Calibrated Surrogate (ISO 13790 / ECBC 2017 / ASHRAE 90.1)
Office,Temperate,117.1,3.236,0.444,4.478,0.831,424,622,5.41,3.84,10584.0,0.376,Physics-Calibrated Surrogate (ISO 13790 / ECBC 2017 / ASHRAE 90.1)
Office,Composite,140.6,2.799,0.845,2.158,0.343,2684,376,5.71,4.28,800.0,0.484,Physics-Calibrated Surrogate (ISO 13790 / ECBC 2017 / ASHRAE 90.1)
Office,Cold,92.7,1.611,1.28,1.962,0.385,317,2968,4.11,3.96,10651.3,0.109,Physics-Calibrated Surrogate (ISO 13790 / ECBC 2017 / ASHRAE 90.1)
Office,Composite,142.9,0.841,2.672,1.413,0.255,2215,387,5.19,2.76,4217.1,0.301,Physics-Calibrated Surrogate (ISO 13790 / ECBC 2017 / ASHRAE 90.1)
Office,Temperate,125.0,3.975,3.464,4.009,0.579,744,189,5.43,4.39,9923.1,0.487,Physics-Calibrated Surrogate (ISO 13790 / ECBC 2017 / ASHRAE 90.1)
Office,Hot & Dry,213.6,2.749,1.696,4.226,0.721,2873,90,6.94,3.49,4450.6,0.779,Physics-Calibrated Surrogate (ISO 13790 / ECBC 2017 / ASHRAE 90.1)
Office,Hot & Dry,168.0,1.343,3.198,1.262,0.534,3594,254,6.93,2.9,7687.3,0.232,Physics-Calibrated Surrogate (ISO 13790 / ECBC 2017 / ASHRAE 90.1)
Office,Composite,141.8,2.987,2.929,5.791,0.737,2132,369,5.57,3.89,7236.2,0.312,Physics-Calibrated Surrogate (ISO 13790 / ECBC 2017 / ASHRAE 90.1)
Office,Warm & Humid,107.9,0.926,2.618,3.07,0.194,3163,101,5.72,4.69,2936.5,0.279,Physics-Calibrated Surrogate (ISO 13790 / ECBC 2017 / ASHRAE 90.1)
Office,Warm & Humid,134.4,4.493,0.715,1.604,0.248,3051,118,4.92,3.17,10707.3,0.569,Physics-Calibrated Surrogate (ISO 13790 / ECBC 2017 / ASHRAE 90.1)
Office,Temperate,163.7,1.188,2.646,4.173,0.796,982,529,4.3,2.92,6896.0,0.547,Physics-Calibrated Surrogate (ISO 13790 / ECBC 2017 / ASHRAE 90.1)
Office,Composite,154.9,0.661,1.587,1.704,0.819,1868,258,5.6,3.81,650.3,0.433,Physics-Calibrated Surrogate (ISO 13790 / ECBC 2017 / ASHRAE 90.1)
Office,Cold,150.1,4.416,0.976,5.562,0.632,678,2300,4.02,4.88,5466.0,0.711,Physics-Calibrated Surrogate (ISO 13790 / ECBC 2017 / ASHRAE 90.1)
Office,Cold,135.7,3.49,2.585,2.926,0.248,369,1362,3.91,3.03,7079.1,0.662,Physics-Calibrated Surrogate (ISO 13790 / ECBC 2017 / ASHRAE 90.1)
Office,Cold,162.3,0.929,3.337,2.081,0.753,314,1967,4.22,2.79,1329.3,0.249,Physics-Calibrated Surrogate (ISO 13790 / ECBC 2017 / ASHRAE 90.1)
Office,Composite,181.1,3.293,1.544,5.405,0.727,1265,609,5.63,2.92,11053.5,0.51,Physics-Calibrated Surrogate (ISO 13790 / ECBC 2017 / ASHRAE 90.1)
Office,Cold,110.9,1.843,1.849,2.27,0.426,552,1357,4.85,3.84,11569.4,0.262,Physics-Calibrated Surrogate (ISO 13790 / ECBC 2017 / ASHRAE 90.1)
Office,Temperate,136.5,3.325,2.359,4.725,0.553,352,294,5.03,3.15,8119.9,0.623,Physics-Calibrated Surrogate (ISO 13790 / ECBC 2017 / ASHRAE 90.1)
Office,Temperate,171.0,1.747,2.656,5.375,0.837,500,291,5.3,3.4,2948.6,0.622,Physics-Calibrated Surrogate (ISO 13790 / ECBC 2017 / ASHRAE 90.1)
Office,Temperate,119.9,1.131,0.443,4.502,0.776,1065,573,4.23,4.84,3639.0,0.414,Physics-Calibrated Surrogate (ISO 13790 / ECBC 2017 / ASHRAE 90.1)
Office,Temperate,171.3,3.191,2.679,2.684,0.66,549,760,4.94,3.08,11466.1,0.615,Physics-Calibrated Surrogate (ISO 13790 / ECBC 2017 / ASHRAE 90.1)
Office,Warm & Humid,171.2,0.31,2.937,2.407,0.769,2556,120,4.91,4.23,1996.9,0.679,Physics-Calibrated Surrogate (ISO 13790 / ECBC 2017 / ASHRAE 90.1)
Office,Composite,119.7,0.7,0.631,5.263,0.226,1322,393,5.87,2.74,2708.7,0.321,Physics-Calibrated Surrogate (ISO 13790 / ECBC 2017 / ASHRAE 90.1)
Office,Cold,149.6,0.636,2.168,5.113,0.184,440,3429,3.84,4.5,1768.7,0.504,Physics-Calibrated Surrogate (ISO 13790 / ECBC 2017 / ASHRAE 90.1)
Office,Cold,108.3,3.363,1.343,3.521,0.56,191,1407,4.37,4.97,6138.4,0.535,Physics-Calibrated Surrogate (ISO 13790 / ECBC 2017 / ASHRAE 90.1)
Office,Temperate,138.6,1.706,1.85,4.786,0.335,692,507,5.31,3.43,9702.9,0.722,Physics-Calibrated Surrogate (ISO 13790 / ECBC 2017 / ASHRAE 90.1)
Office,Cold,164.3,1.652,3.004,2.953,0.674,441,3487,4.25,2.94,3728.9,0.186,Physics-Calibrated Surrogate (ISO 13790 / ECBC 2017 / ASHRAE 90.1)
Office,Composite,123.1,1.561,2.524,1.673,0.463,2341,523,5.28,4.85,7678.3,0.274,Physics-Calibrated Surrogate (ISO 13790 / ECBC 2017 / ASHRAE 90.1)
Office,Cold,149.4,4.206,2.246,2.046,0.544,391,2494,4.23,2.83,7090.3,0.163,Physics-Calibrated Surrogate (ISO 13790 / ECBC 2017 / ASHRAE 90.1)
Office,Cold,159.8,0.712,3.149,3.859,0.609,338,2135,3.81,3.21,9876.7,0.53,Physics-Calibrated Surrogate (ISO 13790 / ECBC 2017 / ASHRAE 90.1)
Office,Hot & Dry,150.7,1.802,1.441,3.786,0.797,2985,117,6.3,4.36,8588.1,0.587,Physics-Calibrated Surrogate (ISO 13790 / ECBC 2017 / ASHRAE 90.1)
Office,Cold,154.8,4.066,3.206,1.483,0.515,376,2472,4.0,2.88,2896.6,0.108,Physics-Calibrated Surrogate (ISO 13790 / ECBC 2017 / ASHRAE 90.1)
Office,Warm & Humid,169.6,0.329,2.253,4.927,0.564,2304,68,4.65,3.56,10059.0,0.572,Physics-Calibrated Surrogate (ISO 13790 / ECBC 2017 / ASHRAE 90.1)
Office,Hot & Dry,144.5,1.182,2.392,5.413,0.261,4079,203,5.77,4.91,7665.6,0.232,Physics-Calibrated Surrogate (ISO 13790 / ECBC 2017 / ASHRAE 90.1)
Office,Cold,221.5,3.328,0.426,4.285,0.603,329,3300,4.94,3.05,801.7,0.763,Physics-Calibrated Surrogate (ISO 13790 / ECBC 2017 / ASHRAE 90.1)
Office,Warm & Humid,166.8,1.807,1.998,2.491,0.841,2602,0,5.52,4.76,1702.0,0.625,Physics-Calibrated Surrogate (ISO 13790 / ECBC 2017 / ASHRAE 90.1)
Office,Temperate,174.6,3.108,2.007,2.816,0.774,615,243,4.67,2.7,5988.3,0.523,Physics-Calibrated Surrogate (ISO 13790 / ECBC 2017 / ASHRAE 90.1)
Office,Cold,111.3,1.057,1.296,2.275,0.824,443,2263,4.89,4.13,8099.6,0.109,Physics-Calibrated Surrogate (ISO 13790 / ECBC 2017 / ASHRAE 90.1)
Office,Hot & Dry,122.9,2.09,1.018,4.729,0.417,3507,482,7.0,4.39,9972.2,0.341,Physics-Calibrated Surrogate (ISO 13790 / ECBC 2017 / ASHRAE 90.1)
Office,Warm & Humid,152.0,2.332,1.664,4.534,0.431,3483,24,5.62,2.58,9255.0,0.251,Physics-Calibrated Surrogate (ISO 13790 / ECBC 2017 / ASHRAE 90.1)
Office,Hot & Dry,178.3,2.372,1.657,3.595,0.531,4040,497,6.67,3.33,2877.8,0.3,Physics-Calibrated Surrogate (ISO 13790 / ECBC 2017 / ASHRAE 90.1)
Office,Cold,206.3,4.397,2.717,2.653,0.584,480,3252,4.84,2.62,3198.4,0.405,Physics-Calibrated Surrogate (ISO 13790 / ECBC 2017 / ASHRAE 90.1)
Office,Temperate,128.9,1.974,0.238,3.229,0.781,426,448,4.94,4.64,5901.2,0.584,Physics-Calibrated Surrogate (ISO 13790 / ECBC 2017 / ASHRAE 90.1)
Office,Warm & Humid,160.1,2.65,2.666,2.1,0.408,3037,1,4.63,2.54,3497.2,0.134,Physics-Calibrated Surrogate (ISO 13790 / ECBC 2017 / ASHRAE 90.1)
Office,Hot & Dry,206.9,4.079,2.768,1.401,0.635,3953,192,5.86,3.76,4074.1,0.481,Physics-Calibrated Surrogate (ISO 13790 / ECBC 2017 / ASHRAE 90.1)
Office,Temperate,108.0,2.962,0.245,2.769,0.673,970,761,4.68,4.52,7402.3,0.252,Physics-Calibrated Surrogate (ISO 13790 / ECBC 2017 / ASHRAE 90.1)
Office,Hot & Dry,200.3,4.271,2.594,3.767,0.563,4425,330,6.03,3.85,11059.6,0.798,Physics-Calibrated Surrogate (ISO 13790 / ECBC 2017 / ASHRAE 90.1)
Office,Hot & Dry,187.0,2.564,0.256,5.464,0.641,2686,117,5.9,3.54,10114.0,0.733,Physics-Calibrated Surrogate (ISO 13790 / ECBC 2017 / ASHRAE 90.1)
Office,Composite,132.9,2.979,2.924,5.289,0.154,1620,418,5.96,4.53,9254.4,0.336,Physics-Calibrated Surrogate (ISO 13790 / ECBC 2017 / ASHRAE 90.1)
Office,Composite,115.2,3.351,1.746,1.264,0.159,2201,800,5.71,4.15,5157.4,0.459,Physics-Calibrated Surrogate (ISO 13790 / ECBC 2017 / ASHRAE 90.1)
Office,Cold,142.9,3.077,2.659,2.331,0.375,301,2460,4.0,3.27,4200.0,0.466,Physics-Calibrated Surrogate (ISO 13790 / ECBC 2017 / ASHRAE 90.1)
Office,Temperate,157.3,3.625,2.769,1.678,0.345,1150,713,4.45,3.15,9623.4,0.593,Physics-Calibrated Surrogate (ISO 13790 / ECBC 2017 / ASHRAE 90.1)
Office,Cold,183.1,3.858,3.166,2.987,0.599,675,1805,3.69,3.2,3830.1,0.71,Physics-Calibrated Surrogate (ISO 13790 / ECBC 2017 / ASHRAE 90.1)
Office,Hot & Dry,139.1,0.787,1.726,2.039,0.568,4448,408,6.28,4.23,11890.9,0.456,Physics-Calibrated Surrogate (ISO 13790 / ECBC 2017 / ASHRAE 90.1)
Office,Temperate,239.7,2.084,3.474,4.606,0.693,558,608,5.19,2.56,7833.3,0.771,Physics-Calibrated Surrogate (ISO 13790 / ECBC 2017 / ASHRAE 90.1)
Office,Hot & Dry,184.1,1.058,3.338,1.472,0.839,2603,285,6.48,4.64,8553.3,0.704,Physics-Calibrated Surrogate (ISO 13790 / ECBC 2017 / ASHRAE 90.1)
Office,Temperate,160.0,0.305,2.973,3.528,0.473,698,696,4.38,3.1,10599.1,0.769,Physics-Calibrated Surrogate (ISO 13790 / ECBC 2017 / ASHRAE 90.1)
Office,Warm & Humid,163.1,1.365,2.89,1.452,0.639,2960,143,4.95,3.6,9661.6,0.51,Physics-Calibrated Surrogate (ISO 13790 / ECBC 2017 / ASHRAE 90.1)
Office,Temperate,154.4,4.315,3.31,1.662,0.811,381,660,5.29,4.49,6813.1,0.691,Physics-Calibrated Surrogate (ISO 13790 / ECBC 2017 / ASHRAE 90.1)
Office,Composite,129.4,3.189,2.719,2.166,0.493,1288,415,5.8,2.72,10687.9,0.1,Physics-Calibrated Surrogate (ISO 13790 / ECBC 2017 / ASHRAE 90.1)
Office,Cold,127.8,1.455,2.405,2.901,0.206,289,1387,4.17,2.85,4479.4,0.253,Physics-Calibrated Surrogate (ISO 13790 / ECBC 2017 / ASHRAE 90.1)
Office,Hot & Dry,132.7,3.19,2.263,1.992,0.264,2704,375,6.5,3.87,7326.4,0.295,Physics-Calibrated Surrogate (ISO 13790 / ECBC 2017 / ASHRAE 90.1)
Office,Warm & Humid,215.4,2.209,2.784,5.418,0.628,2990,65,5.32,3.11,9778.3,0.776,Physics-Calibrated Surrogate (ISO 13790 / ECBC 2017 / ASHRAE 90.1)
Office,Warm & Humid,144.2,2.151,2.978,5.465,0.491,2596,61,5.31,3.92,5353.1,0.286,Physics-Calibrated Surrogate (ISO 13790 / ECBC 2017 / ASHRAE 90.1)
Office,Hot & Dry,137.2,2.124,2.503,4.25,0.418,2654,150,6.88,3.54,11023.6,0.374,Physics-Calibrated Surrogate (ISO 13790 / ECBC 2017 / ASHRAE 90.1)
Office,Temperate,142.1,0.327,1.748,4.852,0.591,741,728,5.21,3.69,4809.4,0.635,Physics-Calibrated Surrogate (ISO 13790 / ECBC 2017 / ASHRAE 90.1)
Office,Composite,151.0,3.263,2.071,1.372,0.412,2451,575,5.59,3.91,9697.5,0.787,Physics-Calibrated Surrogate (ISO 13790 / ECBC 2017 / ASHRAE 90.1)
Office,Composite,163.5,3.243,1.55,2.484,0.532,2631,274,5.2,3.44,9259.0,0.502,Physics-Calibrated Surrogate (ISO 13790 / ECBC 2017 / ASHRAE 90.1)
Office,Hot & Dry,231.6,4.44,3.308,4.477,0.515,3628,93,5.58,2.9,7304.4,0.577,Physics-Calibrated Surrogate (ISO 13790 / ECBC 2017 / ASHRAE 90.1)
Office,Warm & Humid,166.9,0.904,0.695,1.949,0.774,2836,18,5.43,2.69,5435.3,0.609,Physics-Calibrated Surrogate (ISO 13790 / ECBC 2017 / ASHRAE 90.1)
Office,Temperate,129.1,3.321,1.687,3.24,0.573,1135,460,4.54,2.89,4415.1,0.233,Physics-Calibrated Surrogate (ISO 13790 / ECBC 2017 / ASHRAE 90.1)
Office,Temperate,122.8,3.003,3.237,2.58,0.555,685,766,4.79,4.85,8805.1,0.156,Physics-Calibrated Surrogate (ISO 13790 / ECBC 2017 / ASHRAE 90.1)
Office,Composite,125.8,3.863,1.282,5.304,0.582,1697,224,5.26,3.82,5266.7,0.412,Physics-Calibrated Surrogate (ISO 13790 / ECBC 2017 / ASHRAE 90.1)
Office,Composite,142.7,1.353,3.284,2.402,0.439,2192,324,5.46,4.69,11098.2,0.799,Physics-Calibrated Surrogate (ISO 13790 / ECBC 2017 / ASHRAE 90.1)
Office,Cold,124.9,1.918,1.69,1.908,0.371,598,1644,4.86,4.64,3203.2,0.491,Physics-Calibrated Surrogate (ISO 13790 / ECBC 2017 / ASHRAE 90.1)
Office,Cold,164.9,4.392,3.159,2.66,0.824,461,1207,4.25,4.53,9729.3,0.749,Physics-Calibrated Surrogate (ISO 13790 / ECBC 2017 / ASHRAE 90.1)
Office,Warm & Humid,144.0,0.976,0.777,3.207,0.459,2309,136,4.77,3.19,775.9,0.491,Physics-Calibrated Surrogate (ISO 13790 / ECBC 2017 / ASHRAE 90.1)
Office,Warm & Humid,126.5,4.161,1.855,2.571,0.261,3015,2,4.77,4.58,2488.5,0.548,Physics-Calibrated Surrogate (ISO 13790 / ECBC 2017 / ASHRAE 90.1)
Office,Composite,209.4,2.213,2.261,4.496,0.822,1544,834,5.21,2.91,7417.2,0.643,Physics-Calibrated Surrogate (ISO 13790 / ECBC 2017 / ASHRAE 90.1)
Office,Warm & Humid,155.6,2.492,0.826,5.504,0.309,2490,118,5.01,3.52,1950.3,0.442,Physics-Calibrated Surrogate (ISO 13790 / ECBC 2017 / ASHRAE 90.1)
Office,Cold,160.1,2.384,2.513,3.431,0.265,486,2871,4.87,4.82,546.3,0.238,Physics-Calibrated Surrogate (ISO 13790 / ECBC 2017 / ASHRAE 90.1)
Office,Warm & Humid,157.4,1.857,1.515,3.193,0.796,2726,21,4.94,4.23,9030.2,0.714,Physics-Calibrated Surrogate (ISO 13790 / ECBC 2017 / ASHRAE 90.1)
Office,Temperate,112.1,3.066,0.538,2.982,0.588,936,251,4.5,3.23,3531.0,0.261,Physics-Calibrated Surrogate (ISO 13790 / ECBC 2017 / ASHRAE 90.1)
Office,Composite,169.9,0.879,2.637,5.247,0.811,1739,227,5.53,2.65,6032.9,0.32,Physics-Calibrated Surrogate (ISO 13790 / ECBC 2017 / ASHRAE 90.1)
Office,Warm & Humid,166.9,1.774,2.726,5.171,0.405,2492,115,5.46,3.81,1128.2,0.542,Physics-Calibrated Surrogate (ISO 13790 / ECBC 2017 / ASHRAE 90.1)
Office,Composite,97.1,1.005,0.833,4.864,0.34,1638,561,5.8,4.49,9248.8,0.216,Physics-Calibrated Surrogate (ISO 13790 / ECBC 2017 / ASHRAE 90.1)
Office,Warm & Humid,244.3,0.657,2.102,4.977,0.753,3118,17,5.7,2.57,8654.5,0.65,Physics-Calibrated Surrogate (ISO 13790 / ECBC 2017 / ASHRAE 90.1)
Office,Cold,177.2,3.503,2.995,3.902,0.263,456,2566,4.83,2.54,4923.7,0.175,Physics-Calibrated Surrogate (ISO 13790 / ECBC 2017 / ASHRAE 90.1)
Office,Warm & Humid,181.0,3.082,1.248,5.446,0.768,3432,62,4.81,4.29,9131.5,0.715,Physics-Calibrated Surrogate (ISO 13790 / ECBC 2017 / ASHRAE 90.1)
Office,Hot & Dry,135.4,2.651,1.543,5.286,0.488,3313,178,7.0,4.56,8329.4,0.386,Physics-Calibrated Surrogate (ISO 13790 / ECBC 2017 / ASHRAE 90.1)
Office,Composite,146.0,1.944,0.195,2.373,0.79,1709,529,5.48,4.22,9170.5,0.707,Physics-Calibrated Surrogate (ISO 13790 / ECBC 2017 / ASHRAE 90.1)
Office,Composite,150.9,1.683,1.387,1.622,0.587,2214,629,5.05,3.1,11639.9,0.348,Physics-Calibrated Surrogate (ISO 13790 / ECBC 2017 / ASHRAE 90.1)
Office,Composite,144.7,1.271,3.387,4.063,0.154,1609,179,5.44,3.54,7933.9,0.633,Physics-Calibrated Surrogate (ISO 13790 / ECBC 2017 / ASHRAE 90.1)
Office,Composite,119.9,2.966,0.423,1.728,0.414,1921,290,4.9,4.36,3760.8,0.602,Physics-Calibrated Surrogate (ISO 13790 / ECBC 2017 / ASHRAE 90.1)
Office,Composite,136.0,4.416,3.336,5.337,0.261,1826,508,5.04,4.79,5252.6,0.639,Physics-Calibrated Surrogate (ISO 13790 / ECBC 2017 / ASHRAE 90.1)
Office,Cold,122.5,2.148,1.095,4.717,0.225,190,1675,3.94,4.79,763.9,0.199,Physics-Calibrated Surrogate (ISO 13790 / ECBC 2017 / ASHRAE 90.1)
Office,Hot & Dry,163.3,0.852,3.459,2.732,0.56,2876,390,6.61,4.45,1730.5,0.407,Physics-Calibrated Surrogate (ISO 13790 / ECBC 2017 / ASHRAE 90.1)
Office,Hot & Dry,171.0,1.602,3.267,2.5,0.352,2937,321,5.61,3.09,6053.3,0.439,Physics-Calibrated Surrogate (ISO 13790 / ECBC 2017 / ASHRAE 90.1)
Office,Temperate,88.9,1.13,0.269,5.684,0.16,310,251,5.09,4.9,9034.9,0.669,Physics-Calibrated Surrogate (ISO 13790 / ECBC 2017 / ASHRAE 90.1)
Office,Hot & Dry,156.5,2.35,0.697,3.475,0.438,4038,333,5.52,4.73,566.2,0.453,Physics-Calibrated Surrogate (ISO 13790 / ECBC 2017 / ASHRAE 90.1)
Office,Warm & Humid,162.2,3.723,3.218,3.069,0.24,2337,98,4.69,3.06,2839.4,0.3,Physics-Calibrated Surrogate (ISO 13790 / ECBC 2017 / ASHRAE 90.1)
Office,Warm & Humid,209.8,2.72,1.646,4.263,0.733,2576,134,5.48,3.21,6316.6,0.732,Physics-Calibrated Surrogate (ISO 13790 / ECBC 2017 / ASHRAE 90.1)
Office,Composite,106.9,0.685,0.22,1.434,0.577,2620,771,4.83,4.04,11305.9,0.551,Physics-Calibrated Surrogate (ISO 13790 / ECBC 2017 / ASHRAE 90.1)
Office,Warm & Humid,146.2,2.768,0.827,5.66,0.449,3031,8,4.93,3.92,4231.4,0.586,Physics-Calibrated Surrogate (ISO 13790 / ECBC 2017 / ASHRAE 90.1)
Office,Hot & Dry,126.4,2.69,1.066,4.033,0.303,4255,368,5.97,4.43,9673.6,0.177,Physics-Calibrated Surrogate (ISO 13790 / ECBC 2017 / ASHRAE 90.1)
Office,Composite,101.8,0.64,0.607,3.787,0.254,1502,657,5.34,3.19,8567.3,0.163,Physics-Calibrated Surrogate (ISO 13790 / ECBC 2017 / ASHRAE 90.1)
Office,Composite,174.0,1.723,2.321,3.786,0.683,2699,232,4.83,4.67,9340.2,0.776,Physics-Calibrated Surrogate (ISO 13790 / ECBC 2017 / ASHRAE 90.1)
Office,Hot & Dry,164.4,0.558,1.726,1.801,0.65,4359,165,6.5,4.2,9839.2,0.505,Physics-Calibrated Surrogate (ISO 13790 / ECBC 2017 / ASHRAE 90.1)
Office,Composite,185.7,4.099,2.411,2.535,0.759,1640,573,6.12,4.37,8703.7,0.657,Physics-Calibrated Surrogate (ISO 13790 / ECBC 2017 / ASHRAE 90.1)
Office,Temperate,157.3,1.002,0.997,4.802,0.669,788,768,4.71,3.14,1865.8,0.634,Physics-Calibrated Surrogate (ISO 13790 / ECBC 2017 / ASHRAE 90.1)
Office,Hot & Dry,155.4,2.183,1.372,5.721,0.734,2764,232,6.67,3.7,2602.2,0.313,Physics-Calibrated Surrogate (ISO 13790 / ECBC 2017 / ASHRAE 90.1)
Office,Composite,124.3,1.448,1.498,4.647,0.201,2686,319,5.88,4.15,5749.2,0.175,Physics-Calibrated Surrogate (ISO 13790 / ECBC 2017 / ASHRAE 90.1)
Office,Temperate,154.2,2.055,1.933,5.76,0.522,652,104,4.93,3.93,7324.5,0.69,Physics-Calibrated Surrogate (ISO 13790 / ECBC 2017 / ASHRAE 90.1)
Office,Hot & Dry,158.9,3.649,1.581,1.754,0.845,3810,482,6.73,3.56,8030.8,0.296,Physics-Calibrated Surrogate (ISO 13790 / ECBC 2017 / ASHRAE 90.1)
Office,Hot & Dry,136.4,2.947,1.613,3.3,0.723,3433,170,6.72,3.87,9070.0,0.114,Physics-Calibrated Surrogate (ISO 13790 / ECBC 2017 / ASHRAE 90.1)
Office,Cold,184.5,1.517,2.806,3.975,0.636,409,2884,4.94,3.44,6090.9,0.532,Physics-Calibrated Surrogate (ISO 13790 / ECBC 2017 / ASHRAE 90.1)
Office,Cold,199.8,2.29,1.884,3.923,0.688,520,3051,4.05,2.73,4357.8,0.589,Physics-Calibrated Surrogate (ISO 13790 / ECBC 2017 / ASHRAE 90.1)
Office,Warm & Humid,182.5,4.484,1.791,2.211,0.505,3093,74,4.8,2.6,11761.9,0.448,Physics-Calibrated Surrogate (ISO 13790 / ECBC 2017 / ASHRAE 90.1)
Office,Warm & Humid,137.9,2.231,1.246,5.726,0.204,3439,90,5.76,3.27,3068.7,0.254,Physics-Calibrated Surrogate (ISO 13790 / ECBC 2017 / ASHRAE 90.1)
Office,Warm & Humid,126.7,2.682,1.481,5.205,0.472,2224,33,5.22,3.25,9329.4,0.581,Physics-Calibrated Surrogate (ISO 13790 / ECBC 2017 / ASHRAE 90.1)
Office,Temperate,124.2,3.852,0.339,3.923,0.279,1007,246,4.72,3.07,823.6,0.166,Physics-Calibrated Surrogate (ISO 13790 / ECBC 2017 / ASHRAE 90.1)
Office,Temperate,95.7,1.619,0.547,3.292,0.536,523,110,4.72,3.03,9078.6,0.194,Physics-Calibrated Surrogate (ISO 13790 / ECBC 2017 / ASHRAE 90.1)
Office,Hot & Dry,166.1,2.435,3.443,5.524,0.819,2906,100,6.04,4.7,8751.8,0.52,Physics-Calibrated Surrogate (ISO 13790 / ECBC 2017 / ASHRAE 90.1)
Office,Composite,128.0,2.219,3.447,3.567,0.669,1903,790,5.09,4.21,4086.7,0.181,Physics-Calibrated Surrogate (ISO 13790 / ECBC 2017 / ASHRAE 90.1)
Office,Temperate,174.2,0.322,2.62,4.592,0.498,875,629,4.4,2.61,11019.4,0.639,Physics-Calibrated Surrogate (ISO 13790 / ECBC 2017 / ASHRAE 90.1)
Office,Cold,149.7,1.576,3.017,4.668,0.392,296,2570,4.1,3.59,7099.3,0.369,Physics-Calibrated Surrogate (ISO 13790 / ECBC 2017 / ASHRAE 90.1)
Office,Composite,140.6,3.551,0.537,3.767,0.437,2220,849,5.76,4.49,6720.7,0.768,Physics-Calibrated Surrogate (ISO 13790 / ECBC 2017 / ASHRAE 90.1)
Office,Hot & Dry,170.8,2.736,2.136,3.901,0.521,3489,113,6.07,2.79,8237.2,0.353,Physics-Calibrated Surrogate (ISO 13790 / ECBC 2017 / ASHRAE 90.1)
Office,Temperate,121.1,4.133,0.333,1.568,0.322,612,675,4.49,3.14,6811.4,0.734,Physics-Calibrated Surrogate (ISO 13790 / ECBC 2017 / ASHRAE 90.1)
Office,Cold,107.2,3.605,1.193,3.909,0.177,121,2515,3.75,4.29,3901.5,0.111,Physics-Calibrated Surrogate (ISO 13790 / ECBC 2017 / ASHRAE 90.1)
Office,Composite,137.4,2.47,0.761,4.86,0.848,1989,442,4.92,4.92,7148.1,0.555,Physics-Calibrated Surrogate (ISO 13790 / ECBC 2017 / ASHRAE 90.1)
Office,Warm & Humid,155.0,3.539,3.22,5.109,0.708,2460,24,4.82,4.97,5080.6,0.33,Physics-Calibrated Surrogate (ISO 13790 / ECBC 2017 / ASHRAE 90.1)
Office,Warm & Humid,159.1,0.617,3.005,3.101,0.64,2856,100,5.74,4.21,4331.9,0.469,Physics-Calibrated Surrogate (ISO 13790 / ECBC 2017 / ASHRAE 90.1)
Office,Warm & Humid,137.1,0.397,1.822,4.769,0.37,2834,84,5.75,4.25,10090.4,0.176,Physics-Calibrated Surrogate (ISO 13790 / ECBC 2017 / ASHRAE 90.1)
Office,Warm & Humid,124.7,0.85,1.137,2.404,0.596,2770,72,4.93,4.89,1679.3,0.285,Physics-Calibrated Surrogate (ISO 13790 / ECBC 2017 / ASHRAE 90.1)
Office,Composite,152.6,1.103,2.396,4.056,0.463,2657,116,5.78,2.74,10467.1,0.269,Physics-Calibrated Surrogate (ISO 13790 / ECBC 2017 / ASHRAE 90.1)
Office,Composite,120.6,2.573,1.836,2.537,0.364,1953,115,5.52,4.49,8379.9,0.74,Physics-Calibrated Surrogate (ISO 13790 / ECBC 2017 / ASHRAE 90.1)
Office,Composite,119.2,0.903,1.851,5.371,0.262,1959,264,5.45,4.22,8014.8,0.43,Physics-Calibrated Surrogate (ISO 13790 / ECBC 2017 / ASHRAE 90.1)
Office,Hot & Dry,192.5,1.336,2.627,4.793,0.428,3868,274,6.91,3.46,7641.1,0.693,Physics-Calibrated Surrogate (ISO 13790 / ECBC 2017 / ASHRAE 90.1)
Office,Hot & Dry,125.5,1.164,1.801,2.294,0.218,3458,168,6.2,4.5,2745.6,0.214,Physics-Calibrated Surrogate (ISO 13790 / ECBC 2017 / ASHRAE 90.1)
Office,Composite,141.0,3.298,0.251,2.536,0.576,1623,217,5.07,3.39,5253.4,0.491,Physics-Calibrated Surrogate (ISO 13790 / ECBC 2017 / ASHRAE 90.1)
Office,Cold,158.4,0.456,2.333,5.747,0.594,635,2142,3.95,3.4,2641.5,0.321,Physics-Calibrated Surrogate (ISO 13790 / ECBC 2017 / ASHRAE 90.1)
Office,Composite,151.8,3.222,2.592,4.197,0.216,2506,632,5.41,4.24,7508.3,0.573,Physics-Calibrated Surrogate (ISO 13790 / ECBC 2017 / ASHRAE 90.1)
Office,Composite,161.8,0.784,1.776,1.703,0.768,2755,630,6.02,4.27,11331.2,0.442,Physics-Calibrated Surrogate (ISO 13790 / ECBC 2017 / ASHRAE 90.1)
Office,Cold,128.6,1.539,0.18,4.113,0.229,427,3004,4.79,4.15,3264.3,0.579,Physics-Calibrated Surrogate (ISO 13790 / ECBC 2017 / ASHRAE 90.1)
Office,Temperate,134.4,1.717,2.78,3.087,0.629,855,786,5.22,4.01,1350.1,0.385,Physics-Calibrated Surrogate (ISO 13790 / ECBC 2017 / ASHRAE 90.1)
Office,Temperate,96.0,1.479,2.21,1.582,0.231,792,321,4.53,3.84,2051.7,0.518,Physics-Calibrated Surrogate (ISO 13790 / ECBC 2017 / ASHRAE 90.1)
Office,Hot & Dry,181.4,3.979,3.296,4.042,0.767,3037,238,6.25,2.83,8156.6,0.147,Physics-Calibrated Surrogate (ISO 13790 / ECBC 2017 / ASHRAE 90.1)
Office,Cold,149.4,2.977,1.381,5.16,0.594,379,2233,4.05,3.04,7234.3,0.311,Physics-Calibrated Surrogate (ISO 13790 / ECBC 2017 / ASHRAE 90.1)
Office,Cold,141.8,4.084,0.984,5.178,0.325,224,1374,3.92,2.71,3345.6,0.761,Physics-Calibrated Surrogate (ISO 13790 / ECBC 2017 / ASHRAE 90.1)
Office,Hot & Dry,193.5,3.538,3.382,2.391,0.723,2976,259,5.94,3.07,1536.6,0.245,Physics-Calibrated Surrogate (ISO 13790 / ECBC 2017 / ASHRAE 90.1)
Office,Hot & Dry,179.0,3.69,1.075,4.464,0.684,2761,280,6.4,4.32,8745.9,0.785,Physics-Calibrated Surrogate (ISO 13790 / ECBC 2017 / ASHRAE 90.1)
Office,Cold,110.2,2.015,2.321,1.561,0.391,682,2018,4.15,4.85,11476.5,0.15,Physics-Calibrated Surrogate (ISO 13790 / ECBC 2017 / ASHRAE 90.1)
Office,Cold,145.5,2.062,1.839,5.577,0.444,472,2448,3.69,4.7,2940.3,0.535,Physics-Calibrated Surrogate (ISO 13790 / ECBC 2017 / ASHRAE 90.1)
Office,Temperate,129.1,1.516,2.017,3.968,0.828,961,741,5.17,4.64,6482.4,0.258,Physics-Calibrated Surrogate (ISO 13790 / ECBC 2017 / ASHRAE 90.1)
Office,Composite,130.9,1.229,1.423,4.712,0.65,2558,233,5.83,4.16,1938.3,0.294,Physics-Calibrated Surrogate (ISO 13790 / ECBC 2017 / ASHRAE 90.1)
Office,Hot & Dry,158.7,3.404,0.424,2.627,0.39,3496,309,6.36,3.42,8647.2,0.64,Physics-Calibrated Surrogate (ISO 13790 / ECBC 2017 / ASHRAE 90.1)
Office,Composite,122.5,0.599,2.925,3.282,0.749,2308,418,5.21,4.56,7672.1,0.184,Physics-Calibrated Surrogate (ISO 13790 / ECBC 2017 / ASHRAE 90.1)
Office,Warm & Humid,152.8,3.656,3.336,5.292,0.47,2271,119,4.88,4.09,2066.6,0.44,Physics-Calibrated Surrogate (ISO 13790 / ECBC 2017 / ASHRAE 90.1)
Office,Warm & Humid,148.1,0.56,3.101,1.854,0.622,2708,44,4.59,3.48,2169.1,0.482,Physics-Calibrated Surrogate (ISO 13790 / ECBC 2017 / ASHRAE 90.1)
Office,Cold,132.0,2.79,2.698,3.994,0.581,123,1930,4.35,4.47,8845.0,0.454,Physics-Calibrated Surrogate (ISO 13790 / ECBC 2017 / ASHRAE 90.1)
Office,Hot & Dry,159.0,3.6,2.298,1.415,0.703,3561,103,6.47,3.06,11114.9,0.103,Physics-Calibrated Surrogate (ISO 13790 / ECBC 2017 / ASHRAE 90.1)
Office,Temperate,161.9,2.232,2.394,2.37,0.676,943,302,4.76,2.88,8601.0,0.418,Physics-Calibrated Surrogate (ISO 13790 / ECBC 2017 / ASHRAE 90.1)
Office,Composite,137.7,1.211,3.047,5.144,0.816,1515,176,5.81,2.69,4629.6,0.186,Physics-Calibrated Surrogate (ISO 13790 / ECBC 2017 / ASHRAE 90.1)
Office,Temperate,102.6,1.81,0.751,2.141,0.158,308,231,5.12,3.38,7904.4,0.639,Physics-Calibrated Surrogate (ISO 13790 / ECBC 2017 / ASHRAE 90.1)
Office,Cold,123.7,4.201,1.278,2.384,0.658,154,1723,3.58,4.27,8011.1,0.596,Physics-Calibrated Surrogate (ISO 13790 / ECBC 2017 / ASHRAE 90.1)
Office,Cold,141.1,4.049,3.06,3.842,0.305,174,1953,3.94,3.51,5022.1,0.453,Physics-Calibrated Surrogate (ISO 13790 / ECBC 2017 / ASHRAE 90.1)
Office,Temperate,112.6,4.255,0.289,4.73,0.488,608,345,5.23,4.86,4641.3,0.326,Physics-Calibrated Surrogate (ISO 13790 / ECBC 2017 / ASHRAE 90.1)
Office,Cold,130.8,4.234,2.238,5.331,0.267,535,2005,4.86,4.07,8726.5,0.654,Physics-Calibrated Surrogate (ISO 13790 / ECBC 2017 / ASHRAE 90.1)
Office,Composite,169.9,4.173,1.61,4.467,0.472,2764,608,5.23,3.32,11971.1,0.561,Physics-Calibrated Surrogate (ISO 13790 / ECBC 2017 / ASHRAE 90.1)
Office,Cold,184.4,3.101,1.757,3.381,0.389,536,3189,5.17,2.77,6205.9,0.668,Physics-Calibrated Surrogate (ISO 13790 / ECBC 2017 / ASHRAE 90.1)
Office,Hot & Dry,134.9,2.866,0.422,4.134,0.484,2596,98,5.84,4.84,4554.9,0.61,Physics-Calibrated Surrogate (ISO 13790 / ECBC 2017 / ASHRAE 90.1)
Office,Warm & Humid,151.8,2.363,2.424,1.871,0.33,2954,50,5.45,3.97,3047.3,0.732,Physics-Calibrated Surrogate (ISO 13790 / ECBC 2017 / ASHRAE 90.1)
Office,Warm & Humid,116.8,0.695,0.888,2.229,0.805,2765,16,5.34,3.58,5354.4,0.339,Physics-Calibrated Surrogate (ISO 13790 / ECBC 2017 / ASHRAE 90.1)
Office,Warm & Humid,127.9,3.474,1.146,5.493,0.823,2800,91,4.73,4.67,7887.1,0.516,Physics-Calibrated Surrogate (ISO 13790 / ECBC 2017 / ASHRAE 90.1)
Office,Temperate,149.0,3.079,3.182,2.022,0.488,631,461,4.73,4.77,6295.8,0.777,Physics-Calibrated Surrogate (ISO 13790 / ECBC 2017 / ASHRAE 90.1)
Office,Cold,176.7,2.407,1.15,5.266,0.781,652,3073,3.74,3.23,2930.1,0.524,Physics-Calibrated Surrogate (ISO 13790 / ECBC 2017 / ASHRAE 90.1)
Office,Hot & Dry,138.2,0.796,0.953,2.103,0.537,2605,123,6.19,4.68,2577.3,0.622,Physics-Calibrated Surrogate (ISO 13790 / ECBC 2017 / ASHRAE 90.1)
Office,Temperate,99.2,0.605,0.779,4.632,0.564,1176,259,4.93,3.85,9671.5,0.193,Physics-Calibrated Surrogate (ISO 13790 / ECBC 2017 / ASHRAE 90.1)
Office,Composite,191.2,3.414,2.163,1.714,0.703,2466,719,5.59,2.7,7247.9,0.564,Physics-Calibrated Surrogate (ISO 13790 / ECBC 2017 / ASHRAE 90.1)
Office,Composite,113.7,1.364,1.084,1.63,0.346,2441,551,5.48,3.3,7856.4,0.102,Physics-Calibrated Surrogate (ISO 13790 / ECBC 2017 / ASHRAE 90.1)
Office,Warm & Humid,150.4,0.533,2.552,1.659,0.248,2986,43,4.7,2.9,5974.6,0.553,Physics-Calibrated Surrogate (ISO 13790 / ECBC 2017 / ASHRAE 90.1)
Office,Temperate,122.3,4.036,1.791,3.699,0.346,625,686,4.92,3.86,1267.9,0.11,Physics-Calibrated Surrogate (ISO 13790 / ECBC 2017 / ASHRAE 90.1)
Office,Composite,155.8,0.839,0.483,4.958,0.708,2422,846,4.95,3.62,6914.2,0.666,Physics-Calibrated Surrogate (ISO 13790 / ECBC 2017 / ASHRAE 90.1)
Office,Warm & Humid,150.1,3.354,2.746,4.185,0.289,2701,20,5.17,3.49,5558.8,0.498,Physics-Calibrated Surrogate (ISO 13790 / ECBC 2017 / ASHRAE 90.1)
Office,Temperate,99.2,0.701,3.138,1.252,0.151,497,781,4.93,4.57,5542.8,0.301,Physics-Calibrated Surrogate (ISO 13790 / ECBC 2017 / ASHRAE 90.1)
Office,Hot & Dry,147.9,3.862,2.086,2.425,0.341,4239,362,6.34,3.48,10190.4,0.228,Physics-Calibrated Surrogate (ISO 13790 / ECBC 2017 / ASHRAE 90.1)
Office,Composite,122.9,2.568,0.42,4.727,0.559,2096,298,5.06,2.72,8673.1,0.209,Physics-Calibrated Surrogate (ISO 13790 / ECBC 2017 / ASHRAE 90.1)
Office,Temperate,152.3,0.767,2.974,5.647,0.649,1091,466,5.04,3.55,11911.0,0.553,Physics-Calibrated Surrogate (ISO 13790 / ECBC 2017 / ASHRAE 90.1)
Office,Warm & Humid,138.2,2.363,0.711,3.281,0.508,3233,102,4.86,3.83,5118.6,0.389,Physics-Calibrated Surrogate (ISO 13790 / ECBC 2017 / ASHRAE 90.1)
Office,Cold,149.5,4.171,1.681,4.225,0.831,548,3421,3.5,4.36,8995.2,0.533,Physics-Calibrated Surrogate (ISO 13790 / ECBC 2017 / ASHRAE 90.1)
Office,Cold,157.2,0.505,1.7,2.059,0.738,588,1842,5.19,4.6,5903.5,0.616,Physics-Calibrated Surrogate (ISO 13790 / ECBC 2017 / ASHRAE 90.1)
Office,Composite,140.3,3.486,0.366,3.117,0.622,1929,496,5.08,2.83,10852.5,0.448,Physics-Calibrated Surrogate (ISO 13790 / ECBC 2017 / ASHRAE 90.1)
Office,Composite,130.4,1.913,0.495,4.954,0.688,2239,172,6.1,4.08,9399.1,0.376,Physics-Calibrated Surrogate (ISO 13790 / ECBC 2017 / ASHRAE 90.1)
Office,Cold,136.9,1.917,2.468,1.82,0.529,493,1831,4.09,4.8,8001.4,0.725,Physics-Calibrated Surrogate (ISO 13790 / ECBC 2017 / ASHRAE 90.1)
Office,Hot & Dry,180.3,3.985,1.907,2.918,0.757,2868,296,5.88,3.28,5712.2,0.547,Physics-Calibrated Surrogate (ISO 13790 / ECBC 2017 / ASHRAE 90.1)
Office,Hot & Dry,230.9,2.797,3.261,2.518,0.345,4431,196,6.68,3.6,854.0,0.51,Physics-Calibrated Surrogate (ISO 13790 / ECBC 2017 / ASHRAE 90.1)
Office,Temperate,148.4,0.518,1.431,3.011,0.849,418,657,4.77,3.25,1417.0,0.536,Physics-Calibrated Surrogate (ISO 13790 / ECBC 2017 / ASHRAE 90.1)
Office,Cold,131.1,3.56,0.375,2.143,0.832,623,3464,4.83,4.23,11196.9,0.613,Physics-Calibrated Surrogate (ISO 13790 / ECBC 2017 / ASHRAE 90.1)
Office,Composite,191.4,3.484,1.493,2.725,0.833,2225,316,6.05,4.28,4213.1,0.74,Physics-Calibrated Surrogate (ISO 13790 / ECBC 2017 / ASHRAE 90.1)
Office,Cold,153.5,2.77,1.577,2.702,0.599,582,1550,3.66,2.51,1601.8,0.433,Physics-Calibrated Surrogate (ISO 13790 / ECBC 2017 / ASHRAE 90.1)
Office,Hot & Dry,136.0,4.289,1.433,3.968,0.465,3842,167,5.79,4.19,11793.9,0.406,Physics-Calibrated Surrogate (ISO 13790 / ECBC 2017 / ASHRAE 90.1)
Office,Warm & Humid,119.6,1.862,0.702,2.162,0.61,3067,98,5.08,3.78,10244.5,0.311,Physics-Calibrated Surrogate (ISO 13790 / ECBC 2017 / ASHRAE 90.1)
Office,Warm & Humid,152.4,1.739,2.387,5.647,0.423,3093,35,5.61,4.2,4961.6,0.74,Physics-Calibrated Surrogate (ISO 13790 / ECBC 2017 / ASHRAE 90.1)
Office,Temperate,119.0,4.238,3.213,2.367,0.431,848,707,4.95,4.11,11761.5,0.417,Physics-Calibrated Surrogate (ISO 13790 / ECBC 2017 / ASHRAE 90.1)
Office,Warm & Humid,169.2,2.958,3.499,3.559,0.536,2399,124,4.98,3.54,3458.5,0.498,Physics-Calibrated Surrogate (ISO 13790 / ECBC 2017 / ASHRAE 90.1)
Office,Warm & Humid,107.2,0.325,0.47,2.154,0.394,2453,2,4.58,3.85,6312.6,0.521,Physics-Calibrated Surrogate (ISO 13790 / ECBC 2017 / ASHRAE 90.1)
Office,Temperate,112.5,1.418,0.219,2.184,0.279,908,611,4.79,2.59,4973.2,0.583,Physics-Calibrated Surrogate (ISO 13790 / ECBC 2017 / ASHRAE 90.1)
Office,Cold,153.5,3.763,2.694,2.881,0.2,228,2242,4.28,3.37,5802.7,0.668,Physics-Calibrated Surrogate (ISO 13790 / ECBC 2017 / ASHRAE 90.1)
Office,Warm & Humid,136.2,2.237,1.975,5.573,0.407,3452,66,5.32,4.95,6700.7,0.205,Physics-Calibrated Surrogate (ISO 13790 / ECBC 2017 / ASHRAE 90.1)
Office,Cold,136.8,2.169,3.461,4.282,0.682,140,2571,3.74,2.8,5708.7,0.115,Physics-Calibrated Surrogate (ISO 13790 / ECBC 2017 / ASHRAE 90.1)
Office,Cold,145.0,1.272,1.414,4.844,0.52,371,1602,4.5,3.51,6411.5,0.681,Physics-Calibrated Surrogate (ISO 13790 / ECBC 2017 / ASHRAE 90.1)
Office,Composite,125.3,2.733,3.198,4.88,0.443,2462,591,6.09,4.89,8630.7,0.185,Physics-Calibrated Surrogate (ISO 13790 / ECBC 2017 / ASHRAE 90.1)
Office,Warm & Humid,128.4,0.953,2.259,3.834,0.54,2739,124,5.17,4.57,8881.1,0.551,Physics-Calibrated Surrogate (ISO 13790 / ECBC 2017 / ASHRAE 90.1)
Office,Cold,112.4,2.295,0.342,4.505,0.41,271,1433,3.88,3.0,3679.6,0.135,Physics-Calibrated Surrogate (ISO 13790 / ECBC 2017 / ASHRAE 90.1)
Office,Warm & Humid,168.6,2.653,0.613,5.412,0.48,2582,18,5.76,2.86,1611.5,0.458,Physics-Calibrated Surrogate (ISO 13790 / ECBC 2017 / ASHRAE 90.1)
Office,Warm & Humid,166.9,2.893,3.408,4.476,0.803,2774,2,4.85,4.98,1189.9,0.613,Physics-Calibrated Surrogate (ISO 13790 / ECBC 2017 / ASHRAE 90.1)
Office,Composite,127.9,1.381,3.125,2.703,0.547,1293,585,4.94,3.49,7911.2,0.227,Physics-Calibrated Surrogate (ISO 13790 / ECBC 2017 / ASHRAE 90.1)
Office,Hot & Dry,221.9,2.738,1.686,3.729,0.413,3335,270,6.73,2.82,1426.0,0.706,Physics-Calibrated Surrogate (ISO 13790 / ECBC 2017 / ASHRAE 90.1)
Office,Composite,122.5,1.075,0.362,5.287,0.802,2305,208,5.22,3.97,3074.2,0.201,Physics-Calibrated Surrogate (ISO 13790 / ECBC 2017 / ASHRAE 90.1)
Office,Temperate,116.9,3.276,1.837,3.833,0.481,725,126,4.62,3.71,3018.9,0.156,Physics-Calibrated Surrogate (ISO 13790 / ECBC 2017 / ASHRAE 90.1)
Office,Warm & Humid,122.0,1.586,0.45,2.269,0.305,2557,119,5.01,4.35,9066.6,0.764,Physics-Calibrated Surrogate (ISO 13790 / ECBC 2017 / ASHRAE 90.1)
Office,Cold,176.4,1.759,1.677,3.766,0.63,130,2516,4.64,3.1,3224.8,0.591,Physics-Calibrated Surrogate (ISO 13790 / ECBC 2017 / ASHRAE 90.1)
Office,Temperate,114.4,2.54,0.702,3.176,0.436,904,564,5.06,4.3,5702.9,0.21,Physics-Calibrated Surrogate (ISO 13790 / ECBC 2017 / ASHRAE 90.1)
Office,Warm & Humid,145.3,2.927,1.182,2.977,0.364,2501,51,4.92,3.99,5605.9,0.641,Physics-Calibrated Surrogate (ISO 13790 / ECBC 2017 / ASHRAE 90.1)
Office,Hot & Dry,176.2,2.808,2.613,2.762,0.563,3992,374,6.07,4.34,1292.5,0.467,Physics-Calibrated Surrogate (ISO 13790 / ECBC 2017 / ASHRAE 90.1)
Office,Temperate,193.8,1.89,2.652,5.265,0.687,920,730,4.59,2.59,8379.6,0.664,Physics-Calibrated Surrogate (ISO 13790 / ECBC 2017 / ASHRAE 90.1)
Office,Temperate,110.1,2.236,0.306,2.554,0.561,367,230,5.47,3.27,5457.8,0.147,Physics-Calibrated Surrogate (ISO 13790 / ECBC 2017 / ASHRAE 90.1)
Office,Composite,128.8,4.382,0.692,1.488,0.286,2730,646,5.29,4.34,5158.5,0.596,Physics-Calibrated Surrogate (ISO 13790 / ECBC 2017 / ASHRAE 90.1)
Office,Warm & Humid,127.6,4.28,2.911,5.672,0.276,2281,78,5.11,3.03,11986.1,0.211,Physics-Calibrated Surrogate (ISO 13790 / ECBC 2017 / ASHRAE 90.1)
Office,Composite,123.9,2.844,2.952,2.913,0.469,1712,686,5.59,4.25,9627.5,0.143,Physics-Calibrated Surrogate (ISO 13790 / ECBC 2017 / ASHRAE 90.1)
Office,Temperate,135.2,3.171,2.224,4.043,0.628,390,143,4.94,3.46,4419.7,0.608,Physics-Calibrated Surrogate (ISO 13790 / ECBC 2017 / ASHRAE 90.1)
Office,Cold,124.3,2.82,1.41,4.951,0.452,559,3436,5.0,4.17,4436.2,0.188,Physics-Calibrated Surrogate (ISO 13790 / ECBC 2017 / ASHRAE 90.1)
Office,Composite,137.0,3.203,3.271,1.742,0.193,1715,287,5.72,3.28,7149.4,0.792,Physics-Calibrated Surrogate (ISO 13790 / ECBC 2017 / ASHRAE 90.1)
Office,Composite,122.3,2.406,0.69,5.641,0.293,2439,257,5.81,2.98,2488.9,0.105,Physics-Calibrated Surrogate (ISO 13790 / ECBC 2017 / ASHRAE 90.1)
Office,Hot & Dry,184.3,4.039,1.893,2.799,0.328,2713,295,6.6,3.11,741.3,0.377,Physics-Calibrated Surrogate (ISO 13790 / ECBC 2017 / ASHRAE 90.1)
Office,Warm & Humid,105.0,3.582,0.282,2.618,0.551,2258,94,4.61,3.52,3861.4,0.132,Physics-Calibrated Surrogate (ISO 13790 / ECBC 2017 / ASHRAE 90.1)
Office,Hot & Dry,169.2,2.961,2.35,3.372,0.259,2835,274,5.57,2.52,8852.7,0.729,Physics-Calibrated Surrogate (ISO 13790 / ECBC 2017 / ASHRAE 90.1)
Office,Hot & Dry,146.1,2.173,1.583,4.079,0.664,3998,283,6.94,4.46,5457.5,0.356,Physics-Calibrated Surrogate (ISO 13790 / ECBC 2017 / ASHRAE 90.1)
Office,Warm & Humid,126.6,1.245,0.288,4.308,0.3,2428,10,4.77,4.97,10566.0,0.442,Physics-Calibrated Surrogate (ISO 13790 / ECBC 2017 / ASHRAE 90.1)
Office,Warm & Humid,104.4,2.163,1.3,2.182,0.786,2568,73,5.7,4.73,9978.2,0.146,Physics-Calibrated Surrogate (ISO 13790 / ECBC 2017 / ASHRAE 90.1)
Office,Hot & Dry,115.4,1.598,0.845,3.082,0.287,3909,113,5.9,4.91,7553.8,0.341,Physics-Calibrated Surrogate (ISO 13790 / ECBC 2017 / ASHRAE 90.1)
Office,Composite,153.2,0.799,2.697,4.213,0.313,2612,710,5.94,4.93,9052.5,0.713,Physics-Calibrated Surrogate (ISO 13790 / ECBC 2017 / ASHRAE 90.1)
Office,Composite,186.6,2.77,2.779,1.254,0.631,2694,427,5.55,3.3,5460.7,0.596,Physics-Calibrated Surrogate (ISO 13790 / ECBC 2017 / ASHRAE 90.1)
Office,Temperate,130.2,1.654,2.564,4.417,0.378,1124,132,4.5,3.59,2842.9,0.394,Physics-Calibrated Surrogate (ISO 13790 / ECBC 2017 / ASHRAE 90.1)
Office,Temperate,90.0,2.069,0.317,4.213,0.204,308,139,5.44,2.65,2537.4,0.202,Physics-Calibrated Surrogate (ISO 13790 / ECBC 2017 / ASHRAE 90.1)
Office,Temperate,132.3,4.488,1.096,1.588,0.634,1073,428,4.47,4.02,10367.4,0.233,Physics-Calibrated Surrogate (ISO 13790 / ECBC 2017 / ASHRAE 90.1)
Office,Composite,113.9,2.58,0.363,4.388,0.193,1740,326,4.88,4.35,2268.1,0.763,Physics-Calibrated Surrogate (ISO 13790 / ECBC 2017 / ASHRAE 90.1)
Office,Temperate,109.6,2.365,2.554,3.576,0.155,849,234,5.34,2.7,5216.0,0.289,Physics-Calibrated Surrogate (ISO 13790 / ECBC 2017 / ASHRAE 90.1)
Office,Cold,195.4,1.387,2.658,1.954,0.743,407,3384,4.57,2.83,1405.1,0.223,Physics-Calibrated Surrogate (ISO 13790 / ECBC 2017 / ASHRAE 90.1)
Office,Temperate,107.2,2.21,1.586,2.748,0.15,642,692,4.97,4.73,10780.7,0.181,Physics-Calibrated Surrogate (ISO 13790 / ECBC 2017 / ASHRAE 90.1)
Office,Cold,161.3,4.135,2.025,3.949,0.392,126,2544,5.07,3.43,7594.7,0.522,Physics-Calibrated Surrogate (ISO 13790 / ECBC 2017 / ASHRAE 90.1)
Office,Composite,106.3,2.208,0.878,5.333,0.363,1904,265,5.58,3.99,3710.8,0.216,Physics-Calibrated Surrogate (ISO 13790 / ECBC 2017 / ASHRAE 90.1)
Office,Composite,166.5,1.574,2.289,4.074,0.568,2295,473,5.58,2.9,11422.6,0.526,Physics-Calibrated Surrogate (ISO 13790 / ECBC 2017 / ASHRAE 90.1)
Office,Composite,118.0,4.203,1.07,3.648,0.197,2772,590,5.48,3.56,10473.1,0.184,Physics-Calibrated Surrogate (ISO 13790 / ECBC 2017 / ASHRAE 90.1)
Office,Hot & Dry,151.1,1.98,2.538,1.396,0.24,2697,223,6.18,2.77,3090.6,0.213,Physics-Calibrated Surrogate (ISO 13790 / ECBC 2017 / ASHRAE 90.1)
Office,Temperate,147.9,1.695,2.087,1.651,0.805,468,710,4.42,3.34,7316.9,0.633,Physics-Calibrated Surrogate (ISO 13790 / ECBC 2017 / ASHRAE 90.1)
Office,Composite,221.0,2.153,2.951,4.919,0.822,1904,596,5.89,3.13,2677.4,0.608,Physics-Calibrated Surrogate (ISO 13790 / ECBC 2017 / ASHRAE 90.1)
Office,Composite,129.0,1.001,2.825,2.02,0.204,2035,341,5.44,4.59,11591.9,0.682,Physics-Calibrated Surrogate (ISO 13790 / ECBC 2017 / ASHRAE 90.1)
Office,Hot & Dry,157.0,3.095,1.93,1.451,0.817,3693,337,5.64,4.48,11567.3,0.403,Physics-Calibrated Surrogate (ISO 13790 / ECBC 2017 / ASHRAE 90.1)
Office,Composite,179.2,4.308,2.225,4.55,0.64,2315,467,6.11,4.05,9765.5,0.771,Physics-Calibrated Surrogate (ISO 13790 / ECBC 2017 / ASHRAE 90.1)
Office,Warm & Humid,173.8,4.251,1.163,5.161,0.492,3450,101,5.62,2.91,11206.1,0.642,Physics-Calibrated Surrogate (ISO 13790 / ECBC 2017 / ASHRAE 90.1)
Office,Hot & Dry,118.2,1.979,0.711,2.093,0.424,2911,495,5.93,4.9,816.2,0.24,Physics-Calibrated Surrogate (ISO 13790 / ECBC 2017 / ASHRAE 90.1)
Office,Temperate,127.3,1.279,1.445,3.628,0.52,1034,225,4.79,4.4,5885.5,0.388,Physics-Calibrated Surrogate (ISO 13790 / ECBC 2017 / ASHRAE 90.1)
Office,Hot & Dry,186.2,4.085,2.899,4.133,0.608,3356,336,6.37,2.71,11561.2,0.37,Physics-Calibrated Surrogate (ISO 13790 / ECBC 2017 / ASHRAE 90.1)
Office,Hot & Dry,125.6,0.974,0.787,4.494,0.185,2594,254,6.19,3.7,11858.9,0.515,Physics-Calibrated Surrogate (ISO 13790 / ECBC 2017 / ASHRAE 90.1)
Office,Cold,161.2,3.806,1.955,1.221,0.78,313,2895,4.48,2.87,9764.3,0.441,Physics-Calibrated Surrogate (ISO 13790 / ECBC 2017 / ASHRAE 90.1)
Office,Warm & Humid,108.5,0.981,2.224,3.526,0.364,2200,108,4.95,4.32,5288.7,0.658,Physics-Calibrated Surrogate (ISO 13790 / ECBC 2017 / ASHRAE 90.1)
Office,Cold,195.6,2.943,3.079,1.205,0.521,479,3071,4.64,3.04,9726.3,0.781,Physics-Calibrated Surrogate (ISO 13790 / ECBC 2017 / ASHRAE 90.1)
Office,Warm & Humid,135.9,3.728,1.034,5.016,0.641,2519,107,4.98,4.97,7496.5,0.709,Physics-Calibrated Surrogate (ISO 13790 / ECBC 2017 / ASHRAE 90.1)
Office,Cold,152.3,0.726,0.158,1.422,0.827,600,1371,4.77,2.82,7057.1,0.516,Physics-Calibrated Surrogate (ISO 13790 / ECBC 2017 / ASHRAE 90.1)
Office,Temperate,129.4,3.105,0.943,3.245,0.593,1072,384,5.21,4.09,7958.9,0.528,Physics-Calibrated Surrogate (ISO 13790 / ECBC 2017 / ASHRAE 90.1)
Office,Cold,168.9,2.214,3.328,2.025,0.623,440,3052,4.81,3.94,5562.1,0.569,Physics-Calibrated Surrogate (ISO 13790 / ECBC 2017 / ASHRAE 90.1)
Office,Warm & Humid,207.2,2.543,2.979,4.555,0.732,2803,4,5.43,3.03,3380.6,0.514,Physics-Calibrated Surrogate (ISO 13790 / ECBC 2017 / ASHRAE 90.1)
Office,Temperate,103.0,3.216,1.05,5.399,0.359,355,486,4.97,3.89,4491.0,0.237,Physics-Calibrated Surrogate (ISO 13790 / ECBC 2017 / ASHRAE 90.1)
Office,Warm & Humid,171.3,2.107,2.782,3.272,0.333,2920,76,5.7,2.57,4247.1,0.174,Physics-Calibrated Surrogate (ISO 13790 / ECBC 2017 / ASHRAE 90.1)
Office,Hot & Dry,165.4,3.762,2.514,4.251,0.223,3486,277,6.91,3.18,11796.4,0.763,Physics-Calibrated Surrogate (ISO 13790 / ECBC 2017 / ASHRAE 90.1)
Office,Temperate,119.5,2.761,2.74,1.825,0.712,309,243,4.38,4.03,4617.6,0.395,Physics-Calibrated Surrogate (ISO 13790 / ECBC 2017 / ASHRAE 90.1)
Office,Hot & Dry,138.7,3.634,1.074,3.537,0.545,3409,265,5.95,4.86,9773.6,0.474,Physics-Calibrated Surrogate (ISO 13790 / ECBC 2017 / ASHRAE 90.1)
Office,Hot & Dry,154.9,1.096,3.052,4.536,0.299,4391,89,6.68,4.04,7462.4,0.271,Physics-Calibrated Surrogate (ISO 13790 / ECBC 2017 / ASHRAE 90.1)
Office,Temperate,194.2,3.147,3.17,1.823,0.731,732,106,4.78,3.18,10143.5,0.786,Physics-Calibrated Surrogate (ISO 13790 / ECBC 2017 / ASHRAE 90.1)
Office,Hot & Dry,157.7,3.253,0.238,3.269,0.73,4049,262,5.64,4.34,4692.4,0.655,Physics-Calibrated Surrogate (ISO 13790 / ECBC 2017 / ASHRAE 90.1)
Office,Hot & Dry,170.8,1.959,0.183,4.3,0.649,2614,301,6.33,4.07,840.2,0.539,Physics-Calibrated Surrogate (ISO 13790 / ECBC 2017 / ASHRAE 90.1)
Office,Hot & Dry,136.0,1.457,2.049,3.255,0.665,3986,55,6.71,3.45,8574.2,0.247,Physics-Calibrated Surrogate (ISO 13790 / ECBC 2017 / ASHRAE 90.1)
Office,Cold,149.3,2.57,1.968,4.834,0.413,608,1977,3.57,4.99,699.7,0.553,Physics-Calibrated Surrogate (ISO 13790 / ECBC 2017 / ASHRAE 90.1)
Office,Hot & Dry,119.8,0.919,0.778,4.731,0.306,2563,263,6.4,4.92,581.5,0.124,Physics-Calibrated Surrogate (ISO 13790 / ECBC 2017 / ASHRAE 90.1)
Office,Temperate,127.1,3.43,1.796,3.962,0.25,1160,785,4.52,4.53,8425.6,0.779,Physics-Calibrated Surrogate (ISO 13790 / ECBC 2017 / ASHRAE 90.1)
Office,Temperate,160.7,1.701,2.674,2.448,0.591,685,155,5.49,2.56,11503.6,0.548,Physics-Calibrated Surrogate (ISO 13790 / ECBC 2017 / ASHRAE 90.1)
Office,Hot & Dry,153.3,3.273,2.495,2.05,0.568,2936,271,5.85,4.65,9449.1,0.305,Physics-Calibrated Surrogate (ISO 13790 / ECBC 2017 / ASHRAE 90.1)
Office,Warm & Humid,120.6,0.99,1.736,4.559,0.587,2223,6,5.69,4.32,6980.4,0.349,Physics-Calibrated Surrogate (ISO 13790 / ECBC 2017 / ASHRAE 90.1)
Office,Hot & Dry,151.9,4.224,0.219,1.251,0.689,2705,92,6.69,4.12,5125.0,0.566,Physics-Calibrated Surrogate (ISO 13790 / ECBC 2017 / ASHRAE 90.1)
Office,Composite,126.6,2.314,0.625,4.847,0.812,2112,480,6.08,4.72,11232.6,0.517,Physics-Calibrated Surrogate (ISO 13790 / ECBC 2017 / ASHRAE 90.1)
Office,Temperate,138.7,1.238,0.373,2.446,0.428,1194,315,4.66,3.6,11767.8,0.788,Physics-Calibrated Surrogate (ISO 13790 / ECBC 2017 / ASHRAE 90.1)
Office,Cold,134.8,1.51,0.361,2.97,0.406,239,2793,3.82,3.68,4900.6,0.77,Physics-Calibrated Surrogate (ISO 13790 / ECBC 2017 / ASHRAE 90.1)
Office,Cold,179.7,2.02,2.218,5.34,0.703,477,2121,3.58,2.98,6901.9,0.684,Physics-Calibrated Surrogate (ISO 13790 / ECBC 2017 / ASHRAE 90.1)
Office,Hot & Dry,186.8,2.475,3.094,5.316,0.467,3059,257,5.69,3.64,7054.0,0.444,Physics-Calibrated Surrogate (ISO 13790 / ECBC 2017 / ASHRAE 90.1)
Office,Warm & Humid,157.3,2.532,2.251,4.143,0.56,2805,85,5.74,2.94,7968.1,0.294,Physics-Calibrated Surrogate (ISO 13790 / ECBC 2017 / ASHRAE 90.1)
Office,Composite,138.5,0.539,1.766,2.07,0.806,1983,148,5.28,2.53,11006.8,0.208,Physics-Calibrated Surrogate (ISO 13790 / ECBC 2017 / ASHRAE 90.1)
Office,Cold,126.8,3.704,0.271,3.807,0.41,296,1858,3.67,4.73,1116.4,0.507,Physics-Calibrated Surrogate (ISO 13790 / ECBC 2017 / ASHRAE 90.1)
Office,Cold,99.9,1.606,2.244,5.271,0.286,546,1210,5.19,4.33,9807.9,0.196,Physics-Calibrated Surrogate (ISO 13790 / ECBC 2017 / ASHRAE 90.1)
Office,Cold,129.8,2.131,1.825,4.408,0.407,558,3049,4.47,4.66,11414.0,0.411,Physics-Calibrated Surrogate (ISO 13790 / ECBC 2017 / ASHRAE 90.1)
Office,Hot & Dry,188.3,4.349,2.426,5.721,0.523,3352,284,6.76,3.0,10187.2,0.43,Physics-Calibrated Surrogate (ISO 13790 / ECBC 2017 / ASHRAE 90.1)
Office,Composite,149.1,3.873,2.758,5.116,0.34,2312,850,5.07,3.98,4111.2,0.417,Physics-Calibrated Surrogate (ISO 13790 / ECBC 2017 / ASHRAE 90.1)
Office,Hot & Dry,154.7,4.317,1.711,5.599,0.767,3717,441,6.35,4.42,10039.3,0.328,Physics-Calibrated Surrogate (ISO 13790 / ECBC 2017 / ASHRAE 90.1)
Office,Temperate,142.9,3.644,1.653,1.758,0.541,1099,466,5.15,3.16,8828.0,0.542,Physics-Calibrated Surrogate (ISO 13790 / ECBC 2017 / ASHRAE 90.1)
Office,Hot & Dry,177.6,4.369,3.407,4.01,0.425,4357,160,5.54,3.78,5770.2,0.147,Physics-Calibrated Surrogate (ISO 13790 / ECBC 2017 / ASHRAE 90.1)
Office,Temperate,123.5,0.434,1.85,4.592,0.834,406,343,4.77,2.59,8978.6,0.377,Physics-Calibrated Surrogate (ISO 13790 / ECBC 2017 / ASHRAE 90.1)
Office,Temperate,165.1,3.201,2.193,1.388,0.684,1067,600,4.51,4.1,1974.9,0.63,Physics-Calibrated Surrogate (ISO 13790 / ECBC 2017 / ASHRAE 90.1)
Office,Temperate,106.3,4.356,0.398,2.417,0.29,919,330,5.17,4.67,4334.1,0.59,Physics-Calibrated Surrogate (ISO 13790 / ECBC 2017 / ASHRAE 90.1)
Office,Hot & Dry,124.1,3.957,0.762,4.357,0.397,2975,97,5.92,4.95,5256.7,0.6,Physics-Calibrated Surrogate (ISO 13790 / ECBC 2017 / ASHRAE 90.1)
Office,Warm & Humid,147.4,2.235,2.418,3.676,0.591,3026,58,4.56,3.99,8530.1,0.613,Physics-Calibrated Surrogate (ISO 13790 / ECBC 2017 / ASHRAE 90.1)
Office,Cold,130.8,0.983,0.992,2.188,0.662,322,2189,4.26,3.68,9405.7,0.357,Physics-Calibrated Surrogate (ISO 13790 / ECBC 2017 / ASHRAE 90.1)
Office,Warm & Humid,150.3,2.971,2.998,1.639,0.664,3183,108,5.67,4.36,1521.0,0.201,Physics-Calibrated Surrogate (ISO 13790 / ECBC 2017 / ASHRAE 90.1)
Office,Composite,137.7,2.784,1.398,2.979,0.769,1696,115,5.3,4.63,10781.1,0.139,Physics-Calibrated Surrogate (ISO 13790 / ECBC 2017 / ASHRAE 90.1)
Office,Composite,172.8,3.766,3.233,1.384,0.671,1820,553,5.56,2.59,8225.7,0.422,Physics-Calibrated Surrogate (ISO 13790 / ECBC 2017 / ASHRAE 90.1)
Office,Cold,119.2,0.622,1.366,2.428,0.311,193,2480,4.08,2.65,3061.7,0.579,Physics-Calibrated Surrogate (ISO 13790 / ECBC 2017 / ASHRAE 90.1)
Office,Hot & Dry,169.1,1.783,3.024,1.326,0.152,3010,250,6.8,3.2,7692.1,0.101,Physics-Calibrated Surrogate (ISO 13790 / ECBC 2017 / ASHRAE 90.1)
Office,Warm & Humid,175.1,0.735,1.891,3.857,0.67,2490,105,4.64,3.09,6104.6,0.544,Physics-Calibrated Surrogate (ISO 13790 / ECBC 2017 / ASHRAE 90.1)
Office,Temperate,172.0,3.3,2.917,1.612,0.36,1137,541,5.48,2.64,3001.2,0.79,Physics-Calibrated Surrogate (ISO 13790 / ECBC 2017 / ASHRAE 90.1)
Office,Hot & Dry,152.1,0.923,0.675,1.401,0.75,3666,480,5.71,3.05,2818.6,0.348,Physics-Calibrated Surrogate (ISO 13790 / ECBC 2017 / ASHRAE 90.1)
Office,Hot & Dry,153.3,3.036,0.634,3.937,0.242,2883,349,6.95,3.5,7309.7,0.604,Physics-Calibrated Surrogate (ISO 13790 / ECBC 2017 / ASHRAE 90.1)
Office,Warm & Humid,166.1,0.835,3.14,4.738,0.847,2324,135,5.54,3.13,8848.1,0.157,Physics-Calibrated Surrogate (ISO 13790 / ECBC 2017 / ASHRAE 90.1)
Office,Composite,108.7,2.211,0.599,4.927,0.412,1529,202,5.62,4.25,11421.4,0.484,Physics-Calibrated Surrogate (ISO 13790 / ECBC 2017 / ASHRAE 90.1)
Office,Warm & Humid,124.3,2.984,0.49,4.423,0.158,2918,76,5.19,4.21,718.5,0.26,Physics-Calibrated Surrogate (ISO 13790 / ECBC 2017 / ASHRAE 90.1)
Office,Hot & Dry,148.9,3.959,0.72,1.538,0.234,4313,328,5.9,2.9,9936.4,0.607,Physics-Calibrated Surrogate (ISO 13790 / ECBC 2017 / ASHRAE 90.1)
Office,Temperate,111.9,1.87,1.624,5.438,0.772,774,194,4.44,4.56,10979.3,0.246,Physics-Calibrated Surrogate (ISO 13790 / ECBC 2017 / ASHRAE 90.1)
Office,Cold,165.4,0.67,2.253,3.288,0.77,132,2526,5.16,3.47,7473.9,0.605,Physics-Calibrated Surrogate (ISO 13790 / ECBC 2017 / ASHRAE 90.1)
Office,Composite,141.3,0.57,3.123,1.777,0.196,1803,204,5.16,3.91,1071.2,0.686,Physics-Calibrated Surrogate (ISO 13790 / ECBC 2017 / ASHRAE 90.1)
Office,Composite,149.3,1.388,1.729,3.95,0.649,1379,219,5.84,2.92,6979.2,0.436,Physics-Calibrated Surrogate (ISO 13790 / ECBC 2017 / ASHRAE 90.1)
Office,Warm & Humid,131.8,0.503,1.247,4.544,0.796,2532,18,4.78,4.09,11031.6,0.233,Physics-Calibrated Surrogate (ISO 13790 / ECBC 2017 / ASHRAE 90.1)
Office,Warm & Humid,150.4,2.411,0.323,2.218,0.321,2794,25,4.58,3.34,7448.2,0.776,Physics-Calibrated Surrogate (ISO 13790 / ECBC 2017 / ASHRAE 90.1)
Office,Cold,155.1,0.709,2.795,2.877,0.637,214,2445,4.51,4.83,5763.4,0.756,Physics-Calibrated Surrogate (ISO 13790 / ECBC 2017 / ASHRAE 90.1)
Office,Warm & Humid,155.6,3.233,2.263,5.532,0.707,2322,91,4.63,3.89,3716.9,0.476,Physics-Calibrated Surrogate (ISO 13790 / ECBC 2017 / ASHRAE 90.1)
Office,Hot & Dry,104.6,0.956,0.333,3.044,0.386,3482,367,6.29,4.09,703.5,0.15,Physics-Calibrated Surrogate (ISO 13790 / ECBC 2017 / ASHRAE 90.1)
Office,Warm & Humid,128.3,4.303,0.49,4.824,0.512,3408,34,4.86,3.58,10230.0,0.142,Physics-Calibrated Surrogate (ISO 13790 / ECBC 2017 / ASHRAE 90.1)
Office,Temperate,118.1,1.932,3.187,5.137,0.511,579,269,4.55,3.1,6967.0,0.295,Physics-Calibrated Surrogate (ISO 13790 / ECBC 2017 / ASHRAE 90.1)
Office,Cold,122.3,1.239,1.222,1.3,0.675,137,1615,4.92,4.88,632.9,0.473,Physics-Calibrated Surrogate (ISO 13790 / ECBC 2017 / ASHRAE 90.1)
Office,Temperate,142.5,1.082,2.126,1.433,0.72,784,124,4.21,3.19,7214.4,0.71,Physics-Calibrated Surrogate (ISO 13790 / ECBC 2017 / ASHRAE 90.1)
Office,Warm & Humid,141.7,4.095,2.218,5.135,0.266,3290,147,5.09,4.75,2893.0,0.449,Physics-Calibrated Surrogate (ISO 13790 / ECBC 2017 / ASHRAE 90.1)
Office,Composite,132.4,0.761,1.712,3.758,0.592,2439,148,6.05,4.97,11268.3,0.444,Physics-Calibrated Surrogate (ISO 13790 / ECBC 2017 / ASHRAE 90.1)
Office,Hot & Dry,187.0,1.795,3.086,3.215,0.547,3138,408,5.67,2.95,2970.1,0.222,Physics-Calibrated Surrogate (ISO 13790 / ECBC 2017 / ASHRAE 90.1)
Office,Warm & Humid,119.8,3.134,0.27,3.963,0.602,2435,113,4.86,3.11,8155.7,0.202,Physics-Calibrated Surrogate (ISO 13790 / ECBC 2017 / ASHRAE 90.1)
Office,Hot & Dry,177.5,2.891,2.162,5.155,0.152,4309,237,6.04,2.97,10591.1,0.184,Physics-Calibrated Surrogate (ISO 13790 / ECBC 2017 / ASHRAE 90.1)
Office,Composite,176.5,0.641,1.661,4.311,0.337,1323,401,5.74,2.68,3002.2,0.608,Physics-Calibrated Surrogate (ISO 13790 / ECBC 2017 / ASHRAE 90.1)
Office,Hot & Dry,191.7,1.262,3.355,1.316,0.383,3948,114,6.58,3.15,9977.0,0.61,Physics-Calibrated Surrogate (ISO 13790 / ECBC 2017 / ASHRAE 90.1)
Office,Warm & Humid,141.1,1.894,2.819,2.08,0.658,2405,26,4.73,3.73,2020.1,0.315,Physics-Calibrated Surrogate (ISO 13790 / ECBC 2017 / ASHRAE 90.1)
Office,Cold,113.1,0.822,1.8,2.442,0.494,491,1445,4.08,4.87,1915.1,0.454,Physics-Calibrated Surrogate (ISO 13790 / ECBC 2017 / ASHRAE 90.1)
Office,Warm & Humid,115.7,0.395,0.692,2.808,0.83,3186,136,5.47,4.8,8820.7,0.298,Physics-Calibrated Surrogate (ISO 13790 / ECBC 2017 / ASHRAE 90.1)
Office,Warm & Humid,101.0,2.1,3.1,5.8,0.82,2500,50,5.5,2.8,2000.0,0.4,BEE (2014) Benchmark
Office,Warm & Humid,182.0,2.1,3.1,5.8,0.82,2500,50,5.5,3.2,5000.0,0.4,BEE (2014) Benchmark
Office,Composite,86.0,2.1,3.1,5.8,0.82,2200,200,5.5,2.8,2000.0,0.4,BEE (2014) Benchmark
Office,Composite,179.0,2.1,3.1,5.8,0.82,2200,200,5.5,3.2,5000.0,0.4,BEE (2014) Benchmark
Office,Temperate,110.0,1.8,2.0,5.8,0.82,800,200,5.0,3.0,3000.0,0.4,BEE (2014) Benchmark
Hospital,Warm & Humid,280.0,2.1,3.1,5.8,0.82,2500,50,5.5,3.2,8000.0,0.3,BEE (2014) Benchmark
Hotel,Warm & Humid,220.0,2.1,3.1,5.8,0.82,2500,50,5.5,3.2,5000.0,0.35,BEE (2014) Benchmark
Office,Composite,95.0,0.8,0.4,2.8,0.35,2000,200,5.5,4.5,15000.0,0.4,IGBC (2022) LEED Platinum
Office,Warm & Humid,85.0,0.8,0.4,2.8,0.35,2600,50,5.5,4.5,20000.0,0.35,IGBC (2022) LEED Platinum
Office,Hot & Dry,195.0,2.5,2.8,5.8,0.82,3200,100,6.2,2.8,3000.0,0.35,TERI (2014) Hot-Dry
Hotel,Hot & Dry,240.0,2.5,2.8,5.8,0.82,3200,100,6.2,3.2,6000.0,0.3,TERI (2014) Hot-Dry
Office,Cold,90.0,0.44,0.2,1.8,0.64,200,1800,4.2,2.5,1500.0,0.25,TERI (2019) Cold Climate
Office,Cold,120.0,1.5,0.8,2.8,0.6,400,2500,3.8,2.8,2000.0,0.3,TERI (2019) Cold Climate
Hospital,Composite,245.0,1.2,0.8,3.3,0.4,2200,150,5.5,4.0,12000.0,0.3,IGBC (2022) LEED Platinum
Office,Composite,75.0,2.1,3.1,5.8,0.82,2000,300,5.5,2.8,3000.0,0.3,BEE (2014) Benchmark
