{"r2": 0.8563356442911917, "mae": 18.311275536558476}