{"r2": 0.8939900708549592, "mae": 19.47924242424243}