{"r2": 0.2463925197125929, "mae": 62.65519060533052}