{"r2": 0.8862432907264934, "mae": 15.301717108695643}