{"r2": 0.9373253403091117, "mae": 11.619896657145327}