{"r2": 0.7355138063430786, "mae": 32.13593673706055}